current_severity,monthly_rainfall_mm,vehicles_per_hour,road_age_years,drainage_condition,construction_quality,temperature_range,crack_intensity,severity_30d,severity_60d,severity_90d,weekly_growth_rate,will_worsen,road_type,rainfall_season
2.0,100.44143537929843,1022,6,0,0,19.749821135021172,2.0,2.3500339772685837,2.7613298471583985,3.2446094816340505,0.038349681473062225,1,collector,pre_monsoon
5.0,116.99916423175992,451,3,0,2,16.689361286865147,1.0,5.0,5.0,5.0,0.021802833245287243,0,highway,pre_monsoon
4.0,54.20433623178913,192,8,0,0,15.307576027144403,2.0,4.180889578075602,4.3699594160152975,4.567579444757925,0.010373696324553169,0,arterial,post_monsoon
3.0,11.8341270413469,488,1,1,1,10.530926669986556,2.0,3.1849428059328924,3.381286892354562,3.5897351208666164,0.01405635106834257,0,local,dry
2.0,90.8594230507092,834,11,0,0,16.147437949283706,5.0,2.1940515376724834,2.4069310749814945,2.640465413067416,0.021842417897802016,0,highway,post_monsoon
2.0,50.316500950168404,711,1,0,1,3.0,2.0,2.104771918706235,2.2150324148871627,2.3310690129392797,0.011985237519185978,0,local,dry
1.0,325.1356822366715,304,10,0,1,14.204506817462494,1.0,1.1400547033181412,1.299724726557815,1.4817572875311218,0.031056966911882068,0,arterial,monsoon
4.0,85.35035974252092,583,4,0,2,12.800610338313728,1.0,4.525395183588951,5.0,5.0,0.02921440123307151,1,collector,post_monsoon
3.0,74.13783822815299,464,1,0,1,3.0,3.0,3.2540923891037403,3.5297057589409624,3.82866288198181,0.019151338109340135,0,arterial,dry
4.0,121.26789194894937,662,7,0,1,14.031264913660843,3.0,4.484216485756933,5.0,5.0,0.02702149976234279,1,arterial,pre_monsoon
1.0,19.104515474367606,376,10,0,1,14.954458629380365,2.0,1.0864187544004278,1.180305709912977,1.282306259175369,0.01952847343371898,0,collector,dry
5.0,353.8873463544589,598,11,1,2,3.0,1.0,5.0,5.0,5.0,0.07882540639506412,0,arterial,monsoon
4.0,307.2746198047745,882,11,0,0,6.066142911739597,2.0,4.694847827157152,5.0,5.0,0.038080476942283364,1,local,monsoon
2.0,352.5321804145429,50,3,0,1,22.321945759254756,4.0,2.199691652132184,2.419321682230008,2.6608808541118703,0.022454732029042704,0,collector,monsoon
2.0,49.66676736870073,618,7,1,0,11.068232269487668,2.0,2.171582849035744,2.3578860351130997,2.5601724369162495,0.019391078405324485,0,local,dry
2.0,57.59081769734669,763,1,1,1,16.878130297491936,3.0,2.1294123158843483,2.2671984055199714,2.4139001036337917,0.014737270693494576,0,arterial,dry
2.0,45.983021861967146,188,7,0,0,17.634009621448378,1.0,2.0487362451964386,2.0986601011908013,2.14980050782861,0.005633532236047107,0,arterial,dry
3.0,39.07418183977865,355,8,1,0,13.969684069976338,2.0,3.1606386984814705,3.329878994112881,3.5081814700179073,0.01224546479460383,0,arterial,dry
3.0,278.6532921366926,421,5,0,2,17.086206755946392,2.0,3.3773164691680764,3.80208884430464,4.28028575703676,0.028028411543290117,1,arterial,monsoon
2.0,101.23640637760828,353,1,1,1,3.0,4.0,2.1765918534837603,2.3687760483259357,2.577929324756843,0.019939240467705524,0,collector,post_monsoon
3.0,398.6363547688078,338,4,0,2,10.847352941596712,0.0,3.6004363144927134,4.321047218239292,5.0,0.043489071460437755,1,collector,monsoon
1.0,132.15720076647438,425,14,2,1,3.0,3.0,1.2201491316714674,1.4887639035186362,1.8165139841420885,0.04752166420079923,0,highway,pre_monsoon
2.0,104.47589563668792,670,8,1,1,3.2695316771637604,2.0,2.313120136094354,2.675262382002581,3.094101642572958,0.03452084331160875,1,collector,post_monsoon
2.0,397.3521830844124,797,5,0,1,9.269927515075263,3.0,2.4380981152992205,2.9721612099128056,3.6232103221269316,0.047301219865841806,1,arterial,monsoon
3.0,49.33598550245087,760,6,0,0,8.673077805019094,2.0,3.2275714878239103,3.472405903004617,3.735812762229714,0.017207164299779948,0,arterial,post_monsoon
4.0,356.0439809087355,698,8,1,0,12.207051445712398,3.0,5.0,5.0,5.0,0.05959651554438493,1,local,monsoon
2.0,51.39656288688768,866,1,0,1,11.896747441985053,1.0,2.1648678189042383,2.3433263366635972,2.53649588771689,0.018654693966111923,0,local,dry
3.0,45.559209579217836,906,1,0,1,12.668712149906158,3.0,3.208098627260134,3.430632267409452,3.668602222570195,0.01577185032386156,0,local,dry
3.0,338.8233909738144,533,4,0,2,12.873548243153396,3.0,4.006110412172606,5.0,5.0,0.06981098746669735,1,arterial,monsoon
1.0,47.59417707231381,786,4,0,0,13.664613623014855,0.0,1.0604204649897404,1.1244915625690572,1.1924338656565197,0.013782733450858741,0,arterial,dry
3.0,33.20263159471097,584,14,0,1,7.204776612940191,2.0,3.293916456456137,3.6166285407041854,3.9709574223714874,0.02204803886076695,0,arterial,dry
2.0,400.7561004702989,456,7,1,0,8.376038403180992,1.0,2.6162386725832425,3.4223523959600635,4.476845344759318,0.06467662341379803,1,local,monsoon
1.0,309.5211232591023,490,4,1,1,11.815609703526237,3.0,1.2313017375626507,1.5161039689248028,1.8667814512627405,0.04974798145070066,0,arterial,monsoon
5.0,401.6100878496808,702,7,1,1,11.893285246635381,1.0,5.0,5.0,5.0,0.05079828882182386,0,collector,monsoon
5.0,22.413825882493857,793,1,0,0,6.590363173518507,3.0,5.0,5.0,5.0,0.013719381913283195,0,collector,dry
4.0,80.25500832892095,616,3,1,1,17.407796905065254,1.0,4.4291857015302805,4.904421494660071,5.0,0.024066696722118443,1,collector,pre_monsoon
2.0,186.88580204293402,420,4,2,1,15.62400338775413,3.0,2.46109257888955,3.0284883409326073,3.7266950905613827,0.049597665817435216,1,arterial,monsoon
1.0,94.04277569796108,402,2,0,1,7.701416573184358,1.0,1.0905454825094505,1.18928944942177,1.296974236463063,0.020430778365862757,0,collector,post_monsoon
3.0,409.7274947145774,129,11,1,1,10.95816993541657,3.0,3.4911982438370464,4.062821725923625,4.728038691522518,0.03601432313124725,1,arterial,monsoon
3.0,89.12901581187923,572,9,1,0,22.04769825398558,2.0,3.280300315653517,3.5867900536255215,3.9219161816968975,0.021060671284548183,0,highway,post_monsoon
1.0,201.67465840137092,558,2,1,2,12.802885189171407,1.0,1.1263837465390754,1.2687403444674041,1.429088502586472,0.028158698655757944,0,arterial,monsoon
3.0,337.28170209832933,291,1,0,2,13.978429776000327,3.0,3.47621537711818,4.028024449370966,4.667426843437113,0.03497517218519687,1,arterial,monsoon
1.0,57.72844679157903,594,1,0,1,8.955322244344352,1.0,1.0631938818329183,1.1303812303669492,1.201814408264907,0.014400783671360079,0,collector,dry
5.0,346.6912122534493,591,6,0,1,10.434439457358293,2.0,5.0,5.0,5.0,0.057935075381026935,0,local,monsoon
2.0,344.6939431498569,203,7,0,0,19.556629928917012,2.0,2.311332699680943,2.6711294243071984,3.0869343917405803,0.0343342581397337,1,arterial,monsoon
3.0,263.5158098598785,435,8,2,0,12.56647213646268,1.0,3.5413711389461335,4.180436514586878,4.934825740318178,0.03946940403677605,1,collector,monsoon
2.0,144.61822427726014,781,2,0,1,11.645358905635593,2.0,2.1308938188417645,2.270354233589019,2.418941901468036,0.014901956952841048,0,arterial,pre_monsoon
3.0,368.3344821683704,373,6,2,0,12.038205429682328,1.0,3.576862025614851,4.264647316761857,5.0,0.04189083494585331,1,arterial,monsoon
3.0,16.396851649146523,503,6,1,0,24.72691394207592,5.0,3.2801194638230764,3.586394565650329,3.921267539912984,0.021047535778295424,0,collector,dry
2.0,320.53146222013373,532,11,0,1,12.199037515739423,2.0,2.7881112872228857,3.886782274969828,5.0,0.08060098419325727,1,arterial,monsoon
5.0,37.81453900417668,494,10,2,0,7.849616503931994,1.0,5.0,5.0,5.0,0.021219677953149017,0,local,dry
4.0,91.29156183210485,637,1,2,0,8.723245491923809,2.0,4.523189540113126,5.0,5.0,0.0290973320468006,1,local,post_monsoon
5.0,51.09583729731141,687,1,0,0,15.903780011940519,4.0,5.0,5.0,5.0,0.01703156104804159,0,local,dry
4.0,7.303282120536224,752,6,0,1,4.857594366766117,2.0,4.391059831945631,4.820351611931598,5.0,0.0220030333485006,1,arterial,dry
3.0,150.74659298297792,437,4,0,1,14.252914907321149,1.0,3.4461581018186545,3.9586685542434505,4.547399236873601,0.03288012362965194,1,collector,pre_monsoon
5.0,445.96445123015053,604,3,0,0,8.380912361752786,3.0,5.0,5.0,5.0,0.03211342934887454,0,highway,monsoon
1.0,101.43033591456953,667,3,0,1,3.0,2.0,1.1234736848368845,1.2621931205209673,1.418040756087457,0.02753828219611802,0,local,pre_monsoon
2.0,29.23117073577128,476,9,1,0,7.099638915432026,0.0,2.119279668138299,2.2456731558921894,2.379604730283143,0.013608547984918506,0,arterial,dry
1.0,325.47888371668097,356,1,0,0,12.137669048393297,0.0,1.0954623782090203,1.2000378220713626,1.314596286507068,0.021502441495142122,0,collector,monsoon
2.0,9.851061032971394,528,14,2,0,18.975836967464083,1.0,2.3272904580861815,2.708140438149494,3.151314700431324,0.03599614272124633,1,highway,dry
2.0,110.70819276361154,378,4,0,0,16.56664705973319,3.0,2.190410399456816,2.3989488590242845,2.627341264285928,0.0214464795964424,0,collector,post_monsoon
2.0,64.07435975317848,359,9,0,0,10.531548869146235,1.0,2.1594355381767563,2.3315809217703687,2.517449351302927,0.018057696127188123,0,local,post_monsoon
4.0,273.1913671167337,544,4,0,2,16.860935349090465,0.0,4.478299695084054,5.0,5.0,0.02670514401089346,1,collector,monsoon
2.0,35.96997075386438,462,1,2,2,10.216100853804727,0.0,2.1077129845579927,2.2212270126371805,2.3408545080931726,0.012315012855600717,0,arterial,dry
2.0,286.4501698964475,535,6,0,1,4.667442076270553,0.0,2.4479167287992882,2.9961481555677043,3.6671605959876583,0.04828382269618018,1,arterial,monsoon
3.0,49.801560560081,189,1,2,0,12.105438178163382,2.0,3.1310504127275154,3.2678255623470482,3.410575525236083,0.010026390208574055,0,arterial,dry
1.0,134.37007872275967,464,7,0,1,4.470330024966076,3.0,1.0873113291567071,1.182245926512525,1.2854693897464362,0.01972385642741424,0,arterial,pre_monsoon
4.0,19.575451777302817,50,6,0,1,15.957041537425312,1.0,4.250815110774259,4.517357276496695,4.800612642924552,0.014291654961785728,0,local,dry
1.0,49.89782624572008,290,4,1,0,16.029400445034387,2.0,1.0711815125785629,1.1474298328900978,1.2291056239729827,0.01617393111682435,0,local,post_monsoon
5.0,47.4785453650634,482,7,2,0,7.6001503023486885,2.0,5.0,5.0,5.0,0.01700816768411764,0,local,dry
4.0,415.8438375932974,742,11,1,1,12.72798753412831,1.0,5.0,5.0,5.0,0.07603535142642946,1,collector,monsoon
2.0,358.681388197054,607,6,1,0,12.680246170957206,5.0,2.4975038356432897,3.118762704526472,3.8945609085080517,0.053200619569915696,1,collector,monsoon
1.0,113.14917622027082,518,4,0,1,16.35981690883621,3.0,1.133026939547848,1.283750045741163,1.4545233854705197,0.029570416366300135,0,arterial,pre_monsoon
4.0,56.670641334838834,424,8,0,0,5.77465873008076,3.0,4.232019082476561,4.477496378611438,4.737212529000825,0.013243390316064882,0,highway,dry
4.0,76.28611462748545,449,8,0,1,14.997437617840902,1.0,4.318921896912334,4.663271587907208,5.0,0.018060491349883946,1,collector,post_monsoon
4.0,339.25580371553946,761,5,0,1,5.416153744972451,2.0,4.691670383077032,5.0,5.0,0.03791650221876323,1,collector,monsoon
4.0,260.7280453916137,278,12,0,1,15.885943688364353,2.0,4.635936539882521,5.0,5.0,0.035026369668407525,1,highway,monsoon
1.0,38.03821422246339,354,5,0,0,17.31348700666573,4.0,1.0614893339080331,1.1267596060005198,1.1960433036479696,0.014021075289049237,0,collector,dry
2.0,135.74377726503965,713,12,0,2,8.652043031800538,0.0,2.345647954222251,2.7510321625735163,3.226476482070092,0.037897171526768275,1,local,pre_monsoon
1.0,93.64503627091486,431,4,1,0,18.095644332707696,1.0,1.0891721564762407,1.1862959864431046,1.2920805577733456,0.020130793077210645,0,local,pre_monsoon
4.0,34.120694977320866,887,10,0,1,4.129835184906057,2.0,4.499823161272846,5.0,5.0,0.027854416408170966,1,arterial,dry
3.0,34.85552745329884,638,6,0,0,17.497917226052742,5.0,3.1619865932374864,3.3327197386045357,3.512671710828494,0.012346174834981004,0,arterial,dry
2.0,87.01437414896547,730,8,1,0,19.192281190813205,2.0,2.256982993977157,2.546986117551045,2.874252176604306,0.028607297820604442,0,highway,post_monsoon
1.0,53.093184248781796,174,1,2,1,13.729075970757659,2.0,1.0399047039651639,1.0814017933288753,1.1245548117590616,0.009171924901413733,0,collector,dry
2.0,45.65222606561166,711,15,1,0,11.022371094853195,1.0,2.1872048528773025,2.391932534225011,2.6158232233060246,0.021097489762592028,0,arterial,dry
2.0,269.55368660608247,330,8,0,1,13.562099100499616,1.0,2.2078044976600557,2.437200349943986,2.690430947152497,0.023333388611362665,0,collector,monsoon
4.0,333.2378482584298,643,11,0,1,8.981208156344366,3.0,4.987502521681411,5.0,5.0,0.052831164717133894,1,collector,monsoon
3.0,37.623756479976734,427,1,0,2,25.12313339581372,1.0,3.1381865955806596,3.28273836956071,3.433948516051244,0.010563058979964065,0,local,dry
4.0,339.4854943720125,544,7,0,2,9.067343547828543,3.0,4.7607691469404605,5.0,5.0,0.04146336433226597,1,highway,monsoon
3.0,29.306223846356993,278,6,0,0,18.587005848286594,1.0,3.2206606617817597,3.4575516994495064,3.7118669148312318,0.016698540060346087,0,highway,dry
1.0,46.540766121639095,155,2,0,0,8.29386291287929,0.0,1.0244896677882949,1.0495790794049709,1.075282922377143,0.005661372830298442,0,highway,dry
4.0,54.08514817782758,530,12,0,1,19.984041397518247,3.0,4.447602750729796,4.945292557074812,5.0,0.025058693101870436,1,arterial,dry
4.0,69.25809682313513,441,7,0,0,22.06164290877585,0.0,4.416976378383916,4.877420081800374,5.0,0.023407322231049178,1,local,post_monsoon
3.0,48.16662000503518,321,6,0,1,13.929954055096717,1.0,3.2335932641644303,3.485375132683192,3.756761850710193,0.01764967580871082,0,arterial,dry
4.0,63.72631236366224,163,9,1,0,13.433286342835752,0.0,4.324762676233398,4.675893051435365,5.0,0.018381576925232672,1,arterial,dry
3.0,103.67135120533543,50,3,0,1,7.217104876077107,2.0,3.1257756492442637,3.2568244698027997,3.393367540524151,0.009629104367867198,0,local,pre_monsoon
3.0,60.41728108187341,604,7,0,1,6.6216619521585764,3.0,3.241656926124012,3.502779875562592,3.784936881435094,0.018241247336854848,0,collector,post_monsoon
3.0,52.459835369431126,448,7,1,1,13.489573025828141,1.0,3.1699688329354947,3.3495674672608073,3.539341491677148,0.012941906556217768,0,highway,dry
1.0,166.28664316617355,379,7,1,0,19.290962385905605,2.0,1.0972251355547458,1.2039029980931304,1.3209526302774999,0.021885745663162304,0,arterial,pre_monsoon
1.0,58.57424816283471,542,11,0,0,9.258987554254848,1.0,1.0943889786770182,1.1976872366497269,1.3107357116915948,0.021268803581724623,0,local,dry
1.0,120.35209109165808,702,5,0,0,23.03964608897093,1.0,1.075849365235984,1.1574518566786696,1.2452438452989578,0.017205444091475026,0,arterial,pre_monsoon
3.0,289.7809843774642,553,4,1,1,8.94927030185081,1.0,3.493752249541228,4.068768260391463,4.738422754201541,0.036191117384375054,1,arterial,monsoon
2.0,309.6575025527803,411,4,1,2,13.146959703749854,4.0,2.4440955345481874,2.986801490999195,3.6500140933665004,0.047901774476646175,1,collector,monsoon
3.0,54.65474211492935,926,4,0,1,13.160082332018279,2.0,3.229648615137348,3.4768767257528626,3.743030034110336,0.0173598738964562,0,collector,dry
5.0,52.63103290566852,372,11,0,2,11.492328123822414,1.0,5.0,5.0,5.0,0.01906919378197684,0,collector,dry
2.0,5.0,218,6,1,0,3.0,1.0,2.1710363795226013,2.3566994806053025,2.558240153998066,0.01933121670520928,0,highway,dry
3.0,95.5322468634255,519,11,0,1,8.904634497845521,2.0,3.47435887346235,4.023723193868857,4.659952794324845,0.034846173650192026,1,local,pre_monsoon
4.0,34.08100799891329,448,8,0,2,12.998196461514361,1.0,4.338988482541104,4.706705262906088,5.0,0.019162224525958164,1,arterial,dry
2.0,301.22981161690865,689,3,1,0,11.52007452009893,1.0,2.319544585791706,2.690143542737808,3.11995394478,0.03519056120725215,1,arterial,monsoon
1.0,114.20472559371444,394,1,0,2,15.181013297013912,1.0,1.098729923119145,1.2072074439574025,1.3263949420881764,0.02221258203304699,0,collector,post_monsoon
2.0,102.52859076323062,466,1,0,1,15.78417955995926,3.0,2.1649984242503475,2.3436090885032437,2.5369549918341576,0.018669033112631413,0,collector,post_monsoon
2.0,120.59653530805355,326,3,1,2,10.79960769410545,1.0,2.195573676364434,2.410271884172218,2.6459647508849136,0.02200778634498121,0,collector,post_monsoon
5.0,313.1862461125729,661,11,1,0,7.187848138422769,2.0,5.0,5.0,5.0,0.05256056333689148,0,arterial,monsoon
4.0,316.64886904083136,528,12,0,1,19.741588526917067,2.0,5.0,5.0,5.0,0.05972461259987769,1,local,monsoon
3.0,27.284920761774476,444,7,2,0,5.222688347421741,2.0,3.3470908914739272,3.7343391452625765,4.166390846260967,0.02587424140092157,1,arterial,dry
4.0,400.6912418708417,470,10,0,0,9.023463882839257,4.0,4.89845588694402,5.0,5.0,0.048414814364748045,1,collector,monsoon
4.0,67.73838174684508,495,4,1,2,7.750200380130995,2.0,4.643576357971669,5.0,5.0,0.03542410993797232,1,collector,pre_monsoon
2.0,152.25310361426818,212,4,1,1,15.732288109010538,3.0,2.173375203537323,2.3617798876754508,2.5665169220434945,0.019587336582024956,0,arterial,pre_monsoon
4.0,447.2596139507066,732,10,2,1,18.585109872402953,4.0,5.0,5.0,5.0,0.07520315066149265,1,local,monsoon
3.0,21.562075714322017,720,7,0,1,11.131533122445276,2.0,3.2865508336092946,3.600472127299316,3.944378223787531,0.021514313803266166,0,collector,dry
4.0,31.93067237463854,508,9,0,1,13.148883801674563,1.0,4.425929912309519,4.897213897169035,5.0,0.023891001548788274,1,collector,dry
4.0,132.89427023907461,486,7,2,2,14.143859104945747,4.0,4.624187687654921,5.0,5.0,0.03441372523279101,1,collector,post_monsoon
2.0,60.62475454317734,300,5,2,2,21.020020492944305,2.0,2.2585531252934063,2.550531109886307,2.88025500469589,0.02877422163161758,0,highway,dry
1.0,190.3216133649788,845,6,0,1,3.132132788934113,2.0,1.1959381249142846,1.4302679986234954,1.7105120283986899,0.04263435888002926,0,local,pre_monsoon
2.0,102.66620964523207,797,8,2,2,15.721109495634643,2.0,2.2274736867672136,2.4808195126201618,2.762980092990037,0.025453417786444374,0,collector,post_monsoon
3.0,311.78062533836345,578,7,1,0,13.882623739697516,1.0,3.639178147851787,4.414539197267321,5.0,0.046098263004188386,1,arterial,monsoon
4.0,251.4834908503213,664,3,0,0,10.145802373770898,1.0,4.457304658107936,4.966891203797676,5.0,0.02558000040806575,1,arterial,monsoon
4.0,46.214003496870866,746,6,2,0,13.631133678601477,1.0,4.3421960107636695,4.713666548972981,5.0,0.019337967940918657,1,arterial,dry
1.0,23.388624315989347,705,1,0,2,15.70414487914959,5.0,1.0713811330145135,1.1478575321794626,1.2297929033656763,0.016218114172044572,0,highway,dry
3.0,55.99973694530429,328,5,0,1,14.915813562414016,1.0,3.12205514062241,3.249076100362272,3.3812649138031476,0.009348573014199398,0,collector,post_monsoon
3.0,295.10502331278036,437,3,0,2,22.792503029581493,1.0,3.2450303669773852,3.510074027535127,3.7967656032300336,0.018488397183185828,0,local,monsoon
2.0,410.1171779113157,593,1,2,0,12.637407938968426,3.0,2.529584793011551,3.1993996125176456,4.046576303295843,0.056341861700292914,1,arterial,monsoon
1.0,25.57833334038432,540,15,0,0,12.134525916451633,3.0,1.093804149465798,1.1964075173885977,1.3086355069717222,0.021141434745440026,0,collector,dry
2.0,45.73010808179144,650,3,1,1,11.093506071651126,0.0,2.132049460306054,2.2728174505956678,2.4228796094583376,0.015030358990143348,0,highway,dry
5.0,104.06518185191631,628,3,1,0,14.76489418572944,1.0,5.0,5.0,5.0,0.025258495477072193,0,arterial,post_monsoon
2.0,145.63107961048263,549,13,0,2,11.839708692570262,3.0,2.4067956701255,2.8963326988674276,3.4854404994385146,0.0441482205777199,1,collector,pre_monsoon
3.0,226.81788332961077,50,2,0,1,12.066045725323834,3.0,3.290670201470684,3.60950345828237,3.959228490758392,0.021812922809572515,0,highway,monsoon
4.0,37.53742571569534,734,1,0,1,12.089149300031284,1.0,4.160196771863063,4.326809295154963,4.500094515542693,0.009204640890870941,0,highway,dry
2.0,314.9730140066561,667,6,0,1,11.326957152549534,2.0,2.5742287770630776,3.3133268983298336,4.264630724748904,0.06066279153060411,1,local,monsoon
5.0,69.04803379741158,913,5,2,1,8.956635989237961,1.0,5.0,5.0,5.0,0.026351131457236363,0,local,post_monsoon
5.0,307.8596655877947,404,4,2,1,14.090532690984555,2.0,5.0,5.0,5.0,0.05458583992539888,0,local,monsoon
2.0,45.75350697560597,131,3,2,0,10.574762174916907,5.0,2.0998995558985163,2.204789072431393,2.3149177970242922,0.011438131766243573,0,arterial,dry
3.0,233.48537863329145,463,6,0,2,15.06839751410222,0.0,3.567287254878046,4.241846119605116,5.0,0.041239399603745314,1,local,monsoon
2.0,376.7557751162227,591,13,1,1,12.553838144639986,2.0,2.65795444303271,3.5323609106186615,4.69442718838697,0.06861375168386372,1,highway,monsoon
2.0,79.76609902032868,411,1,2,0,10.067125618354767,3.0,2.1951392162035392,2.409318089257344,2.6443943110186874,0.021960594617101124,0,collector,pre_monsoon
1.0,33.44466683877881,774,10,2,1,19.824152025175323,1.0,1.1069793911364534,1.2254033724008329,1.3564962790768307,0.023998274845986663,0,arterial,post_monsoon
3.0,282.24675962915825,367,13,0,1,11.488437072265118,3.0,3.303428313666253,3.6375462078439535,4.0054577117536745,0.0227359314701125,1,collector,monsoon
3.0,56.91498818687298,479,4,0,2,15.114115072809032,0.0,3.1828029106148934,3.376744789272879,3.5825043812337984,0.0138973347664176,0,local,post_monsoon
1.0,242.41266497570177,450,8,2,2,8.500085470039494,2.0,1.24251231149616,1.5438368442195307,1.9182362858841464,0.05197034396478055,0,arterial,monsoon
2.0,24.106172744468736,1054,6,1,0,3.0,6.0,2.2070482667843767,2.4355310259579612,2.6876672647700466,0.02325159022205365,0,local,dry
5.0,55.35521273743909,318,1,2,0,9.165004161614764,4.0,5.0,5.0,5.0,0.019397559895085372,0,collector,dry
2.0,23.14175841801693,616,11,1,0,3.0,1.0,2.1679605362085006,2.350026443278725,2.54738229403735,0.018994065115154758,0,collector,dry
1.0,113.99348137592547,259,7,0,0,10.815685665903759,1.0,1.1030153993471103,1.2166429711968652,1.341975932737565,0.023141500964497876,0,collector,post_monsoon
3.0,290.650629488947,568,4,1,1,19.34323507269527,2.0,3.5347948734643597,4.164924932489972,4.907385099909816,0.039018685138977306,1,arterial,monsoon
5.0,287.7212882706827,309,1,0,1,7.473574889616746,3.0,5.0,5.0,5.0,0.028807099717387097,0,collector,monsoon
2.0,38.45752740521064,719,9,0,2,3.0,1.0,2.2057535896522764,2.432674449131951,2.682940199314088,0.02311150041374546,0,collector,dry
3.0,56.19974754451303,681,7,0,2,19.501284955062633,3.0,3.260865573695907,3.544414763238379,3.852620026781187,0.019645913231121182,0,collector,dry
4.0,302.7106381693329,554,9,0,1,9.62322618337874,5.0,5.0,5.0,5.0,0.0709049893035854,1,arterial,monsoon
2.0,115.40748800971033,221,9,1,1,11.921308089156561,0.0,2.1489622841670912,2.309019449386321,2.480997855069734,0.016903447001953273,0,collector,pre_monsoon
4.0,28.72384652969218,489,3,1,1,15.941399845655386,4.0,4.2305989981455925,4.474491970777622,4.732445312195575,0.013164046523827131,0,collector,dry
2.0,326.31671743458065,439,1,1,1,14.615863824945746,2.0,2.2072274132553127,2.4359264269128698,2.688321793077575,0.023270969702384164,0,highway,monsoon
3.0,29.729786612310185,666,6,0,0,15.752562098059345,1.0,3.220694200044082,3.4576237100658638,3.7119828763146767,0.016701010435098886,0,local,dry
3.0,13.478781364200785,319,6,2,0,16.502144947727118,4.0,3.2202698433298047,3.4567126212864547,3.7105158037954302,0.016669751544267045,0,local,dry
3.0,154.50410411038848,731,7,1,2,3.269426837052727,4.0,3.639869158190158,4.4162158295813105,5.0,0.04614460757732153,1,collector,pre_monsoon
1.0,64.56632527807167,693,13,0,1,4.928261299299903,2.0,1.1571021820356833,1.3388854596717394,1.5492272868820185,0.03463396879065922,0,collector,dry
4.0,99.59558514366645,225,6,0,1,17.855848313144207,4.0,4.367911394025521,4.769662486514492,5.0,0.02074335175911725,1,arterial,post_monsoon
2.0,43.185430807121165,456,9,1,2,8.091304284541566,1.0,2.158098036473871,2.3286935675161886,2.51277450780301,0.01791053049015763,0,local,dry
2.0,35.76081414987043,489,8,0,0,8.636770775182203,3.0,2.124758058103737,2.257298402738382,2.3981064853815353,0.014219323767375076,0,collector,dry
1.0,39.22561863836246,701,1,0,1,5.68578738917841,2.0,1.0823795380328871,1.171545464352286,1.2680568384901516,0.01864275459589661,0,local,dry
3.0,298.2500598270759,362,1,2,0,9.97526055326259,1.0,3.28964531427025,3.607255431233404,3.955530308910959,0.021738656517038893,0,collector,monsoon
3.0,128.45802909615486,541,11,0,1,10.253419681577645,2.0,3.295399397382513,3.6198857294230096,3.9763230837780483,0.022155384505534143,0,arterial,pre_monsoon
1.0,360.4816986685172,719,3,1,0,7.312696561574212,2.0,1.106996320290549,1.2254408531368157,1.356558515156166,0.024001928851403283,0,arterial,monsoon
3.0,22.430976847620773,550,8,1,1,6.734586275621277,2.0,3.1853790134467284,3.382213153102284,3.591210265631834,0.014088755736572782,0,local,dry
2.0,43.80586754656289,128,2,0,0,13.593315460878529,1.0,2.0679706787186287,2.1382513640199927,2.210920562261729,0.00782862407592376,0,arterial,dry
3.0,120.20954748767817,401,9,0,1,7.961653665557854,6.0,3.2517409838900266,3.524606475436694,3.820369109420558,0.01897945492354538,0,arterial,pre_monsoon
2.0,74.09613580356934,680,7,2,2,8.968438715108693,2.0,2.3141886835164645,2.6777346314578336,3.0983915907899253,0.03463233301264988,1,highway,post_monsoon
3.0,59.90154058182091,655,5,0,0,3.0,2.0,3.2431559710103413,3.506020217433343,3.7901901342173066,0.018351096837385016,0,local,post_monsoon
2.0,38.55917370744886,50,9,1,0,21.691001212655124,1.0,2.0644585722995705,2.1309945983705907,2.1996750330651236,0.0074289833922433525,0,arterial,dry
5.0,341.543305608822,540,8,2,2,16.709120147373504,1.0,5.0,5.0,5.0,0.08069278970274608,0,arterial,monsoon
1.0,82.48074058452683,689,4,0,1,9.52596973336529,1.0,1.153764952957205,1.3311735666723412,1.5358614075295887,0.03393692747004998,0,arterial,post_monsoon
2.0,150.88700771468254,607,7,1,1,7.504595321711399,2.0,2.483607866638915,3.084154017615351,3.82991459003775,0.051830372441448454,1,collector,pre_monsoon
1.0,34.73001054200798,630,9,1,1,12.054443986165625,0.0,1.142559547035491,1.3054423185219464,1.4915455841313965,0.031585106755581405,0,local,post_monsoon
5.0,16.879635174827822,912,11,0,0,11.91733205201173,3.0,5.0,5.0,5.0,0.029888016555088652,0,arterial,dry
4.0,86.39248845120356,491,6,1,1,5.620167152426764,2.0,4.45234213263114,4.9558376165006015,5.0,0.02531346053284116,1,local,post_monsoon
2.0,232.4744964481584,560,14,0,0,3.0,4.0,2.400155669171695,2.8803736181285147,3.4566725344418714,0.043475356016346216,1,arterial,monsoon
3.0,74.89231978499585,312,4,0,2,9.369620462416655,3.0,3.3042370285603977,3.6393274469698813,4.008400169778019,0.022794347239650126,1,arterial,post_monsoon
4.0,200.9187235132454,373,1,1,1,4.183127345502434,1.0,4.512027571303418,5.0,5.0,0.028504214894292786,1,highway,monsoon
3.0,105.74029746953434,433,1,1,0,12.856899733617709,1.0,3.239511018805545,3.4981438803208467,3.7774252152221894,0.01808392817774027,0,arterial,pre_monsoon
3.0,80.34132280187642,669,6,0,1,12.890407833303373,4.0,3.2331807838898747,3.4844859937715817,3.7553243855985636,0.017619384773591866,0,local,post_monsoon
2.0,25.115954303080077,350,7,2,0,7.133936508290458,0.0,2.111368563368564,2.2289386051905167,2.353055450338916,0.01272441357624987,0,local,dry
1.0,30.505044515555614,746,7,2,0,9.327078661722735,2.0,1.1338348631980972,1.2855814970034478,1.4576371207849093,0.029741671755973614,0,arterial,dry
4.0,370.767108157756,281,4,0,1,20.815208459890417,2.0,4.74834859792905,5.0,5.0,0.040828736319252226,1,collector,monsoon
5.0,313.79223260918457,627,15,2,0,15.875642631354813,2.0,5.0,5.0,5.0,0.08653573474850307,0,collector,monsoon
3.0,63.27758770676964,610,13,0,1,9.73873614645548,1.0,3.3781681984296954,3.8040067922939107,4.283524924112615,0.028088899613943053,1,highway,post_monsoon
2.0,5.0,551,2,1,2,23.459796634679897,4.0,2.127946150402787,2.2640774095070197,2.4089174038871883,0.014574202866495356,0,collector,dry
2.0,478.20014851673534,696,6,1,2,6.015312940141777,5.0,2.526542275627902,3.191707935267508,4.031992514955201,0.05604526560071927,1,collector,monsoon
4.0,389.21017098689265,351,7,0,1,7.936526375917226,1.0,4.84668140284562,5.0,5.0,0.045818641773276846,1,arterial,monsoon
4.0,36.50839934960242,406,9,1,2,11.447429146460363,3.0,4.509132122637689,5.0,5.0,0.028350174775080166,1,collector,dry
4.0,122.9737737742848,307,1,0,0,4.344964673118422,2.0,4.292356954645057,4.606082056522448,4.942737087244985,0.01659592047643557,0,arterial,pre_monsoon
4.0,32.84635108604017,501,1,1,1,20.951545823139234,2.0,4.324886811722534,4.6761614835528755,5.0,0.01838839742534567,1,arterial,dry
3.0,52.58306291017041,476,2,0,0,12.915760193546403,3.0,3.1423832050400575,3.2915240691059413,3.44774331791454,0.010878223620003829,0,highway,dry
1.0,61.866498979631075,671,13,1,0,8.050255715501027,2.0,1.187455550393106,1.410050684159394,1.6743725112406689,0.040904096597303104,0,arterial,post_monsoon
2.0,291.1655352078515,577,4,2,1,14.238934757023808,3.0,2.5439884545795746,3.235938628517087,4.116095255337766,0.05774228436782777,1,arterial,monsoon
4.0,207.50647615714803,637,10,1,0,12.730279241489457,1.0,4.629982965450435,5.0,5.0,0.03471606921439764,1,local,monsoon
3.0,103.86667040073468,460,9,1,0,10.476744579370767,1.0,3.3828705397336467,3.8146043628659387,4.3014375732928745,0.028422639970638746,1,local,post_monsoon
1.0,56.14052626444441,581,6,0,0,5.957424165892599,0.0,1.0589514450034239,1.1213781628748392,1.1874850259715957,0.013454863184456774,0,arterial,pre_monsoon
1.0,61.66344772077589,862,10,0,0,4.818940372354465,2.0,1.151685018501643,1.3263783818411294,1.5275701112308804,0.03350171285346608,0,arterial,post_monsoon
3.0,144.55646149319995,230,2,0,0,22.934004987216134,1.0,3.1941289630125835,3.4008199441186138,3.620885827166699,0.014738048229697034,0,arterial,pre_monsoon
1.0,73.09669783797088,132,5,2,0,5.236325574450014,1.0,1.0672294903633814,1.138978785101283,1.2155517483583456,0.015297906610035685,0,arterial,post_monsoon
2.0,56.53790434684022,627,1,0,0,20.48982759675688,2.0,2.069095031434174,2.140577124552792,2.2145287464069163,0.00795645360102824,0,local,dry
3.0,83.02584696256856,330,7,0,2,7.776204261920221,2.0,3.3938202807691926,3.8393386993867615,4.343341847573601,0.0291984023444156,1,collector,post_monsoon
3.0,69.70294512534385,223,3,1,0,15.950162837701612,1.0,3.2421678216234344,3.5038840611901483,3.7867267179633126,0.01827868995953899,0,local,dry
3.0,42.56176221400312,606,15,2,0,14.327165450403898,2.0,3.3702207423641246,3.7861292840871315,4.253363815500895,0.027524032427366785,1,collector,dry
2.0,243.8610453647301,299,7,2,0,15.327093501482084,0.0,2.360462735946598,2.785892163896249,3.2879973196213643,0.03942303158912895,1,local,monsoon
4.0,200.38886081700008,807,10,2,0,15.660071361200952,2.0,4.756708426333567,5.0,5.0,0.04125602160010895,1,collector,pre_monsoon
2.0,310.41509012050483,531,9,2,0,3.942171888312446,0.0,2.5160063025827126,3.165143857317966,3.98176094679648,0.055016058456297756,1,highway,monsoon
2.0,172.33486648079665,459,6,0,1,8.618270037629115,1.0,2.2866093770890643,2.614291221695819,2.988931410985643,0.03174204659994917,0,collector,pre_monsoon
4.0,340.3385536200957,335,10,0,2,5.159760203911429,2.0,5.0,5.0,5.0,0.06384734614596577,1,local,monsoon
3.0,26.023499367306453,543,7,2,1,12.946505304237986,1.0,3.3569803841725676,3.7564390999064665,4.203430790908287,0.026580699007752114,1,collector,dry
4.0,44.233266324559644,181,8,0,2,5.383278339378869,2.0,4.273096755565762,4.56483897060666,4.8764996487448675,0.015529721079196836,0,collector,dry
3.0,18.870050983621134,50,16,2,1,3.0,0.0,3.290964338207881,3.610148758452013,3.9602902732303438,0.021834233533745657,0,local,dry
3.0,88.46034557282312,189,7,0,0,10.812613317282127,1.0,3.2034414825647315,3.420679110738841,3.652648453961146,0.015427590142097367,0,arterial,pre_monsoon
1.0,38.21681855290274,727,4,1,1,3.0,0.0,1.1054631608372052,1.2220487999681846,1.3509299291101429,0.023670836304634575,0,collector,dry
2.0,119.25907070745023,315,4,2,1,13.293690973604782,1.0,2.244465487555852,2.5188126624146645,2.826694045204192,0.027273342512624185,0,local,pre_monsoon
2.0,130.49243445743946,213,6,0,0,5.711852383111292,1.0,2.1320467755950645,2.2728117266626553,2.4228704566828827,0.015030060756734942,0,local,pre_monsoon
2.0,9.202682352287422,482,7,2,2,7.797101259598861,2.0,2.194793492030933,2.4085592363306687,2.643145068534773,0.021923036411549943,0,collector,dry
5.0,372.74084927342045,944,7,0,2,3.0,0.0,5.0,5.0,5.0,0.059241184921932734,0,collector,monsoon
2.0,56.413254389796094,718,1,0,1,20.25051106904273,0.0,2.1070678292808442,2.2198674185951446,2.3387056114952713,0.012242703213792745,0,arterial,post_monsoon
4.0,33.92621963944751,339,1,0,0,4.685425565109606,3.0,4.139843582858639,4.284576222633962,4.434368845134978,0.008050415343234975,0,highway,dry
3.0,336.8727009550439,336,3,0,0,10.179993827260525,2.0,3.329564368243739,3.695332960759442,4.1012829849804255,0.02461829027210017,1,collector,monsoon
4.0,303.61959511864495,340,7,0,1,3.0413070376937696,2.0,4.933818673579568,5.0,5.0,0.05017597431769146,1,local,monsoon
3.0,156.48497330346763,317,7,0,0,7.821660958096139,4.0,3.3850525257028607,3.8195268672557727,4.309766356331362,0.028577381767731978,1,arterial,pre_monsoon
3.0,336.8715210746165,608,8,0,0,20.759108905121053,2.0,3.5801100254781164,4.2723959315096405,5.0,0.04211151429719173,1,arterial,monsoon
3.0,119.95456491155862,432,8,0,0,13.48738367632674,4.0,3.2129385888965087,3.4409914586734303,3.685231413878384,0.01612921872905921,0,collector,pre_monsoon
2.0,228.18325184421275,277,5,2,1,8.381845018447102,1.0,2.3585567538124015,2.7813949804770464,3.280038958112025,0.039227135725160095,1,local,monsoon
4.0,41.04859981688235,232,2,2,1,11.829132601722684,2.0,4.292595542468631,4.606594122805391,4.943561349379155,0.01660910511834457,0,collector,dry
2.0,265.48984930926855,960,9,1,1,9.197204716566944,4.0,2.459471358872308,3.0244996825565993,3.719335172083172,0.04943629561514166,1,arterial,monsoon
1.0,356.24644732634266,647,7,1,0,11.537897100862066,0.0,1.3434589531895706,1.804881958905217,2.4247848271415444,0.07131954235509992,1,arterial,monsoon
3.0,40.09805271602794,328,2,0,2,15.719343595164805,2.0,3.194526611146994,3.4016667564420993,3.622238325236122,0.014767523412551496,0,arterial,dry
2.0,115.66536475666712,742,9,1,1,10.344510050464804,3.0,2.2702087480463846,2.576923879853166,2.9250775675461442,0.030010580768269936,0,arterial,pre_monsoon
5.0,115.25780766476613,269,10,0,1,13.099957369625523,1.0,5.0,5.0,5.0,0.019086784962382693,0,arterial,post_monsoon
5.0,152.68139508463824,472,10,0,1,13.182477488241275,2.0,5.0,5.0,5.0,0.030479365817396572,0,local,pre_monsoon
5.0,233.21010778755877,450,10,0,1,10.369271763511282,1.0,5.0,5.0,5.0,0.031183781647831463,0,collector,monsoon
2.0,79.89369758200145,536,3,1,2,8.320370051649721,4.0,2.2658133224788344,2.566955006161287,2.9081204255819917,0.02954491299524391,0,collector,post_monsoon
1.0,385.0700318174555,311,10,2,1,9.374083216977697,3.0,1.2535251111990013,1.5713252044064685,1.9696956015834122,0.05413858184155798,0,highway,monsoon
5.0,318.48867898823124,525,6,0,1,15.495926257675384,1.0,5.0,5.0,5.0,0.03809325348556808,0,collector,monsoon
3.0,357.66082507246847,150,15,0,1,15.912083524877254,2.0,3.5031888684001515,4.0907774158942445,4.776921968821151,0.036843484078646536,1,highway,monsoon
5.0,114.99758602923896,424,10,0,0,6.311028343657645,4.0,5.0,5.0,5.0,0.02102923484341487,0,arterial,post_monsoon
5.0,102.62613488979372,767,8,2,0,10.695053328059958,1.0,5.0,5.0,5.0,0.03479772529642133,0,collector,pre_monsoon
4.0,106.26549091229442,705,13,0,1,8.235390654488326,2.0,4.47109750857153,4.997678232788637,5.0,0.026319628688585252,1,collector,pre_monsoon
2.0,143.7641219743641,360,4,0,0,15.999762148580704,2.0,2.1599316041744974,2.3326522673559094,2.519184676905664,0.018112260623672008,0,collector,pre_monsoon
2.0,92.85331749982798,194,9,0,0,9.643984801100496,1.0,2.130377983369653,2.269255176013075,2.4171856328129406,0.014844625813363165,0,collector,post_monsoon
4.0,289.73463900216984,63,15,1,1,23.004619087856838,2.0,4.513835367536453,5.0,5.0,0.02860035263285775,1,arterial,monsoon
2.0,60.654005973829925,623,10,0,1,13.089486949485265,1.0,2.277372821374765,2.593213483768228,2.9528569539781664,0.030768090123100063,0,local,dry
2.0,52.267311687550134,555,7,0,1,17.90998227111611,2.0,2.122472377335368,2.2524444962758245,2.390375612413257,0.013964644307515161,0,collector,post_monsoon
3.0,143.52854259791255,577,5,1,0,6.9269458659831695,0.0,3.2589728837569654,3.5403014190210635,3.8459154416386507,0.019507789151467538,0,arterial,pre_monsoon
5.0,46.67816318371093,838,3,0,0,12.058610745429329,1.0,5.0,5.0,5.0,0.012590735136772719,0,collector,dry
3.0,257.84228428360166,530,5,0,0,15.080865491851117,2.0,3.298333345128754,3.626334285196078,3.986953097815289,0.02236765510960389,0,local,monsoon
3.0,73.66200819283131,545,3,0,2,6.8334987908909985,7.0,3.2812730247664055,3.588917554353225,3.9254061197366186,0.02113131090421609,0,arterial,pre_monsoon
1.0,77.9521926068598,220,6,1,0,12.101713559052886,3.0,1.1029534415616113,1.216506294252603,1.3417498039272708,0.023128090736894598,0,arterial,post_monsoon
3.0,43.81801451555422,824,6,0,0,17.259295161002683,2.0,3.168426572055253,3.346308980835267,3.53417809772853,0.012826894018472194,0,local,dry
5.0,65.77346522883566,467,10,2,0,10.36274996038257,3.0,5.0,5.0,5.0,0.0364941337858939,0,highway,post_monsoon
1.0,367.44555873395177,336,5,1,2,7.741237477136874,2.0,1.2871500947882846,1.65675536651349,2.132492827048838,0.060669657101862076,1,arterial,monsoon
3.0,57.16307737986897,541,4,1,1,21.01479727736259,1.0,3.331162298303776,3.698880752546832,4.107190702935169,0.024733007688890328,1,highway,dry
4.0,50.47022648510708,900,10,1,0,6.141273491768507,5.0,4.449158044999251,4.94875182734539,5.0,0.02514232152181779,1,collector,post_monsoon
4.0,499.56863420363845,927,9,0,0,12.779453141907936,1.0,5.0,5.0,5.0,0.056213574345203146,1,highway,monsoon
3.0,47.795999589925025,305,6,2,2,8.458618308315966,2.0,3.305531065304785,3.6421785412316625,4.013111437809242,0.022887796384355407,1,collector,dry
4.0,68.779711390512,735,9,2,0,7.31582880571224,1.0,4.73626415267975,5.0,5.0,0.04021005885230902,1,local,pre_monsoon
2.0,121.15708458959944,567,5,0,1,15.708285413516297,5.0,2.206624243648015,2.434595276327587,2.6861184801076954,0.023205715977712895,0,local,post_monsoon
2.0,41.7139784509498,697,6,1,1,10.97232044168731,1.0,2.1792157890910824,2.3744907277119345,2.5872638424401107,0.020226005808774934,0,arterial,dry
4.0,58.95046127426379,555,13,0,1,14.029432327098489,0.0,4.406401542536655,4.854093638517354,5.0,0.022835089339534397,1,arterial,dry
4.0,52.111287735736425,622,6,1,2,3.0,1.0,4.446868169681551,4.943659129631737,5.0,0.025019186766519395,1,collector,dry
4.0,48.25570705229532,764,5,0,0,14.5155989098103,2.0,4.2001406362508344,4.410295341071392,4.630965169975422,0.011457322689051076,0,arterial,dry
5.0,272.95016849841005,150,7,0,2,8.397020440918334,1.0,5.0,5.0,5.0,0.02276168514316231,0,collector,monsoon
3.0,139.63067071788652,572,1,1,1,3.0,1.0,3.3792576360773934,3.8064607236624584,4.287670488955015,0.02816625220817135,1,highway,pre_monsoon
3.0,31.631616101445154,266,6,0,2,21.423697773935878,0.0,3.1946349905011893,3.401897574178177,3.6226070081902395,0.014775556412154441,0,arterial,dry
4.0,43.78548886274611,407,8,0,0,15.005067632473136,2.0,4.240082387263972,4.494574662696537,4.764341716385624,0.013693521466342519,0,collector,dry
3.0,33.766775928360346,500,14,1,0,13.13638706339799,3.0,3.151910902216924,3.311514111837967,3.4791991439824272,0.011592555887015903,0,collector,dry
4.0,103.13226374213745,298,7,0,0,18.247094248699327,2.0,4.359155089055835,4.750558272610346,5.0,0.02026552066178069,1,collector,post_monsoon
4.0,46.88550857360056,383,8,0,1,13.23784640694268,1.0,4.188719908682989,4.386343618349308,4.593291210126081,0.010814919842129388,0,arterial,dry
4.0,63.73815001351957,219,8,0,0,8.00692994928197,1.0,4.31394393771287,4.652528074432405,5.0,0.017786574768708686,1,arterial,post_monsoon
2.0,86.34095640151753,381,16,2,2,11.125161947588115,4.0,2.3979674385699434,2.8751239182208477,3.447226768873613,0.04325329900307293,1,local,pre_monsoon
2.0,17.208821636885403,602,11,0,1,8.608168934039739,0.0,2.1724371784727112,2.3597416472052375,2.5631952429895475,0.019484640749940434,0,local,dry
1.0,66.38441526654256,673,1,2,2,9.498235535876452,2.0,1.1301952855885269,1.2773413835665322,1.443645209794021,0.02896945125197678,0,local,post_monsoon
3.0,107.0363687061174,346,11,0,1,5.711481670703794,0.0,3.3821428383929213,3.81296339309751,4.298662277673039,0.02837101592616384,1,local,pre_monsoon
1.0,240.4242702830506,765,3,0,1,7.149897120998403,2.0,1.122101085385855,1.2591108458241138,1.4128496467203402,0.02724522039979103,0,collector,monsoon
3.0,100.55391081642907,615,4,1,0,16.472927663343377,3.0,3.3649070263231033,3.7741997652661956,4.233277102963743,0.027145788977296612,1,local,post_monsoon
3.0,54.61599032951981,786,1,1,2,13.66037719401624,3.0,3.1454295981568157,3.2979091189869814,3.457780318297639,0.011106805128688424,0,collector,dry
2.0,35.9765509699032,145,14,1,1,9.484934737342456,1.0,2.1208248166397063,2.2489489514374217,2.3848133737821646,0.01378093623430964,0,arterial,dry
3.0,376.7946202144032,562,11,0,1,6.859840677684324,3.0,3.4293488532414202,3.9201445190760813,4.4811810370114,0.031702372801131876,1,collector,monsoon
1.0,58.6465536677244,622,11,0,2,9.973015105960336,3.0,1.0990244144285375,1.2078546635099896,1.3274617642788444,0.02227650470522178,0,arterial,dry
1.0,25.760807399413977,156,11,0,2,3.5807509851646557,2.0,1.0854147672411276,1.1781252169451113,1.278754508131381,0.019308555344541737,0,collector,dry
4.0,51.19261080550072,982,9,2,0,12.633152997121762,3.0,4.561350663181779,5.0,5.0,0.031116673367202877,1,arterial,dry
2.0,40.987945994796355,372,5,1,2,16.727357409962824,3.0,2.1156535756542394,2.237995026089284,2.367411089621098,0.01320361542838863,0,collector,dry
1.0,326.4619669463971,608,7,1,0,23.834863300295115,3.0,1.1945798762259936,1.4270210806841102,1.704690665935508,0.04235793945422857,0,collector,monsoon
3.0,23.95136285250687,685,4,0,1,6.483706387179408,4.0,3.2360444914115574,3.490661316798363,3.7653117752029184,0.01782962384259671,0,local,dry
4.0,160.3762500953315,520,3,1,0,16.519012229753045,0.0,4.544700782511512,5.0,5.0,0.03023722402714698,1,collector,pre_monsoon
2.0,444.6406063741972,777,4,1,2,8.46394277151062,1.0,2.637877926267575,3.479199976944861,4.588852410126752,0.06672489221220221,1,highway,monsoon
3.0,143.57922296596382,899,16,0,1,6.357718549744938,5.0,3.682705787042109,4.5207739713044806,5.0,0.049004487927044545,1,arterial,pre_monsoon
1.0,26.184611076602074,278,5,0,2,6.355509355720116,4.0,1.0595702204972577,1.1226890521646073,1.1895678865519104,0.013593010038156836,0,local,dry
1.0,89.80066709243783,523,11,1,1,12.703678632134835,2.0,1.1654327311708346,1.3582334508843106,1.5829297202316897,0.036367254997392566,0,local,monsoon
3.0,38.09606199892792,683,15,1,2,7.346031881533653,2.0,3.2278422963432054,3.472988630020726,3.7367531982333153,0.017227078307903026,0,highway,dry
3.0,287.57741966077674,173,10,1,2,8.965771143532574,0.0,3.422078640756973,3.903540741175032,4.452741131233241,0.031191609263521047,1,collector,monsoon
3.0,106.14507289248789,712,3,0,2,9.79799334631369,1.0,3.3392109568328783,3.7167766047442488,4.137033720887367,0.025310190465564594,1,collector,post_monsoon
4.0,142.4117648347237,841,4,0,0,8.300160800505447,5.0,4.4297332831375895,4.905634239934232,5.0,0.02409623664860607,1,arterial,pre_monsoon
5.0,293.2014171911236,756,7,1,0,7.937077236504271,1.0,5.0,5.0,5.0,0.038806132445568624,0,arterial,monsoon
3.0,212.89766688427648,587,16,1,1,3.0,2.0,3.604291997894106,4.330306935361162,5.0,0.04374970644909929,1,collector,pre_monsoon
2.0,120.85697288332759,807,12,1,0,12.434766450559344,4.0,2.207675278592724,2.436915067854731,2.6899585756665005,0.02331941303711341,0,local,pre_monsoon
4.0,73.42877334599068,571,9,1,2,12.33835744779226,3.0,4.555116240897817,5.0,5.0,0.030787658883758465,1,arterial,post_monsoon
2.0,116.84343945190423,236,6,2,2,8.01327575132244,2.0,2.303439495765593,2.6529167553264252,3.055416616598597,0.033508984726592306,1,arterial,post_monsoon
3.0,41.7531545487785,395,8,0,0,13.801921351941855,0.0,3.2338628782821015,3.4859563718436655,3.757701635405395,0.017669473677476955,0,arterial,dry
1.0,358.49249869616074,448,7,0,0,18.98453766032843,3.0,1.1341988410878312,1.2864070111249792,1.4590413411852123,0.029818793498566944,0,arterial,monsoon
1.0,99.77884125910565,487,7,0,1,12.117899164171419,3.0,1.0839754282822034,1.1750027291195864,1.2736740865301617,0.018993003524223163,0,highway,post_monsoon
5.0,91.41926944251148,481,3,0,1,18.65128889578114,3.0,5.0,5.0,5.0,0.018005733701937712,0,local,post_monsoon
4.0,289.60190997272485,432,3,2,1,23.1906596021356,4.0,4.935205209626365,5.0,5.0,0.050244830044049504,1,collector,monsoon
3.0,135.51630648476882,543,8,0,0,24.652623445601368,6.0,3.291199383919799,3.610664461571355,3.961138883821585,0.02185126195949779,0,arterial,pre_monsoon
3.0,50.16649849271205,800,2,2,0,6.058819567449995,1.0,3.277273667378155,3.5801742302967536,3.9110702431924684,0.020840768693951003,0,highway,dry
2.0,67.30770054041533,542,4,0,1,6.084684967906648,3.0,2.2275103801801586,2.4809012469051774,2.7631166398415905,0.02545735932251929,0,arterial,post_monsoon
2.0,43.61984804949086,625,7,0,1,9.777850016371444,2.0,2.145156341165385,2.300847864021031,2.4678391927807732,0.016482928562195402,0,collector,dry
2.0,240.03929353848778,61,8,0,0,12.643576006299202,3.0,2.117063052047314,2.240977983171944,2.372145844312415,0.013361077472376475,0,highway,monsoon
3.0,55.926930076804695,525,11,0,0,19.933259999217903,4.0,3.251125750606607,3.5232728820857924,3.8182010644543585,0.01893446682984781,0,collector,dry
4.0,41.61712492466852,717,1,0,1,15.136206105454775,3.0,4.305023726841329,4.633307322166702,4.986624488918828,0.017295125548030667,0,arterial,dry
3.0,146.94733718568688,749,1,0,1,5.983564351637501,0.0,3.2308171912175556,3.4793932410222976,3.7470944993670017,0.01744575406342617,0,arterial,pre_monsoon
2.0,86.32318010532815,729,12,1,2,8.941712957628358,1.0,2.353905050965002,2.7704344944792747,3.2606698749612186,0.038748526025310724,1,highway,post_monsoon
5.0,28.095752505199336,560,13,0,1,11.789998960172428,2.0,5.0,5.0,5.0,0.01838940596756295,0,arterial,dry
4.0,291.2168661940318,582,2,2,2,4.554200109272524,0.0,4.648597721108571,5.0,5.0,0.035685256402560955,1,collector,monsoon
3.0,13.762557972128768,365,3,1,0,12.068342287704573,2.0,3.1119909606272023,3.2281625796751383,3.3486709224613396,0.008588433808401956,0,local,dry
3.0,51.842481394750635,669,9,2,1,6.057822044703773,1.0,3.5813426174190184,4.275338314447235,5.0,0.04219522030326211,1,local,dry
3.0,102.41144851343545,366,7,0,1,3.746394332213141,5.0,3.3119138496904146,3.6562577825903944,4.036403596066497,0.02334832062768287,1,collector,pre_monsoon
2.0,364.1079267832455,636,7,0,1,7.2650736026519285,3.0,2.409457290279327,2.9027422168400987,3.4970166980834754,0.04441753633725325,1,arterial,monsoon
2.0,67.3284297388903,508,3,2,0,14.055105274461678,4.0,2.2833953689340074,2.6069472054346363,2.976345587972451,0.03140348551323548,0,collector,dry
4.0,27.12869425981632,502,9,1,0,14.020578554932596,4.0,4.386856481738736,4.811127447843291,5.0,0.021774676198561084,1,arterial,dry
1.0,29.167612577174566,700,6,2,1,12.483269583437199,0.0,1.117356088902097,1.248484629406591,1.3950019025681328,0.02623000078582795,0,arterial,dry
1.0,57.018074965121116,612,5,0,1,16.958068302704387,6.0,1.108169180637644,1.228038932915107,1.3608748980796606,0.02425497595795132,0,local,dry
1.0,73.47822996885274,556,2,0,0,16.427916171067174,0.0,1.1109729408081654,1.2342608752079434,1.3712304342542287,0.024859062106360793,0,arterial,post_monsoon
1.0,122.10426015851581,400,10,2,0,13.021906710351388,3.0,1.1072846410000112,1.2260792761945238,1.3576187511786069,0.02406415370235906,0,arterial,post_monsoon
4.0,25.65747909623996,820,5,1,2,12.331909250128522,1.0,4.3952832229537995,4.829628652494785,5.0,0.022232310535505714,1,collector,dry
4.0,260.7772292638211,566,6,2,2,12.647733526100483,2.0,5.0,5.0,5.0,0.06110361721144911,1,collector,monsoon
3.0,70.96339177091346,649,11,0,0,11.26177410031459,2.0,3.301152415934631,3.6325357577436836,3.9971847308814983,0.022571478060121906,0,local,post_monsoon
1.0,64.586981918943,516,2,0,2,3.0,0.0,1.0970704276362289,1.2035635231939383,1.32039394907774,0.02185212398424715,0,local,dry
3.0,84.87097047463992,361,6,0,1,17.6774242240991,1.0,3.2754091214583436,3.5761016376441725,3.9043986410672806,0.02070522169605669,0,local,post_monsoon
3.0,62.57302717998258,570,1,2,1,13.987614159468382,2.0,3.4081057021863534,3.8717281590917123,4.3984196054386455,0.03020760996247619,1,collector,post_monsoon
2.0,29.364488327069466,380,4,2,0,5.918362770864695,4.0,2.18742232160559,2.3924082065291943,2.6166035566771777,0.021121178111751227,0,local,dry
3.0,45.041843544183585,587,12,0,1,19.139083096362185,0.0,3.366746320084597,3.7783269279343905,4.240222760233216,0.02727676624437734,1,arterial,dry
2.0,62.47341172552032,50,1,0,2,9.050100658936147,1.0,2.11976024047787,2.246691738555399,2.381223909999918,0.013662174527823357,0,collector,post_monsoon
3.0,239.02368465728432,419,7,0,0,11.46115498670689,1.0,3.2737983913910824,3.5725853024916123,3.8986413388014878,0.020588078729474813,0,collector,monsoon
3.0,38.333309288909255,497,13,2,1,17.117877977841268,1.0,3.2976775382411905,3.624892382073493,3.9845753956351206,0.022320220162755682,0,arterial,dry
1.0,35.272625405270894,309,9,2,2,13.100696791947945,4.0,1.0916121994374213,1.1916171939606044,1.3007838659867836,0.020663589078357164,0,arterial,dry
2.0,158.8125946759788,572,4,0,2,18.676879209579496,4.0,2.2922213528382356,2.6271393652037753,3.0109924749009904,0.03233233402450003,1,collector,pre_monsoon
3.0,360.5904485863985,415,2,1,0,10.239492504786051,4.0,3.493473858526804,4.068119866736719,4.737290135932757,0.03617185131920917,1,collector,monsoon
3.0,295.43956548688254,498,1,1,1,20.45586605640168,3.0,3.2376100738561044,3.494039663444843,3.7707793376072716,0.017944500768245775,0,collector,monsoon
4.0,58.85165899742579,389,13,0,0,8.110985500837389,3.0,4.262519590585942,4.542268315032237,4.8403769196306765,0.014942625964343738,0,local,post_monsoon
3.0,60.130529964635926,694,5,1,1,18.58811164654809,3.0,3.465268022034163,4.002694154844187,4.623469352254873,0.03421373482330875,1,collector,dry
2.0,258.486854855754,609,1,0,1,3.0,2.0,2.281607014516857,2.602865284346263,2.969357845303424,0.03121494343791052,0,highway,monsoon
1.0,326.8965063055479,559,2,1,1,6.49903974332925,2.0,1.1593727595432641,1.3441451955709636,1.5583653246159286,0.035107339856968116,0,collector,monsoon
3.0,112.98276043665317,512,2,1,0,13.489830692446596,2.0,3.229094064434471,3.475682825655311,3.741102260726799,0.0173191109129144,0,collector,pre_monsoon
1.0,52.45757782950237,1006,5,0,1,9.997772869284463,0.0,1.1368429639589743,1.2924119247030257,1.4692694031353102,0.03037847671319922,0,arterial,dry
3.0,88.3804586554343,468,16,2,0,11.626256900487185,1.0,3.5363957551628955,4.16869831237805,4.9140556721494875,0.03912846426844199,1,collector,post_monsoon
5.0,103.59421961998305,360,10,0,0,12.208254600803556,3.0,5.0,5.0,5.0,0.02009812355836791,0,local,post_monsoon
3.0,136.18964323035212,265,8,0,1,6.045486959364727,1.0,3.29075727247914,3.609694475458116,3.959542782180524,0.02181923140950814,0,collector,pre_monsoon
2.0,288.88172015092545,681,11,0,2,6.420351925637165,1.0,2.512682479117417,3.156786620431825,3.9660012157356657,0.0546906849952,1,arterial,monsoon
3.0,47.62289408757856,826,14,0,1,13.160610244042104,0.0,3.2412409186024034,3.501880897474184,3.7834798856551446,0.01821075554340143,0,collector,dry
3.0,308.6485891234952,330,9,1,0,8.6683352408911,3.0,3.5319734943724423,4.158278921649827,4.895643644491604,0.03882511859684406,1,arterial,monsoon
3.0,314.8197285051964,443,12,2,2,18.70516929480584,1.0,4.015017252197513,5.0,5.0,0.07036550434139963,1,collector,monsoon
5.0,187.0506544987599,428,4,2,0,11.040264222836075,0.0,5.0,5.0,5.0,0.024658662745670815,0,collector,monsoon
2.0,63.85377529264954,475,3,0,0,15.593756215534153,2.0,2.121404436872214,2.2501783923905574,2.386769212685657,0.01384557814008358,0,collector,post_monsoon
5.0,370.18904827789646,146,2,1,1,14.214258346535537,1.0,5.0,5.0,5.0,0.02227123969267069,0,local,monsoon
5.0,143.03531084004334,661,8,1,1,8.994194714136569,2.0,5.0,5.0,5.0,0.013608501879919225,0,local,pre_monsoon
2.0,274.95677993043125,738,1,0,1,3.0,1.0,2.2504562893841125,2.532276755214254,2.8493890751165556,0.027912475065637397,0,collector,monsoon
1.0,51.69465778542277,119,12,1,1,17.924706838105237,2.0,1.0702732866842533,1.1454849081899137,1.225981897535629,0.015972828905120105,0,collector,dry
1.0,105.79429855337408,851,5,0,1,7.105454616514286,2.0,1.1670241285193297,1.361945316546301,1.5894230461334296,0.03669728595721552,0,local,pre_monsoon
1.0,20.158255379106443,823,10,0,1,9.981209722606277,6.0,1.1108034199459371,1.2338842377635897,1.3706028311251812,0.024822571086056813,0,local,dry
1.0,160.23990208649042,50,1,0,0,11.24578779216713,4.0,1.0505456136029596,1.1036460862604192,1.1594305548909571,0.011572031469607592,0,arterial,pre_monsoon
3.0,296.6859067705278,65,11,0,2,11.744942159481596,2.0,3.318732824993262,3.6713291878959184,4.061386895742013,0.023839565312198913,1,collector,monsoon
1.0,124.05847525656954,473,12,0,0,16.809793312695092,3.0,1.148974606771853,1.320142647006534,1.5168103787270855,0.032933669213444136,0,collector,pre_monsoon
2.0,342.682775625673,763,7,0,1,12.029120289616385,0.0,2.4836414706094994,3.084237477265658,3.830070051872505,0.0518336931274328,1,arterial,monsoon
4.0,467.59231910176277,557,9,0,0,11.363229548703346,0.0,5.0,5.0,5.0,0.06270703255773187,1,arterial,monsoon
1.0,45.01104043242081,504,2,0,0,17.092279782725065,0.0,1.0520006174082104,1.1067052990272557,1.1642546578656112,0.011898763992888715,0,arterial,dry
4.0,48.51093177825646,614,7,2,0,15.003261859433925,1.0,4.370710378111595,4.775777302333101,5.0,0.02089593727161971,1,local,post_monsoon
2.0,38.05744429558994,338,10,1,0,8.322147770096725,3.0,2.160957313162693,2.3348682546556625,2.522775315084784,0.018225052435221527,0,collector,dry
1.0,6.326660590623597,755,5,2,2,6.264223112605835,4.0,1.1399368248544899,1.2994559646593358,1.4812977063919914,0.03103209063185326,0,collector,dry
3.0,402.4690988856536,479,13,1,2,7.881501124000403,1.0,3.7300740911862325,4.637817575246265,5.0,0.05213737313871332,1,collector,monsoon
3.0,57.90091654596807,173,1,2,1,11.753901249058927,2.0,3.1648849292866856,3.3388322052086634,3.522339909227309,0.01256261706664005,0,local,dry
4.0,38.710907912547555,340,5,2,1,5.7697311241478895,2.0,4.354610700582376,4.740658588406634,5.0,0.02001724351248473,1,collector,dry
4.0,259.7552220226984,573,1,1,0,12.45376523581234,3.0,4.368848928903525,4.771710240895369,5.0,0.020794469450108904,1,collector,monsoon
4.0,376.66311337012337,442,8,1,2,11.354008451048296,1.0,4.880016852873137,5.0,5.0,0.04749263264251784,1,arterial,monsoon
2.0,155.52898293470176,421,6,0,0,3.0,1.0,2.2866090683464284,2.6142905157220606,2.9889302002710627,0.03174201409476993,0,collector,pre_monsoon
2.0,72.09709298423974,540,6,1,0,4.969124068663525,1.0,2.2365999957454794,2.501189770484339,2.797080515011955,0.026432218601890985,0,collector,post_monsoon
4.0,281.9846290703712,571,9,0,1,3.0,2.0,4.702539126680947,5.0,5.0,0.03847704109747877,1,collector,monsoon
4.0,123.64759080464049,253,5,1,0,10.280484694778453,2.0,4.507519708366504,5.0,5.0,0.028264360206454765,1,collector,post_monsoon
5.0,67.29454857417352,744,18,1,0,17.37006822673,1.0,5.0,5.0,5.0,0.03984207322056655,0,collector,dry
3.0,452.6413835609459,473,10,2,0,3.0,2.0,3.558518267702078,4.221017420523133,5.0,0.04064160998910196,1,collector,monsoon
2.0,97.17943687746622,583,7,2,2,5.388565901033179,3.0,2.320375247684499,2.6920706450334504,3.123307044876831,0.035277049841876684,1,collector,post_monsoon
4.0,451.4250200713054,519,4,0,1,11.181310663634093,1.0,4.931599414386437,5.0,5.0,0.050065734470210704,1,arterial,monsoon
2.0,372.9438253873988,417,3,1,1,6.681234855732862,1.0,2.3320313451776746,2.7191850974455973,3.170612440291571,0.03648818802185803,1,collector,monsoon
5.0,152.2688038205298,682,8,2,0,6.656636164666041,1.0,5.0,5.0,5.0,0.04470492516686441,0,local,pre_monsoon
4.0,40.6224412933429,516,4,2,1,14.707970530865797,3.0,4.414045721403731,4.870949907660646,5.0,0.023248841777353684,1,local,dry
3.0,152.05926658770255,514,10,2,1,9.525522777135397,5.0,3.7169193012336947,4.60516303062786,5.0,0.05127040400215139,1,highway,pre_monsoon
4.0,87.55046711207817,50,6,0,1,4.566375563010093,1.0,4.271539765679631,4.561512992445599,4.8711710347239165,0.015443368928747045,0,arterial,pre_monsoon
4.0,102.55814402825965,663,6,0,2,3.0,4.0,4.604343284666737,5.0,5.0,0.03337622237493794,1,arterial,post_monsoon
1.0,55.081165232236465,465,7,0,0,23.042038850318654,3.0,1.0528246877055683,1.1084398230423271,1.1669928105349532,0.01208366179465185,0,collector,dry
5.0,58.04659204786483,650,6,2,0,17.641545272813353,1.0,5.0,5.0,5.0,0.02152523921212816,0,arterial,post_monsoon
3.0,47.020701054196905,828,8,1,1,9.741833269689916,2.0,3.2840932646098135,3.5950895235518474,3.935536429988642,0.021336030311023296,0,arterial,post_monsoon
4.0,35.37528446185229,664,15,1,2,12.439290058319687,5.0,4.423264486292616,4.89131717892437,5.0,0.023747090912085215,1,collector,dry
2.0,28.32262652322477,510,9,2,1,9.557344689515059,0.0,2.2842624551991304,2.60892748211618,2.979737547867596,0.03149485966584242,0,arterial,dry
4.0,88.40804524054215,442,8,0,1,14.552283653956255,2.0,4.419342428781304,4.882646875706659,5.0,0.02353521178127984,1,arterial,post_monsoon
2.0,62.046558530931755,1005,10,1,0,7.728928161410597,2.0,2.206707552008944,2.4347791100466534,2.686422724806783,0.023214729481848103,0,highway,post_monsoon
1.0,70.91094644701622,596,6,1,2,9.284133917615883,2.0,1.1440305930347354,1.3088059977994084,1.497314101829876,0.031894859401973015,0,arterial,pre_monsoon
5.0,27.206679341698734,541,3,0,1,14.277004200972483,2.0,5.0,5.0,5.0,0.018974549564862175,0,arterial,dry
1.0,304.09610018668525,463,1,0,0,19.269295522232035,3.0,1.1705126467959965,1.3700998563093694,1.6037192091834946,0.037419544781032495,0,arterial,monsoon
2.0,265.8407384007308,320,1,0,1,15.707075473310525,2.0,2.2325945788873796,2.4922392768386574,2.7820799493800945,0.026003013560124525,0,local,monsoon
5.0,51.83833748590709,109,9,1,1,18.16956938795464,3.0,5.0,5.0,5.0,0.017843946398525833,0,local,dry
5.0,334.524240217278,804,8,0,0,10.437913312444104,2.0,5.0,5.0,5.0,0.04187814777953874,0,arterial,monsoon
3.0,20.048494258001814,344,6,0,0,8.884947963115284,0.0,3.2057015208572546,3.4255074136088384,3.660384775171219,0.015594702023331923,0,arterial,dry
3.0,43.43391104054131,461,16,2,0,3.0,2.0,3.353256536886601,3.7481098007242397,4.189457896749098,0.026314872862566993,1,local,dry
3.0,128.69353435974665,478,6,1,2,12.36099178670642,2.0,3.404181626858534,3.862817516213738,4.383244138867376,0.029930713383541765,1,arterial,pre_monsoon
2.0,189.99106686334403,786,1,1,0,13.895235156782201,1.0,2.342638474662324,2.74397751148411,3.2140736460054278,0.03758630541362013,1,highway,pre_monsoon
2.0,34.890654231577344,346,10,0,0,10.49997302136397,4.0,2.178682911596043,2.373329614640306,2.5853663375008282,0.02016778998732677,0,collector,dry
3.0,115.76274536794405,551,11,0,0,8.116493369501327,1.0,3.360437848566077,3.7641808446918006,4.216431926449919,0.02682730714346767,1,arterial,pre_monsoon
4.0,19.24256794113097,602,9,2,1,18.21701719921566,3.0,4.692138874079665,5.0,5.0,0.037940684448394976,1,local,dry
4.0,59.47244727165855,223,11,1,0,15.15902138598327,4.0,4.343264079395123,4.715985715840991,5.0,0.019396466312503975,1,collector,dry
4.0,37.254482725094654,204,1,0,2,18.564127252595057,4.0,4.267011840927911,4.551847512654752,4.855696808649022,0.015192108679330045,0,arterial,dry
1.0,77.71525819874347,356,7,1,0,7.232104524918978,0.0,1.0929772314500261,1.1945992284681641,1.3056697574234712,0.020961252718525333,0,collector,post_monsoon
3.0,120.53909745049413,548,3,0,0,8.458829367259884,1.0,3.2936881254648678,3.616127155942759,3.9701316912332367,0.02203150737387214,0,local,pre_monsoon
1.0,136.9574137192419,523,9,2,1,18.015886216257982,3.0,1.2049894781963193,1.451999642563838,1.7496442916342414,0.044470294333611826,0,arterial,pre_monsoon
3.0,419.77588683139027,476,13,0,0,11.763264601221046,1.0,3.742860633481537,4.669668573888605,5.0,0.052977829143404695,1,collector,monsoon
3.0,69.82420432634852,630,5,0,0,9.154479441607226,1.0,3.2875757245208255,3.602718048152877,3.94806946580015,0.021588633960628816,0,arterial,post_monsoon
4.0,19.44793385860161,328,9,2,2,9.502424881185801,3.0,4.562756304404343,5.0,5.0,0.03119080683611221,1,local,dry
2.0,323.3906389079334,465,3,0,1,11.94459736932848,2.0,2.1428543611948494,2.295912406645893,2.4599029567512574,0.01622830523317067,0,collector,monsoon
1.0,312.50470428058605,477,6,2,2,17.01475907917705,2.0,1.2287597323069848,1.5098504797391326,1.8552434713078292,0.04924190309651416,0,arterial,monsoon
1.0,307.0882205863892,334,4,1,0,11.197435739542058,3.0,1.1300801377022465,1.2770811176291281,1.443204005267264,0.02894498887201259,0,collector,monsoon
4.0,34.44678954088134,960,14,0,1,15.95266415088889,0.0,4.4218831043648,4.88826254716672,5.0,0.023672481722043056,1,local,dry
3.0,329.0081392373722,67,2,0,1,14.336888884230241,0.0,3.355006962484272,3.75202390610598,4.196022109464332,0.026439854841832554,1,local,monsoon
1.0,47.91032120128545,748,7,1,1,7.608304799095131,1.0,1.0899038859793324,1.1878904806728496,1.2946864510031957,0.02029066598098813,0,collector,dry
1.0,381.88283151663984,660,12,1,1,7.604353160064384,2.0,1.3892700844319081,1.930071367497441,2.6813904116827785,0.07973428777150765,1,local,monsoon
4.0,343.291147739284,661,1,0,2,9.748667040342609,1.0,4.636375935054567,5.0,5.0,0.03504925884763601,1,collector,monsoon
1.0,26.558729531799266,519,8,2,0,5.315811726688659,0.0,1.069125493763567,1.143029321415191,1.222041787644251,0.015718493776789536,0,arterial,dry
4.0,125.76171187496936,766,7,1,0,9.429305721003036,1.0,4.544341258425148,5.0,5.0,0.03021820668196457,1,local,post_monsoon
4.0,23.997102375065424,410,4,2,2,19.567167083656923,0.0,4.482924426518251,5.0,5.0,0.026952443964166798,1,collector,dry
1.0,71.15737394361045,578,11,0,0,11.843048320863149,2.0,1.1322581384520634,1.282008492090932,1.4515645487346156,0.02940736682136288,0,collector,post_monsoon
1.0,58.41652700488424,514,13,0,1,8.167736669562732,3.0,1.1362725039034072,1.2911152031269184,1.4670587046847798,0.03025781155679097,0,highway,pre_monsoon
5.0,38.57260972771577,453,9,2,1,21.57872325910239,0.0,5.0,5.0,5.0,0.026466696212406576,0,collector,dry
2.0,54.05809405872528,524,5,1,1,7.34691340136898,2.0,2.1949941315859425,2.4089996188483624,2.6438700131824637,0.02194483370888114,0,arterial,dry
2.0,112.64113904600117,310,1,1,1,7.19058516597306,1.0,2.1561294464425473,2.3244470949083227,2.5059044140148345,0.017693798798837704,0,local,post_monsoon
4.0,31.281160750366965,367,7,1,1,18.147428409033495,2.0,4.219171547063752,4.450352135888083,4.694199776538348,0.012524820816993174,0,arterial,dry
5.0,46.353300940532066,816,6,0,2,15.306590298001598,1.0,5.0,5.0,5.0,0.019084631573964575,0,collector,dry
5.0,27.819626881692592,1076,6,0,0,11.349705737368069,1.0,5.0,5.0,5.0,0.027639771261212986,0,arterial,dry
4.0,338.96407218379704,603,5,1,2,16.159544499945806,0.0,5.0,5.0,5.0,0.059201366484839694,1,arterial,monsoon
2.0,355.03298133704004,666,4,1,1,13.503000006145836,1.0,2.44689789342513,2.9936546504241694,3.662583628882622,0.048182002871428695,1,local,monsoon
1.0,36.854468405566706,550,7,2,1,6.069037921305871,1.0,1.0870911482910435,1.1817671646927395,1.2846886240784807,0.01967567066426126,0,collector,dry
4.0,66.58654814943854,591,2,0,0,3.0,0.0,4.377558946139796,4.790755581732141,5.0,0.02126896860029674,1,collector,dry
3.0,19.348167625642642,608,11,0,0,9.163274241463549,0.0,3.206097916937246,3.4263546176631143,3.661742800792675,0.015624003053864579,0,local,dry
3.0,59.43261373176188,707,3,1,1,17.424624179491396,2.0,3.230513353133115,3.478738841590454,3.7460374266069287,0.017423426901079123,0,collector,dry
5.0,148.15713201179818,807,7,1,0,9.857649558266925,2.0,5.0,5.0,5.0,0.023964929792930315,0,collector,pre_monsoon
1.0,451.6069730173032,323,5,0,0,14.300485991746221,4.0,1.154656220134853,1.3332309866961058,1.539423451665186,0.03412323604280366,0,local,monsoon
3.0,87.0502907248341,1065,9,0,0,12.922427242225336,0.0,3.558249405232808,4.220379609946544,5.0,0.040623263560528866,1,local,dry
1.0,104.3413330357231,527,9,0,1,3.532498526928004,3.0,1.1147044689959118,1.2425660531994576,1.3850939325240472,0.025661230877193325,0,collector,pre_monsoon
3.0,97.58691738998802,527,9,0,1,9.968021531468418,3.0,3.429620095003221,3.920764665349968,4.482244428020944,0.0317214126254933,1,collector,pre_monsoon
1.0,81.82004485905773,417,2,1,2,13.79439665223289,1.0,1.0643996663289033,1.1329466496810807,1.205908035888991,0.0146691047962299,0,collector,post_monsoon
1.0,122.7702136028579,418,6,1,2,8.064268722478166,4.0,1.1153652286300237,1.244039593236905,1.3875585053354822,0.025803060133814233,0,collector,post_monsoon
1.0,110.82296466693708,623,13,2,1,10.18730921486024,0.0,1.208986224852123,1.4616476918821881,1.7671119250724656,0.045277612611506944,0,collector,post_monsoon
3.0,14.528857781206533,627,5,0,0,13.958735460485556,1.0,3.2583058886773744,3.538852421396552,3.843554561265525,0.0194590987571294,0,local,dry
4.0,49.23158876936829,613,11,1,0,12.363149995714899,4.0,4.487682327776432,5.0,5.0,0.027206660916885155,1,arterial,dry
3.0,7.97617163858483,409,6,2,0,17.234548704623574,2.0,3.273923863179624,3.572859153965664,3.8990896146493164,0.02059720545634229,0,highway,dry
5.0,57.283500783469236,50,5,2,0,13.918354565817395,2.0,5.0,5.0,5.0,0.011703501039718366,0,local,dry
2.0,341.0997412984435,140,7,0,2,7.220750007989915,1.0,2.170667772639584,2.3558992895880473,2.556937331746633,0.019290832018606943,0,arterial,monsoon
2.0,354.1186769607662,502,3,0,2,9.61226643035232,4.0,2.462009580508629,3.0307455872581377,3.730862335956893,0.04968890466101631,1,arterial,monsoon
4.0,86.16380238743295,567,10,2,0,12.101481421131385,1.0,4.606932896896143,5.0,5.0,0.03351180644895252,1,local,post_monsoon
2.0,66.88658152499755,416,3,1,2,18.69207538257021,1.0,2.13186161700457,2.2724169770286693,2.422239265578488,0.01500949156219639,0,local,post_monsoon
5.0,115.31418299708413,361,9,1,2,9.63237184858847,2.0,5.0,5.0,5.0,0.04353822048216316,0,highway,pre_monsoon
1.0,296.8386321277581,559,11,2,2,3.33715598800986,1.0,1.2717715067544333,1.6174027653924414,2.0569667519719324,0.057699066740047995,1,arterial,monsoon
5.0,34.727683521944535,478,8,0,0,14.20283451745594,1.0,5.0,5.0,5.0,0.015369123019459516,0,arterial,dry
1.0,49.928943471010115,404,4,0,0,8.222008758280005,4.0,1.0642630903142396,1.1326559254052153,1.2054438954344895,0.014638724479958709,0,highway,dry
4.0,173.55775911349497,176,7,0,1,5.573493402125157,1.0,4.3536053010060956,4.738469779237094,5.0,0.01996228789374034,1,arterial,monsoon
3.0,44.32734766399369,331,4,2,0,12.094015064129193,2.0,3.2219194606014794,3.4602550035341757,3.7162209781768,0.016791247648962275,0,local,dry
5.0,132.37924084328898,686,6,1,1,16.864338209041517,2.0,5.0,5.0,5.0,0.025649352271328,0,arterial,pre_monsoon
1.0,48.326273868608105,307,4,0,0,9.130597301694905,1.0,1.0896324504382495,1.1872988770480644,1.2937193848004642,0.020231370625735042,0,local,dry
3.0,264.3040496806402,632,3,1,2,14.482869435913148,4.0,3.311832616239877,3.656078425996756,4.036106592915669,0.02334246383003167,1,arterial,monsoon
5.0,368.5794518088945,777,9,0,0,15.409568315212164,0.0,5.0,5.0,5.0,0.04735021871000426,0,local,monsoon
3.0,40.42126925557893,341,10,0,1,15.958982468333144,0.0,3.200224181310625,3.41381160354842,3.641654148038152,0.015189540274407227,0,collector,dry
3.0,81.4405690789899,411,11,0,2,8.338638451906991,2.0,3.4304914672493716,3.9227572356235827,4.485661741632478,0.03178257081831443,1,highway,post_monsoon
3.0,32.82241929514119,697,7,1,2,6.394589710333073,2.0,3.270388212764942,3.565146354063957,3.886470871037558,0.020339922055278823,0,arterial,dry
3.0,135.778325418744,746,12,1,1,7.076234475207024,2.0,3.424621889441732,3.9093450285478193,4.462676186048358,0.03137037789259733,1,arterial,pre_monsoon
3.0,394.5717537714989,371,4,1,1,15.95487336061235,2.0,3.6849125208185,4.5261934286949845,5.0,0.049151122816559714,1,arterial,monsoon
3.0,327.4057509022189,175,12,0,1,15.33696577335406,1.0,3.6397703129982126,4.415975977127702,5.0,0.04613797865692566,1,local,monsoon
5.0,50.013843551116,750,10,2,1,7.214246996498327,4.0,5.0,5.0,5.0,0.02404084328249688,0,collector,post_monsoon
1.0,27.720911433881653,616,7,1,0,22.66322013171818,2.0,1.0557819300866274,1.114675483897444,1.1768542338094887,0.01274627023407239,0,collector,dry
2.0,342.22041603973076,580,7,0,0,6.618180167064173,3.0,2.4027687209521895,2.88664876319311,3.4679746782878644,0.04374031974070353,1,arterial,monsoon
5.0,284.64477615229595,683,11,0,2,16.99732042350363,3.0,5.0,5.0,5.0,0.052454451528599386,0,collector,monsoon
4.0,84.12601591344348,262,9,2,1,19.598327196026055,1.0,4.5941542282026715,5.0,5.0,0.03284218672021391,1,collector,post_monsoon
3.0,63.8314783484473,578,8,0,0,12.548788029966822,2.0,3.363392063370539,3.7708020573146435,4.227561904037791,0.027037866281401556,1,collector,dry
3.0,312.9696797015375,442,5,2,1,8.151380782095845,2.0,3.6352571155201607,4.405031431979986,5.0,0.04583515998982234,1,local,monsoon
2.0,414.4488071619445,620,3,0,1,8.260609862758267,1.0,2.5281487847872137,3.195768139010533,4.039688668550588,0.05620190828829693,1,arterial,monsoon
2.0,38.6166826280888,659,7,2,0,10.68954899818563,2.0,2.218826192054673,2.46159483527392,2.730925547366141,0.024523129076196724,0,collector,dry
3.0,130.80049395714676,695,2,0,1,17.404353890340168,2.0,3.2530289215287786,3.527399054767563,3.824910380977386,0.01907361247910942,0,local,pre_monsoon
2.0,40.09177996212704,619,9,2,1,6.000620936500762,1.0,2.21854480312268,2.4609705217313254,2.729886680812571,0.02449281087758788,0,highway,dry
3.0,375.5169135630099,550,1,2,1,3.0,2.0,3.7294033950283056,4.636149894282883,5.0,0.052093227527986494,1,local,monsoon
1.0,92.69699612671553,556,8,1,1,13.810274952846518,2.0,1.149068784533772,1.3203590715899198,1.5171833935399688,0.03295342405308476,0,arterial,post_monsoon
5.0,360.5814228604945,573,5,1,0,14.908063756295402,2.0,5.0,5.0,5.0,0.035092078912547155,0,collector,monsoon
5.0,317.73877275546573,375,5,0,0,21.83984723399634,0.0,5.0,5.0,5.0,0.03608006460242393,0,arterial,monsoon
3.0,334.03190606055483,425,5,1,0,5.088405123666346,1.0,3.630021246098992,4.392351415710027,5.0,0.045483491371093955,1,arterial,monsoon
3.0,30.2958577061775,580,1,1,1,11.325966940188808,2.0,3.229486097729904,3.4765268184769065,3.7424650095521144,0.01734792839517837,0,collector,dry
2.0,46.45020070035377,630,5,0,0,17.80918716060239,2.0,2.1670698614397343,2.3480958921802144,2.5442439198570934,0.0188963673511905,0,local,dry
4.0,96.84328874442136,369,3,1,2,12.604310838013658,0.0,4.49163380493111,5.0,5.0,0.02741763322014688,1,arterial,pre_monsoon
3.0,25.19620925151503,284,3,2,1,11.02280405469238,1.0,3.0786411686759925,3.1593438151555597,3.2421619784465934,0.006056004688523245,0,arterial,dry
2.0,26.482714860488684,164,19,0,1,15.949527484647707,3.0,2.138546532891374,2.2866906366708584,2.4450971664238166,0.01575124990832357,0,collector,dry
5.0,443.1243986853161,247,1,0,1,9.00305517896701,1.0,5.0,5.0,5.0,0.016781510433925388,0,arterial,monsoon
4.0,40.351067661161956,392,8,0,0,16.257054209770743,2.0,4.243315473979691,4.501431552928873,4.775248540900879,0.013873823078893335,0,collector,dry
5.0,36.705672389025935,410,3,2,0,5.732184039048622,2.0,5.0,5.0,5.0,0.018342973824833228,0,arterial,dry
4.0,133.78425176907027,443,3,2,0,4.402841483585516,1.0,4.359146515989391,4.750539586965611,5.0,0.020265052469561565,1,arterial,pre_monsoon
3.0,50.97577713793198,258,1,1,1,10.632059905438348,2.0,3.144263340717086,3.2954639852591248,3.4539355331678996,0.011019316821623229,0,collector,dry
3.0,94.98602538265648,137,11,1,1,3.0,2.0,3.316578458520114,3.6665642238398846,4.053482640522628,0.023684446638300074,1,local,post_monsoon
5.0,107.47682656384914,525,11,2,2,12.423498183564517,3.0,5.0,5.0,5.0,0.046184596063366744,0,local,post_monsoon
4.0,335.6460090489838,525,4,0,1,3.3371932864764435,2.0,4.916549807452048,5.0,5.0,0.049317152617945045,1,local,monsoon
1.0,40.50181180302228,624,10,1,2,13.412102602831885,1.0,1.1737750918196432,1.3777479661762118,1.6171662455028097,0.03809350584131723,0,arterial,dry
1.0,337.708458760245,663,2,0,2,12.927297190584728,2.0,1.1302081316860628,1.2773704209293006,1.4436944369095446,0.028972180198957757,0,local,monsoon
2.0,122.93950512610795,578,5,2,2,11.660188069175913,1.0,2.295483547997568,2.6346223595637523,3.0238661407825638,0.03267495417982944,1,collector,post_monsoon
4.0,325.5761391609787,522,9,0,1,14.18204333769046,1.0,5.0,5.0,5.0,0.061313470130075834,1,local,monsoon
5.0,34.69810344570574,675,2,1,0,13.020987343070436,0.0,5.0,5.0,5.0,0.01838834655786311,0,collector,dry
2.0,289.39616299423506,784,4,0,0,10.534996983343643,2.0,2.225177859678884,2.475708253602549,2.754445596470334,0.025206705388704922,0,arterial,monsoon
3.0,61.88314470794238,364,7,2,2,21.15503490238566,3.0,3.38588237579433,3.821399820904885,4.3129367681551525,0.028636212896462555,1,arterial,post_monsoon
2.0,376.62293034536265,654,7,2,0,13.966553467762214,2.0,2.519840823779743,3.1747988885934864,3.9999939233842112,0.05539101566178152,1,collector,monsoon
5.0,284.10323994812916,375,2,0,0,15.859540436554388,0.0,5.0,5.0,5.0,0.02016709242964359,0,arterial,monsoon
4.0,111.69122717318503,543,15,1,0,17.365398719862963,1.0,4.656565409878771,5.0,5.0,0.03609918918627826,1,highway,pre_monsoon
4.0,356.8076099403102,713,3,0,1,15.340746895210449,2.0,4.686213114185248,5.0,5.0,0.03763467638656967,1,arterial,monsoon
3.0,43.05490634089267,445,10,0,2,22.314164594624025,2.0,3.3040264731360898,3.6388636450613703,4.007633938471752,0.022779139279929014,1,collector,dry
3.0,369.82988803915714,309,9,0,1,12.830034424105982,3.0,3.4922589721323822,4.0652909094797085,4.732349550986242,0.03608776126185734,1,arterial,monsoon
2.0,41.3084483862913,408,3,2,0,11.965193270819695,2.0,2.1316071996662185,2.2718746268344283,2.4213721556496353,0.014981226206711083,0,arterial,dry
1.0,107.66479813340051,309,8,0,1,8.752139560966924,1.0,1.0984514565160057,1.2065956023221345,1.3253866967965557,0.022152125620919068,0,local,pre_monsoon
4.0,50.329934427196235,285,3,0,1,10.718630317200091,1.0,4.252740320969299,4.521450059399515,4.807138244214339,0.01439882421121599,0,collector,dry
4.0,274.01884344409905,741,7,2,0,8.343877154744188,2.0,5.0,5.0,5.0,0.06100065327961615,1,local,monsoon
5.0,54.053487914561586,606,10,2,2,15.386059565007697,4.0,5.0,5.0,5.0,0.03746458347020582,0,arterial,dry
5.0,281.7892871437766,356,4,0,1,7.438418763406808,0.0,5.0,5.0,5.0,0.024575736945367067,0,highway,monsoon
3.0,364.46101708018693,303,8,0,0,12.36896084949064,1.0,3.5573152943644466,4.218164034506403,5.0,0.04055951416601837,1,collector,monsoon
4.0,32.67793413912361,316,4,1,0,14.797734671511876,2.0,4.267972811723406,4.5538979804025495,4.858978191930052,0.015245451241308917,0,highway,dry
5.0,52.29131810807906,356,7,0,0,12.751619432976105,2.0,5.0,5.0,5.0,0.013051638850304385,0,arterial,dry
4.0,43.75598045918959,730,7,0,2,7.520425622150365,5.0,4.318323556947104,4.661979585621071,5.0,0.018027579969671866,1,local,dry
2.0,66.54126356222558,477,5,0,1,15.494724570029923,2.0,2.1720229391473023,2.358841824091043,2.561729275872906,0.019439278632520724,0,collector,post_monsoon
3.0,318.5522533727016,926,1,0,0,11.573301457320264,2.0,3.357951045809272,3.7586117420171945,4.207078076632548,0.026649952361562628,1,collector,monsoon
1.0,107.02796438166115,492,10,0,0,3.0,1.0,1.0784642270647937,1.1630850890584632,1.2543456615820223,0.017781783741664905,0,arterial,pre_monsoon
5.0,57.068652622068754,384,14,1,1,7.083241547083067,0.0,5.0,5.0,5.0,0.022991101561961443,0,collector,dry
3.0,403.965075599233,685,7,0,0,19.005661182013665,1.0,3.550905372832518,4.202976322270281,4.9747904015458,0.0401217156778886,1,arterial,monsoon
2.0,68.49532377755303,165,4,2,1,19.42160920757342,1.0,2.1840074099056124,2.384944183261311,2.604367884226996,0.020748991308609174,0,collector,post_monsoon
3.0,91.51055669960972,537,7,2,0,14.63055605032599,3.0,3.345667390761342,3.7311634298679355,4.161077272303466,0.025772421678581812,1,collector,post_monsoon
3.0,331.28440141950637,257,11,0,2,15.920344884791653,0.0,3.8175508898486887,4.857898265528173,5.0,0.057843695471839915,1,local,monsoon
2.0,41.95130404392607,63,12,0,1,8.108530093710677,8.0,2.097030471845966,2.1987683999252576,2.305442167587631,0.01111551387979083,0,highway,dry
1.0,30.392286634660294,476,10,0,0,10.699277906304705,3.0,1.0537956221941736,1.1104852133556056,1.1702244563455,0.012301369395962077,0,arterial,dry
3.0,46.298119341876514,666,8,0,0,18.17683300229819,2.0,3.2942043770236227,3.6172608258671977,3.9719988151359353,0.022068883464949514,0,collector,dry
3.0,44.85914171077405,542,9,0,1,14.12957621281037,1.0,3.308434849301017,3.648580384023147,4.023696830992756,0.02309739173851023,1,collector,dry
4.0,57.07145641165671,518,7,0,1,12.324741919435258,2.0,4.305584196322098,4.634513817904651,4.988572363001663,0.017326026972213106,0,local,dry
3.0,46.72079197907388,50,3,0,1,11.065957285534905,3.0,3.1080802684824222,3.220054318443256,3.336062430198366,0.00829255396342902,0,highway,dry
4.0,124.2140092720457,469,5,0,2,17.872360006173537,2.0,4.396082621729494,4.831385604268015,5.0,0.022275688855299694,1,highway,pre_monsoon
3.0,60.8067714307847,470,5,1,0,17.61016076775073,3.0,3.323329106317445,3.681505449632234,4.078284738609699,0.02417024884315844,1,highway,post_monsoon
3.0,282.50992289393105,624,8,0,0,15.248358753843808,0.0,3.286960943125064,3.60137074720987,3.945854995930657,0.02154405510418669,0,local,monsoon
4.0,71.9102232179742,288,1,0,1,12.331375330412806,1.0,4.196374417350949,4.402389562649378,4.618518733978671,0.011245625345794964,0,highway,post_monsoon
3.0,363.92907356328413,665,9,0,1,10.21621757116606,1.0,3.8247321089885524,4.876191901842674,5.0,0.05830767487295932,1,collector,monsoon
1.0,43.465886816244314,398,1,0,1,15.465068598423565,2.0,1.0348552552555461,1.0709253993300214,1.1082527774833169,0.008026405884431341,0,highway,dry
1.0,321.40311287951045,440,8,1,0,6.490450775127598,2.0,1.1093045166087618,1.230556510568599,1.3650618951160645,0.024499731596975393,0,local,monsoon
4.0,41.00781513240999,605,11,0,2,7.527150762067289,4.0,4.513091719049278,5.0,5.0,0.028560809336739237,1,arterial,dry
3.0,415.37138216623174,262,10,0,0,4.744543196075303,3.0,3.6175015217129842,4.362105753198586,5.0,0.04464102120135445,1,arterial,monsoon
4.0,26.775023078764672,664,3,2,0,18.176148889965628,2.0,4.31967615639245,4.664900524026362,5.0,0.01810197402202367,1,arterial,dry
2.0,71.80461724401604,229,9,1,0,8.396666879353276,2.0,2.181657143413732,2.379813945704082,2.595969047320465,0.020492579527402216,0,local,post_monsoon
1.0,57.1230649035267,631,9,1,0,14.020038933758126,1.0,1.1272429628377567,1.2706766972672443,1.4323613650364238,0.028341646003335434,0,collector,dry
1.0,60.35199528237219,452,13,0,2,11.372212396452364,0.0,1.1569119570236575,1.3384452763043089,1.548463343978288,0.034594278269951276,0,arterial,dry
2.0,116.1964441537841,469,8,1,0,26.487694950609672,3.0,2.140971230588387,2.291878905103576,2.4534233999095845,0.016019855083244446,0,local,post_monsoon
3.0,25.87625550298863,50,11,2,1,14.209527270179182,2.0,3.217301588142755,3.450343169688631,3.700264853158913,0.016451016098602396,0,arterial,dry
2.0,356.22279443265177,381,5,0,0,3.0,0.0,2.2990664713216464,2.6428533197776836,3.038047728060989,0.03305082972337967,1,local,monsoon
3.0,404.0900207931295,457,3,2,0,17.877178782982917,2.0,3.5069879444330105,4.099654814132824,4.792480003166858,0.03710573918808918,1,local,monsoon
5.0,97.63871411989967,809,10,0,2,10.064245181971579,3.0,5.0,5.0,5.0,0.042077971875719114,0,highway,post_monsoon
2.0,83.8881259395914,492,10,0,2,10.995360990254731,3.0,2.238224188689626,2.504823759417667,2.8031785633665534,0.026606092944098894,0,arterial,post_monsoon
3.0,54.91415473104428,369,4,1,0,8.637438684949784,2.0,3.2442312685580426,3.5083455079632415,3.7939613992798327,0.018429870302576284,0,highway,post_monsoon
4.0,63.10849917011969,666,2,0,1,12.97806259319231,3.0,4.242172676949649,4.499007255264538,4.771391412920366,0.013810104025090269,0,collector,dry
2.0,30.03486083611233,398,7,0,2,12.912565688374107,3.0,2.1293746504584448,2.2671182010075115,2.4137720134091736,0.014733082599085257,0,collector,post_monsoon
3.0,284.32977824305954,706,7,1,1,8.772614111756859,1.0,3.472524615912824,4.019475736040168,4.652576145487934,0.03471866896802184,1,collector,monsoon
4.0,348.6884345333485,552,7,1,1,9.459277397567856,2.0,4.862632002277725,5.0,5.0,0.04662072332125568,1,collector,monsoon
5.0,48.80671595606475,320,10,0,1,12.506430665441584,1.0,5.0,5.0,5.0,0.018570044009831792,0,highway,dry
1.0,329.151552973857,687,11,0,1,3.0,1.0,1.2775831532410753,1.6322187134454091,2.085295130702677,0.05882488844232504,1,collector,monsoon
5.0,93.86580501601703,620,7,0,0,4.79251264748149,1.0,5.0,5.0,5.0,0.025106044474904197,0,highway,post_monsoon
3.0,76.83684876178376,679,3,2,1,20.34996048049009,1.0,3.4381934269635326,3.9403913470717473,4.5159425430553535,0.03232262388137238,1,arterial,post_monsoon
2.0,126.03100511149712,463,4,1,1,13.639104721601209,2.0,2.2489315525390627,2.5288465640028797,2.8436014146580355,0.027749931396366695,0,collector,pre_monsoon
3.0,38.959994377760474,620,4,2,2,9.375455066296102,0.0,3.2429327211820085,3.5055375447043158,3.789407469684555,0.01833473963303712,0,collector,dry
5.0,101.25566386392333,884,6,2,0,3.5195858423158235,1.0,5.0,5.0,5.0,0.03213549043420621,0,collector,pre_monsoon
3.0,77.53886714558129,534,4,0,0,11.718419175267615,5.0,3.2803204339859557,3.5868340498752693,3.9219883423741493,0.021062132471170274,0,highway,post_monsoon
2.0,240.5092531440356,420,6,2,0,16.92596045890553,2.0,2.3596606330484735,2.7839991515793616,3.2846466002110852,0.03934060664974335,1,local,monsoon
3.0,100.16934355371863,808,7,1,1,25.196030523249703,1.0,3.499150371314955,4.0813511070245285,4.760420413870527,0.03656446222717891,1,collector,pre_monsoon
2.0,52.29020359573818,633,4,1,1,21.460282124978487,2.0,2.2116563289830644,2.4457118587654225,2.7045370556537405,0.0237496923680482,0,local,dry
1.0,136.97215513361854,409,8,0,0,7.565309899357324,1.0,1.1238759795588675,1.263097217429404,1.4195646225165512,0.02762412356251688,0,collector,pre_monsoon
1.0,121.07529884574147,847,14,1,1,9.521002343078548,3.0,1.1835118006876622,1.4007001823669525,1.6577451950566486,0.040096428136352474,0,arterial,pre_monsoon
1.0,76.81230052727116,259,6,1,1,4.64250384881664,1.0,1.13050228669579,1.2780354202244097,1.44482196504191,0.0290346621979401,0,collector,post_monsoon
2.0,276.590802654812,605,4,1,0,7.791724666880242,1.0,2.2594515678701996,2.5525606937755514,2.8836936308175067,0.02886969684962391,0,collector,monsoon
1.0,39.440781729706146,729,8,0,0,10.93578418437624,3.0,1.0736344164617386,1.1526908602111379,1.2375685790635644,0.016716408230576896,0,highway,dry
3.0,261.736278253536,714,3,1,2,10.164315016869281,2.0,3.5126092491384924,4.112807912377762,4.8155623709827,0.03749338580565673,1,arterial,monsoon
2.0,46.92997035554639,320,6,0,1,22.272836532897156,2.0,2.1434007036139833,2.29708328812646,2.4617849680150883,0.016288755454769377,0,collector,dry
2.0,47.42495195462988,251,4,1,1,5.423215287618922,2.0,2.1213980628722546,2.2501648705790775,2.3867476987948266,0.013844867356022491,0,arterial,post_monsoon
4.0,128.39464787832833,545,2,1,2,11.774527754060514,0.0,4.366436211816045,4.7664412979646125,5.0,0.020662902615643106,1,arterial,pre_monsoon
3.0,127.95865034351425,640,3,1,0,3.0,0.0,3.1770922004530444,3.364638283393189,3.5632553491714067,0.01347256846373823,0,collector,pre_monsoon
3.0,77.12020587077805,284,4,0,0,13.654453902438668,1.0,3.2861912682465118,3.599684350499872,3.9430837603520983,0.021488235642912492,0,arterial,pre_monsoon
2.0,392.5406119340598,560,2,1,1,5.291473296620251,3.0,2.3004851684296295,2.6461160050823507,3.043675311818105,0.03319953758424469,1,local,monsoon
2.0,213.20749350750995,208,12,0,0,17.51313154191396,3.0,2.321471767507128,2.6946155836663346,3.127737000883069,0.03539118330048792,1,collector,monsoon
1.0,383.8502421404626,712,8,0,2,10.544870534923541,1.0,1.2802889238261024,1.6391397284717997,2.0985724389657703,0.05934770632436708,1,arterial,monsoon
2.0,40.310630255281055,385,10,0,0,4.990078658585535,1.0,2.1547816572999228,2.3215419953181002,2.5012080540814527,0.017545326604286732,0,collector,dry
2.0,23.969095686905103,467,1,1,0,3.0,1.0,2.116454397060577,2.2396896074185255,2.3701004588359083,0.0132930904118153,0,arterial,dry
2.0,37.916242945376155,672,5,0,0,7.106812556951644,0.0,2.179181877495838,2.3744168276031425,2.587143060166964,0.020222301358677846,0,local,dry
1.0,304.2103236764104,654,8,0,2,13.196904453714192,3.0,1.3033194512641904,1.6986415920435904,2.2138726276367833,0.0637637937823473,1,arterial,monsoon
1.0,56.0906311115116,594,13,1,1,14.10756823578231,1.0,1.0592020966777325,1.1219090816065045,1.1883284515193988,0.013510830742369142,0,arterial,dry
3.0,301.6620534555923,705,3,1,1,9.507810094133632,4.0,3.663354098243735,4.47338774970639,5.0,0.04771569656033704,1,collector,monsoon
2.0,83.89379769578201,581,1,0,0,16.628985217164846,5.0,2.1869541535460746,2.3913842348562135,2.6149238425716987,0.021070179442437227,0,highway,post_monsoon
2.0,77.49884222240833,789,7,0,0,6.3212855355246464,1.0,2.2271663251264573,2.480134919888644,2.761836487673096,0.025420399633197425,0,local,post_monsoon
3.0,86.31296531769502,157,4,0,2,3.0,4.0,3.2436788540260464,3.5071508360185755,3.7920236682244086,0.018389404370127354,0,arterial,pre_monsoon
3.0,170.03393799013546,488,13,2,1,13.412768253712496,3.0,3.575536164124358,4.261486286987044,5.0,0.04180070757730502,1,arterial,pre_monsoon
1.0,37.49617999616076,479,9,1,0,18.450479063416918,3.0,1.0418842367390988,1.0855227627654143,1.1309890551467614,0.009619838690744285,0,collector,dry
4.0,355.07737714920444,456,5,2,1,18.496668368288717,0.0,4.8352935556566035,5.0,5.0,0.045244760766452764,1,local,monsoon
3.0,90.05977922570514,599,5,1,1,5.500953796923326,4.0,3.244127414157685,3.508120893096476,3.7935970538245387,0.01842226307620351,0,collector,post_monsoon
1.0,41.74621341836011,542,6,2,0,9.276534063392209,6.0,1.0642004776430445,1.132522656615684,1.2052311521119807,0.014624795758782224,0,collector,dry
4.0,124.4665981186131,664,1,0,1,15.619100078702537,1.0,4.458384616567994,4.969298347312534,5.0,0.025637975404123315,1,arterial,pre_monsoon
5.0,103.42035792306666,263,7,1,0,8.864469460206147,3.0,5.0,5.0,5.0,0.01960344247227767,0,arterial,post_monsoon
1.0,91.58612345290156,958,5,1,2,12.526924303042469,0.0,1.1511192979517337,1.3250756381168927,1.5253201382820631,0.03338323477116437,0,collector,post_monsoon
2.0,52.68765767027032,421,9,0,1,8.417800520948589,1.0,2.1634244293557017,2.3402026307665214,2.5314257705213863,0.018496180203601973,0,arterial,dry
4.0,281.9435169909612,557,3,0,2,6.553056212693132,3.0,4.692748067154767,5.0,5.0,0.03797212656744623,1,arterial,monsoon
4.0,65.51987659684981,458,9,0,1,7.518131742966213,2.0,4.479969679885044,5.0,5.0,0.0267944662941175,1,arterial,dry
2.0,53.09478462013854,516,9,1,1,16.77862596475616,4.0,2.1907031393620278,2.399590122405322,2.6283948071677266,0.02147833085431978,0,collector,dry
2.0,100.53847043270525,393,7,0,1,12.06891382315437,1.0,2.256124229498407,2.5450482694648904,2.870972532991365,0.02851596317964662,0,arterial,post_monsoon
2.0,53.103535954053335,541,12,1,1,18.35940819202779,1.0,2.195136348457978,2.409311794160712,2.6443839470653425,0.02196028309439925,0,collector,post_monsoon
3.0,259.04027412991826,616,1,2,1,14.6021034747721,5.0,3.529732285817206,4.153003336513453,4.886329986666037,0.0386712713497925,1,highway,monsoon
3.0,46.20023167825379,50,8,2,1,20.03232615740471,1.0,3.2031896798007224,3.4201413749272853,3.6517871852088444,0.01540896573187216,0,arterial,dry
2.0,51.67792966614317,434,6,2,1,16.09034096479368,0.0,2.132199670526246,2.273137717496116,2.423391746153001,0.015047044761792755,0,collector,post_monsoon
3.0,78.58941193760444,426,6,1,2,15.796704151233524,2.0,3.4230526095297473,3.9057630558694707,4.4565441401996235,0.03126008296831314,1,local,pre_monsoon
4.0,23.581810373215,964,3,0,1,11.39756050682159,1.0,4.332153285230856,4.691888021684124,5.0,0.01878738525816381,1,collector,dry
1.0,380.6227587969958,672,1,0,2,27.046032882483253,5.0,1.1448563037670458,1.3106959562751421,1.5005585278635727,0.032068592435249954,0,arterial,monsoon
2.0,22.335359951882303,800,10,0,2,12.563491099472673,2.0,2.2170800633159478,2.4577220035765235,2.7244832276512185,0.024334945125079974,0,arterial,dry
4.0,267.08235414396955,611,10,0,1,3.0,5.0,4.9751124266535,5.0,5.0,0.05222030567310753,1,collector,monsoon
4.0,233.43711283983725,516,14,0,2,13.340167698069834,4.0,4.546325742369771,5.0,5.0,0.030323163334355557,1,collector,monsoon
3.0,45.49918366441032,572,14,0,1,7.088538783812849,2.0,3.334379016848953,3.7060278093341967,4.1191004544342125,0.02496381208826745,1,arterial,dry
3.0,51.57091652335474,724,1,1,2,17.085107608008077,1.0,3.1748883579557416,3.359972028494302,3.5558453587744987,0.013308488696363464,0,local,dry
1.0,25.774688400674883,850,6,1,0,15.629083790904692,2.0,1.076274037187527,1.1583658031239383,1.2467190394681733,0.017299118695653256,0,local,dry
3.0,27.860861209191402,560,8,0,0,11.042431750336743,2.0,3.212416037151514,3.439872265249412,3.6834336102133056,0.016090654941602937,0,arterial,dry
3.0,358.31259903605593,375,10,0,1,7.560534932784195,4.0,3.495658492665518,4.073209432448186,4.746183048314266,0.03632300743095803,1,local,monsoon
2.0,105.79404761249062,684,12,0,0,12.73212863360402,1.0,2.2098484795762294,2.4417151513426862,2.697910257376439,0.02355437030362185,0,arterial,post_monsoon
2.0,29.017916470438927,329,2,1,1,8.793830960714725,0.0,2.117008937368746,2.2408634204495734,2.3719639442572222,0.013355033443222763,0,local,dry
2.0,64.94547067317771,578,4,0,0,15.939019963919183,4.0,2.2758629130290275,2.5897759994504854,2.946987575101022,0.030608588682928022,0,arterial,dry
1.0,300.7529682888801,636,12,1,2,14.780078571290229,1.0,1.3634129272693396,1.8588948102451495,2.534441214722123,0.07501138013240563,1,local,monsoon
2.0,89.64891840646582,478,1,2,1,26.67983296246718,4.0,2.135191690074537,2.279521776681678,2.4336079774573314,0.015379219061457236,0,arterial,post_monsoon
2.0,30.383313586833214,319,2,1,0,9.774427306745377,1.0,2.1180161220617717,2.2429961466567927,2.3753510001707587,0.013467505762457307,0,collector,dry
2.0,17.579946697086562,409,8,1,1,10.482871857576779,5.0,2.150552052322883,2.3124370648750823,2.4865081378673057,0.017078931348212888,0,arterial,dry
1.0,323.6471223500782,436,15,0,1,11.226121630316134,1.0,1.190388095419269,1.4170238177159145,1.6868082835345888,0.04150334114934307,0,local,monsoon
4.0,30.667885681417978,289,1,1,2,11.445072328644594,1.0,4.236455753353173,4.486889337529799,4.752127037159281,0.013491147184314824,0,arterial,dry
3.0,29.51645676963543,422,7,1,1,17.1353946898074,0.0,3.246905814548362,3.514132456182655,3.8033523683575265,0.018625713719338376,0,arterial,dry
3.0,390.7306066415386,209,9,2,0,10.618271774689338,1.0,3.52728659494092,4.14725024094997,4.876180060256109,0.03850330198357617,1,arterial,monsoon
4.0,293.895365505421,618,12,1,2,21.861908580717476,4.0,4.79146444051386,5.0,5.0,0.04302631332514168,1,arterial,monsoon
3.0,301.29944685408594,566,8,1,2,14.91137554862851,3.0,3.607410287949654,4.337802995201669,5.0,0.04396033910879904,1,local,monsoon
1.0,240.2595417665931,553,1,1,0,9.571319760059877,3.0,1.1026741700045757,1.2158903251952797,1.3407308551512989,0.023067637650606095,0,highway,monsoon
3.0,275.4603192274057,422,1,0,0,8.293771575096645,2.0,3.2956025550343337,3.6203320669162755,3.9770585366006683,0.02217008759397273,0,local,monsoon
3.0,13.799059502258618,449,12,0,1,17.204360967042284,3.0,3.2473773531118857,3.5151532245013204,3.8050096579879362,0.01866022926707417,0,local,dry
4.0,142.83577118104526,334,8,0,1,12.142600759434053,2.0,4.44564200589308,4.940933211140262,5.0,0.02495323158481682,1,arterial,pre_monsoon
3.0,36.72129693868112,601,2,0,1,12.045300268783777,1.0,3.1058107591722295,3.2153534905966605,3.328759821879031,0.008120713796535754,0,arterial,dry
1.0,31.73948677049115,228,8,0,0,9.007598867879405,5.0,1.058008637422658,1.1193822768609496,1.1843161174967258,0.013244254397024322,0,collector,dry
2.0,298.8527761017355,516,8,1,0,11.692771595397462,1.0,2.3041760950272168,2.654613738447437,3.058348758830708,0.03358609145582917,1,highway,monsoon
2.0,75.25621106850792,373,1,2,1,8.80522574598614,1.0,2.135228791146044,2.279600995269498,2.4337348387123052,0.01538333578540088,0,local,post_monsoon
3.0,142.99269114113434,851,1,2,0,18.80855728112999,1.0,3.286678926170116,3.600752787910249,3.944839435457636,0.021523603430931976,0,collector,post_monsoon
3.0,389.78005818231827,605,8,1,0,15.585300761276988,0.0,3.657393324655339,4.458841977077812,5.0,0.047317667279033644,1,arterial,monsoon
2.0,20.51920547515938,499,15,0,1,11.12615580349613,2.0,2.1740882048684838,2.363329761274133,2.569043679100371,0.01966537388339737,0,arterial,dry
5.0,15.728322732842514,278,8,2,0,11.052659584736347,6.0,5.0,5.0,5.0,0.01946431385395759,0,collector,dry
3.0,34.352472647184854,227,1,1,1,12.460870841196087,2.0,3.1069804342383636,3.217775806246669,3.3325221572579924,0.008209289962405842,0,local,post_monsoon
2.0,332.5095182345348,599,1,0,1,11.972298805639335,2.0,2.300720026054061,2.6466563191430987,3.044607597767527,0.03322414858190877,1,arterial,monsoon
1.0,178.73102463820388,859,9,2,0,7.215319103454162,2.0,1.1530242646019706,1.3294649547609154,1.5329053517772968,0.03378201160044756,0,local,monsoon
2.0,321.0951476513668,581,9,0,1,3.0,2.0,2.5359051222102567,3.215407394426109,4.076984040758953,0.05695711816563504,1,highway,monsoon
2.0,393.8276028655985,535,6,2,1,8.011496667794857,5.0,2.5307006673252475,3.202222933800226,4.051933857746222,0.05645057279994061,1,local,monsoon
2.0,50.738457267784405,537,5,0,0,11.357412546674848,0.0,2.1290677317143207,2.266464703113582,2.412728432234303,0.01469895356990336,0,highway,post_monsoon
2.0,27.197075378447582,520,10,2,1,8.310834011412545,1.0,2.435991262374619,2.967026715182745,3.6138255767086176,0.047089980261187006,1,arterial,dry
2.0,216.66458396254885,540,11,1,0,16.096690151977846,2.0,2.2940101478312314,2.631241279176334,3.0180470979114706,0.032520252922020404,1,highway,monsoon
2.0,66.62089332080906,362,9,0,0,10.854234320496229,3.0,2.2132402969841225,2.4492163060971834,2.7103521123424428,0.023920725454738886,0,collector,post_monsoon
4.0,34.435289358019894,305,3,1,0,21.367867875143098,1.0,4.236600375202442,4.487195684791368,4.752613730448473,0.013499219949074501,0,local,dry
1.0,344.6229966072135,521,10,1,1,9.192528708854255,1.0,1.3215446208719082,1.7464801849554756,2.3080514938872843,0.06721624480428723,1,arterial,monsoon
3.0,28.891276896926456,798,5,0,1,12.703583993507785,3.0,3.274208158153473,3.5734796876395865,3.9001054487550864,0.020617883874361795,0,collector,dry
3.0,101.20793049261513,655,4,1,0,10.555691219151079,4.0,3.3808075000468527,3.8099531174576846,4.293572691442609,0.028276263196919758,1,arterial,post_monsoon
5.0,38.46648685175482,253,4,0,2,14.19889028867411,1.0,5.0,5.0,5.0,0.015690003646427822,0,arterial,dry
1.0,320.98245451587763,448,7,1,0,17.32875564498522,3.0,1.1815187636851483,1.3959865889400813,1.6493843486855322,0.03968747485314103,0,highway,monsoon
2.0,35.747860126685325,645,9,1,0,15.041404794635483,2.0,2.1704453529864534,2.3554165151502455,2.5561514148276983,0.01926646110763745,0,local,dry
5.0,184.65252013431515,803,1,1,0,3.0,0.0,5.0,5.0,5.0,0.023381190163457355,0,collector,monsoon
4.0,46.025884565892405,858,4,0,0,14.499308052364338,2.0,4.2164198496343275,4.444549087097591,4.685021248378102,0.01237069884321176,0,collector,dry
4.0,70.8278911388607,457,5,0,2,6.945609288594806,2.0,4.498432999532775,5.0,5.0,0.02778031444488022,1,local,dry
2.0,92.10456154822047,664,11,1,1,10.451154107918612,1.0,2.3909619130423607,2.8583494348095924,3.4171023163979473,0.042541346672128826,1,collector,pre_monsoon
2.0,64.29253769955618,549,3,0,1,15.446645934186686,1.0,2.1647311220225234,2.3430304153264463,2.5360154299512585,0.018639685320209508,0,local,post_monsoon
3.0,40.67423435531065,476,5,0,1,6.4011954579248025,3.0,3.1998434622797345,3.412999394364786,3.640354599607617,0.015161358527519207,0,collector,dry
5.0,50.02944637198885,512,10,1,1,17.779740037425253,1.0,5.0,5.0,5.0,0.032198526233583574,0,collector,dry
3.0,353.41248334208876,514,7,2,2,10.233070502243837,2.0,4.213975796587622,5.0,5.0,0.08251315444104443,1,highway,monsoon
3.0,431.84291182470554,735,13,0,0,22.854686864590573,3.0,3.867833532253128,4.986712077740569,5.0,0.061078515733680346,1,collector,monsoon
2.0,61.378180368093155,219,6,1,0,12.343389128968811,2.0,2.2064333766714728,2.4341741228449383,2.6854215146375386,0.02318506424230892,0,collector,post_monsoon
4.0,33.483247005273306,593,14,0,0,20.52671371325885,0.0,4.311073519378965,4.646338722372633,5.0,0.017628517306939526,1,highway,dry
2.0,307.4374632012852,807,15,1,0,17.988396122667545,3.0,2.4766933473993684,3.067004968526144,3.798015400994755,0.05114635770541699,1,highway,monsoon
2.0,38.54731508572323,786,8,0,1,8.944474589727513,1.0,2.1712020141475272,2.3570590931191395,2.5588257252225097,0.01934936197528845,0,highway,dry
3.0,20.731167528734794,613,8,1,0,5.491546361832389,1.0,3.2671048523133397,3.557991372003123,3.874776958653466,0.020100806337160507,0,collector,dry
3.0,436.15166154083624,348,9,2,2,12.568136806187729,1.0,3.763548442593962,4.72143229325048,5.0,0.054332983271435396,1,collector,monsoon
2.0,328.15135409397743,655,10,0,0,9.086784407389125,2.0,2.6171154874980225,3.424646737451006,4.481348007896301,0.06475987054659103,1,arterial,monsoon
1.0,314.2399602959685,764,7,2,0,19.89859390043503,1.0,1.3469543526094159,1.8142860280134505,2.4437604623111655,0.07196927624838026,1,arterial,monsoon
3.0,53.38996628403325,396,11,0,2,10.765704141636885,0.0,3.3120907126678745,3.6566482963135956,4.0370502872376886,0.023361071775404554,1,local,dry
2.0,125.01008765087215,571,9,2,1,10.49798020740613,3.0,2.501243229667002,3.128108846977508,3.9120805375819723,0.05356835361846768,1,arterial,pre_monsoon
3.0,142.00044021534544,458,12,2,1,5.020507696314906,0.0,3.5301647232589906,4.154020991114075,4.888126120836086,0.038700961748666454,1,collector,pre_monsoon
2.0,76.28943382102001,377,1,0,0,14.096085065398844,3.0,2.148725360847284,2.308510338174145,2.480177354706463,0.016877286029952802,0,highway,post_monsoon
3.0,35.47231158770867,436,7,1,0,6.128888590265837,1.0,3.2052015858008773,3.4244390685401522,3.6586725109877922,0.015557743578828907,0,highway,dry
3.0,27.810913592865905,525,11,0,2,14.212184564403573,2.0,3.302356739436823,3.635186678167935,4.001561075252947,0.02265851173461093,1,arterial,dry
1.0,121.66890371297366,316,2,0,1,14.900458632490015,1.0,1.077555896709353,1.161126710533098,1.2511789337616739,0.017581700918633848,0,collector,pre_monsoon
2.0,475.1585105410337,283,8,1,0,8.251624440128177,2.0,2.2829485319760185,2.605926999825729,2.974598609344409,0.031356387137340146,0,local,monsoon
1.0,43.12940920728472,322,9,0,0,16.782899655088563,2.0,1.072741753608576,1.1507748699352025,1.23448425198297,0.016519099583305972,0,collector,dry
1.0,34.483512670017404,565,13,0,0,10.62562280354381,4.0,1.0679113167200924,1.1404345803788416,1.2178829943654947,0.015449220888493967,0,local,post_monsoon
5.0,54.58078019385837,206,5,1,2,4.643781520478901,2.0,5.0,5.0,5.0,0.015520165559857354,0,local,dry
2.0,137.93384414037152,56,7,0,1,19.72643670156846,4.0,2.169692349132241,2.3537824449414906,2.5534918811556655,0.019183938939798584,0,collector,post_monsoon
4.0,52.605132703401566,774,4,1,1,7.382647129628405,0.0,4.449007456519074,4.94841683704058,5.0,0.025134225335385712,1,collector,dry
2.0,169.46256929029545,297,6,2,1,14.5353527063324,1.0,2.279136904581548,2.597232514912781,2.959724237258433,0.030954339044126467,0,collector,monsoon
3.0,81.36640302281747,461,13,2,2,14.128972370236221,2.0,3.6073362690565878,4.337624986017034,5.0,0.043955340936219875,1,local,post_monsoon
4.0,32.7049918413547,684,6,1,1,13.945923369621724,1.0,4.316657069792823,4.658382064548091,5.0,0.017935897273534215,1,collector,dry
3.0,46.983958511754835,212,4,0,1,13.859309579650677,3.0,3.175516883009721,3.3613024914265903,3.5579576034759253,0.01335529233815632,0,local,post_monsoon
3.0,88.34937733868446,212,6,1,0,7.14906181719999,2.0,3.3786927418419936,3.8051882145919222,4.285520600661474,0.028126145797121232,1,highway,pre_monsoon
3.0,116.33492764536692,373,4,0,1,20.456748007513603,2.0,3.2272661081774876,3.4717488443303566,3.734752460470573,0.017184706553787996,0,arterial,post_monsoon
2.0,319.28015932233654,692,5,0,0,16.781245751003198,5.0,2.2490041632144724,2.5290098630780142,2.8438768554364584,0.027757673930089155,0,highway,monsoon
5.0,31.4108758659234,495,4,1,1,14.375283656252,1.0,5.0,5.0,5.0,0.014685268557506893,0,collector,dry
4.0,52.85037805487856,498,5,0,0,5.3351188224218555,2.0,4.215418247388925,4.442437750104879,4.681683288670377,0.012314580176669926,0,local,dry
5.0,66.94066312399276,440,2,1,0,7.108160621722832,2.0,5.0,5.0,5.0,0.016286701302414303,0,arterial,dry
1.0,20.047157266697443,612,7,2,0,15.287283133445818,1.0,1.0628486754112583,1.129647306823466,1.2006441437392161,0.014323922531734434,0,arterial,dry
4.0,58.95269564249724,786,3,2,0,3.0,3.0,4.33055123728818,4.688418504694546,5.0,0.01869946405721482,1,collector,dry
5.0,32.83444426038357,1096,11,2,0,13.693519299701853,2.0,5.0,5.0,5.0,0.04518535259978907,0,collector,dry
2.0,130.02826398229564,470,5,0,0,5.344116013071895,2.0,2.188205288736954,2.394121192828188,2.6194143280119326,0.021206449901608228,0,arterial,pre_monsoon
1.0,302.9775962981161,805,8,0,0,7.659841112451936,2.0,1.189335319138649,1.4145185013506323,1.682336813231378,0.04128834422099241,0,local,monsoon
4.0,47.860525260172835,699,8,0,0,4.944661961662019,2.0,4.336850172876134,4.702067355493938,5.0,0.019045009236516548,1,collector,dry
3.0,9.92031404775906,553,1,1,2,13.230532078911512,2.0,3.23845718534477,3.495868313770389,3.773739953249607,0.018006641070377576,0,highway,dry
4.0,332.6725639534674,58,5,0,0,17.581807259171487,1.0,4.455587020928004,4.96306392526552,5.0,0.025487770961045177,1,collector,monsoon
1.0,43.858840705440045,424,13,2,0,13.740087619063424,2.0,1.0953613207370072,1.1998164229667208,1.314232501702779,0.021480452645191876,0,arterial,dry
4.0,42.86511451443201,432,3,0,1,14.289165244611235,4.0,4.225090375700701,4.462847170709671,4.713983157297133,0.012856072147865135,0,collector,dry
2.0,28.976347740506057,571,16,0,2,12.839794480774408,1.0,2.2316817160856104,2.4902016409554073,2.7786687357432833,0.025905112104879825,0,highway,dry
2.0,57.3125904816002,460,9,2,0,15.413467554353195,1.0,2.1293262828136195,2.2670152093404328,2.4136075343934014,0.014727704420148051,0,collector,post_monsoon
2.0,79.10903597670828,387,9,2,0,14.335428071250071,2.0,2.3928774822260297,2.8629313224721913,3.4253219473516467,0.042736179404314505,1,arterial,post_monsoon
4.0,66.45184401383686,906,7,0,1,3.0,3.0,4.52509177960889,5.0,5.0,0.02919830002119757,1,highway,pre_monsoon
3.0,410.92482892089254,761,11,0,0,16.531533688308222,6.0,3.6163907469723653,4.359427344929114,5.0,0.044566167676075394,1,arterial,monsoon
3.0,388.78922952398227,95,11,1,2,16.005759809804506,1.0,3.5890802214268165,4.293832278612388,5.0,0.042720181393937934,1,local,monsoon
2.0,253.26035181976516,443,6,0,1,10.188435846707966,5.0,2.196759230913709,2.4128755593022957,2.650253328971699,0.022136526681649924,0,collector,monsoon
4.0,249.93455504600473,626,5,0,1,3.0,1.0,4.672613096528662,5.0,5.0,0.03693124392959369,1,collector,monsoon
2.0,396.48103098076916,766,1,1,1,13.212370128172033,6.0,2.44535475316871,2.9898799344224014,3.6556585545217857,0.04802772343107214,1,arterial,monsoon
4.0,48.62084411612893,416,10,1,0,13.633304020682493,1.0,4.39648922586363,4.8322793782837445,5.0,0.022297750371904537,1,highway,dry
3.0,34.031311395729475,456,7,0,0,9.79758258719578,1.0,3.205673531452021,3.4254475967506908,3.6602888980932082,0.01559263298159121,0,highway,dry
2.0,123.21857598289736,518,3,0,0,12.933498621733456,5.0,2.1631915217908086,2.3396987799738174,2.5306082821918303,0.018470594581647605,0,collector,pre_monsoon
3.0,98.27593813463838,632,4,0,1,17.359201289851853,3.0,3.430852634254168,3.923583265989589,4.487078661278652,0.031807916219520026,1,arterial,post_monsoon
2.0,273.77451205172724,192,6,1,2,23.987608591475833,0.0,2.189723239058569,2.3974439318365746,2.6248693459412475,0.021371701007713684,0,arterial,monsoon
4.0,75.85078980512688,96,3,1,0,12.73451836457933,1.0,4.228645960642733,4.470361665115026,4.7258941994501935,0.013054891898205398,0,arterial,post_monsoon
3.0,85.50362975878187,750,7,1,0,13.66956840676621,5.0,3.3008303897206734,3.6318270872345106,3.9960150732514625,0.022548201845624574,0,collector,post_monsoon
2.0,39.367358402550394,301,1,2,1,7.881055624073032,2.0,2.1475910697356255,2.306073701404104,2.4762516436438164,0.016752007441192908,0,collector,dry
4.0,201.78148511891595,924,4,2,0,9.493039770117107,1.0,4.98444519955462,5.0,5.0,0.052680540201040425,1,arterial,monsoon
2.0,187.82519880765688,327,2,0,0,11.319786848142602,1.0,2.2141143918806376,2.4511512701664833,2.713564651976058,0.024015067958050137,0,collector,monsoon
3.0,85.55944372326391,463,7,1,2,17.888590176952988,2.0,3.423171978016488,3.90603546369244,4.457010381483534,0.03126847399885895,1,local,post_monsoon
5.0,84.0152825538792,573,3,1,2,16.09478878014029,3.0,5.0,5.0,5.0,0.03098911151417641,0,local,post_monsoon
3.0,252.4881303357366,73,4,2,2,21.646766720039814,4.0,3.3768282307323014,3.8009896332902153,4.278429699471739,0.027993732574189134,1,collector,monsoon
1.0,53.342064196776235,1072,16,2,0,4.548869121698955,0.0,1.1423767820144697,1.305024712085735,1.4908299310418618,0.031546601259948126,0,local,dry
5.0,353.688357789568,421,10,0,0,5.381325146755137,3.0,5.0,5.0,5.0,0.02718496263400053,0,collector,monsoon
3.0,48.50225398093092,332,9,0,1,17.51041467617966,0.0,3.1905605721126102,3.3932255881065156,3.608763924565425,0.014473419632050932,0,collector,dry
2.0,311.7355363767244,266,12,1,0,19.244301881572444,1.0,2.451403420773125,3.0046893656890887,3.6828528947054315,0.048632028190528184,1,local,monsoon
1.0,65.12077502312052,572,9,0,0,12.165640608354662,1.0,1.0753284530536074,1.156331281946664,1.2434359286332008,0.017090501990762664,0,local,post_monsoon
4.0,110.50189671290778,558,1,0,1,3.0,1.0,4.388570898337224,4.814888632433098,5.0,0.021867836268325808,1,collector,pre_monsoon
3.0,298.6439049747818,273,1,0,1,8.282354190506263,3.0,3.3368376043635513,3.711495065964895,4.128218768173814,0.025140104373778827,1,collector,monsoon
3.0,154.470440881572,225,1,2,1,13.677468260746952,2.0,3.2717494086991445,3.568114731107735,3.891325753890814,0.02043899925390772,0,highway,pre_monsoon
4.0,125.09055272573254,711,7,0,0,7.502935067111335,2.0,4.506692414670611,5.0,5.0,0.02822032153522673,1,collector,pre_monsoon
4.0,33.121710098032025,368,2,1,1,12.925630784688579,3.0,4.217117432421368,4.446019859708048,4.687346963816604,0.012409777598052632,0,collector,dry
2.0,458.3567951580644,155,4,2,1,21.492777244359885,2.0,2.216291808937112,2.4559746911808684,2.721578295510506,0.024249956072579747,0,local,monsoon
2.0,33.54687465666021,470,5,2,0,19.130664097975004,3.0,2.1052432892581927,2.2160246534833274,2.3326355152882434,0.012038115040450468,0,arterial,post_monsoon
2.0,62.32866496214141,419,4,1,1,16.044461226850693,0.0,2.213332850345007,2.449421153208177,2.710692151362805,0.023930716243630405,0,collector,post_monsoon
4.0,36.1434907328412,890,6,1,1,11.677753605809214,0.0,4.366617966995809,4.766838117422655,5.0,0.02067281576985139,1,highway,dry
1.0,50.69293757742618,395,5,0,0,9.526659710498041,4.0,1.0612092365566592,1.1261650437531676,1.1950967463180957,0.013958635551621393,0,collector,post_monsoon
3.0,371.57784721129076,438,5,2,1,15.788756576387371,1.0,3.884705401960753,5.0,5.0,0.0621567044940636,1,arterial,monsoon
4.0,45.440943498489546,543,1,0,0,12.126973262501137,4.0,4.2385291069939734,4.491282247708783,4.759107633659749,0.013606861207373989,0,collector,dry
4.0,28.58977390171147,385,7,0,2,12.298522196861851,5.0,4.260849380711502,4.538709361277396,4.834689242807072,0.014849817373278382,0,arterial,dry
2.0,50.03086757908717,588,15,0,1,4.243921935594865,1.0,2.184058694834168,2.3850561912403645,2.6045513560732907,0.020754584085347708,0,collector,dry
4.0,66.31780291986567,296,8,0,1,8.427348088870538,2.0,4.479301429883279,5.0,5.0,0.02675872674799707,1,arterial,post_monsoon
1.0,387.25619074437475,452,16,1,0,15.759302336584073,1.0,1.1978108396379887,1.4347508075542639,1.7185600694678553,0.04301508371259054,0,collector,monsoon
4.0,414.17771521636956,581,4,0,2,6.494665796257063,1.0,5.0,5.0,5.0,0.0534887129094174,1,collector,monsoon
1.0,46.519160733233846,727,5,0,2,13.328535493012286,1.0,1.0930944608714315,1.1948555003878056,1.306089929015673,0.020986802882793143,0,collector,dry
2.0,391.6167053103553,382,6,0,0,14.062517974320697,0.0,2.3990620634136897,2.8777493920553754,3.4519496972459307,0.043364398627360516,1,collector,monsoon
4.0,45.079377364549,380,6,2,2,14.354439078770092,1.0,4.397044338661408,4.833499729038587,5.0,0.02232786714229558,1,arterial,dry
1.0,145.9761776575303,808,11,1,1,14.801321081788446,2.0,1.1264887411835673,1.2689768840133382,1.4294881726632314,0.028181060220720634,0,collector,pre_monsoon
2.0,332.4493278711309,389,1,0,1,15.138630265700327,1.0,2.2976057675325805,2.639496131499489,3.03226076755658,0.03289764519529794,1,collector,monsoon
4.0,43.514709829173306,488,5,0,0,8.881034539787354,2.0,4.281838568623491,4.583535381937917,4.906489644758045,0.016014102980799784,0,arterial,dry
4.0,72.46952139867044,842,13,0,0,4.661727181694131,1.0,4.53276110885699,5.0,5.0,0.029605046562531864,1,local,post_monsoon
3.0,36.38297583418146,513,5,0,1,7.632322938083249,6.0,3.300609834810351,3.631341760548938,3.99521410947512,0.02253225902275945,0,local,dry
3.0,252.5526884683536,450,10,2,0,15.649605984524557,2.0,3.4045900268903537,3.8637444170670863,4.384821902933296,0.029959542933763825,1,arterial,monsoon
3.0,131.0195816354759,465,9,0,2,5.9957670310215265,4.0,3.375400997633039,3.7977772982740374,4.273007093794098,0.027892335933605475,1,arterial,pre_monsoon
2.0,218.7632552215299,351,6,1,2,6.796946600577465,2.0,2.3115909156669603,2.671726280697008,3.087969099803939,0.03436121937330409,1,arterial,monsoon
2.0,30.88886128485797,590,8,0,1,6.769279996211631,0.0,2.1893848402790494,2.3967029894218594,2.623652595845849,0.021334868957344922,0,collector,dry
2.0,30.539615114836366,315,6,0,0,3.0,2.0,2.145478766993501,2.301539569809976,2.46895213921133,0.016518575541000412,0,arterial,dry
5.0,103.38735989696113,655,1,2,1,6.264978169341003,3.0,5.0,5.0,5.0,0.027589058621582167,0,arterial,post_monsoon
3.0,64.98518620770844,503,8,0,0,17.00198456661835,1.0,3.2969532887933664,3.623300329495132,3.9819506458716876,0.02226782631561396,0,collector,dry
3.0,78.02683310563611,547,4,1,2,8.416176736422194,2.0,3.446040139939992,3.958397548692547,4.546932280878196,0.03287187391576925,1,highway,post_monsoon
3.0,70.63998880002733,845,1,0,1,3.2553092172282696,3.0,3.215280984412119,3.446010602907387,3.6932974545368875,0.0163020260714856,0,local,post_monsoon
5.0,58.00944491469585,210,8,1,0,9.441780725427087,2.0,5.0,5.0,5.0,0.01389301416624886,0,local,dry
2.0,22.99810541424312,504,8,2,1,14.552736079468337,1.0,2.2396871702151198,2.508099310213105,2.808678923354841,0.026762626370300913,0,arterial,dry
3.0,332.1043192877626,627,10,2,0,3.0,1.0,4.043907450450789,5.0,5.0,0.07215766729686,1,arterial,monsoon
3.0,99.39413463206813,376,5,0,0,16.76655154883006,2.0,3.229526167802077,3.4766130895061247,3.742604315961085,0.017350873704623508,0,arterial,post_monsoon
3.0,52.91995792038496,690,10,2,0,4.795095923204606,1.0,3.2947693165993113,3.618501616534763,3.9740426994079145,0.02210977937367795,0,highway,post_monsoon
1.0,317.9261456093718,391,7,1,2,10.02258180506657,1.0,1.1826629440702896,1.398691639277005,1.6541807719538424,0.039922314985309335,0,collector,monsoon
4.0,374.34305602984193,558,8,2,1,9.958674450021915,2.0,4.985858393131073,5.0,5.0,0.05275017254489935,1,collector,monsoon
5.0,21.023716028526497,475,8,0,0,9.192799466222368,3.0,5.0,5.0,5.0,0.014412376167413185,0,collector,dry
3.0,100.71851134213938,532,1,0,0,11.675991507592386,3.0,3.3183573901763195,3.670498589645932,4.060008706861112,0.02381253881373307,1,local,post_monsoon
3.0,65.22385698182896,514,8,1,1,15.892801769883492,3.0,3.5013815025058994,4.086557475363491,4.7695322510549785,0.03671864273728073,1,collector,post_monsoon
5.0,49.02670904948002,493,7,1,1,11.795992093483955,1.0,5.0,5.0,5.0,0.013816713523223565,0,collector,dry
4.0,67.31329887339109,405,5,1,0,8.971631699533685,0.0,4.417799041164283,4.879237092028014,5.0,0.023451794682837528,1,highway,dry
2.0,29.166188914055546,367,7,0,1,14.286743423804477,0.0,2.143210560674726,2.2966757536938367,2.461129864881108,0.016267718372329282,0,collector,dry
3.0,37.84930742740037,563,17,0,0,13.03631864311253,2.0,3.328145935374195,3.6921851223825914,4.096043635902232,0.024516423816560596,1,collector,dry
3.0,98.67966475312733,510,1,0,2,8.65248220036587,5.0,3.245719551775407,3.5115651362590503,3.79918520669629,0.018538864991033632,0,collector,post_monsoon
3.0,135.6478548105752,361,6,0,0,12.21150711042183,2.0,3.225180128540389,3.4672622871772667,3.7275151430138727,0.01703125915589552,0,local,pre_monsoon
4.0,29.503258836931053,568,10,0,2,8.238287483962052,1.0,4.462535065602261,4.978554802932444,5.0,0.02586068221966171,1,arterial,dry
5.0,25.67473444690782,407,2,2,1,7.671306358015285,5.0,5.0,5.0,5.0,0.014783380159170315,0,arterial,dry
5.0,37.83674850774158,811,8,0,2,16.029006070749528,4.0,5.0,5.0,5.0,0.020525049038617,0,local,post_monsoon
3.0,404.89043976953326,997,8,0,1,14.234794032845777,0.0,3.5183182541341425,4.126187779124506,4.839080594426322,0.0378865937662252,1,collector,monsoon
1.0,138.87256227042002,777,1,1,2,15.85189817618274,2.0,1.1017256711913372,1.2137994545620026,1.3372740187690015,0.02286223124917295,0,highway,pre_monsoon
5.0,41.176517607963994,766,4,1,0,15.175642505757555,2.0,5.0,5.0,5.0,0.013549757869177772,0,collector,dry
4.0,99.4230463690048,662,14,1,0,7.563903704729737,3.0,4.603931132515913,5.0,5.0,0.03335463797262569,1,collector,post_monsoon
1.0,65.65611123989059,458,1,1,0,17.00640965033396,2.0,1.0720875944367672,1.149371810145214,1.232227259052015,0.016374428370376257,0,arterial,post_monsoon
5.0,38.93749138712117,120,5,0,0,10.51196444859039,1.0,5.0,5.0,5.0,0.010320828274807493,0,local,dry
4.0,9.164503390656751,294,6,1,2,16.646089116336082,1.0,4.301939289290678,4.626670412185694,4.9759138061950825,0.01712501020181139,0,local,dry
3.0,42.1750947604205,364,7,0,0,11.37441695014352,2.0,3.1930742893118644,3.398574472354823,3.61730025599594,0.014659858200152536,0,collector,dry
3.0,57.63160967433798,741,5,0,2,13.565815439396612,4.0,3.369016825664815,3.783424790537542,4.248807259319452,0.02743837474028413,1,arterial,dry
2.0,328.7885366991991,551,7,2,1,13.716139644735087,1.0,2.5189570111892374,3.1725722121097077,3.995786508598949,0.055304631195577415,1,highway,monsoon
1.0,119.77353396385263,368,6,1,2,16.066001926421947,0.0,1.1303147860718796,1.2776115156127188,1.44410318695276,0.028994836290994933,0,collector,post_monsoon
2.0,74.17257175932723,130,9,1,0,3.8272693949556444,3.0,2.1411823277066735,2.2923308802416846,2.4541491850148893,0.016043229137056393,0,arterial,pre_monsoon
4.0,92.31208711861555,963,10,0,0,4.118011436452864,3.0,4.503295103589765,5.0,5.0,0.028039410148860636,1,highway,post_monsoon
1.0,100.01209840917626,606,8,0,0,15.35855432551088,1.0,1.1175429043010099,1.2489021429535359,1.3957017280240496,0.026270033471910016,0,local,pre_monsoon
2.0,336.65095153291344,681,7,1,1,13.781812324966815,3.0,2.518225985694464,3.1707310575134278,3.992308671339401,0.05523316268746174,1,collector,monsoon
2.0,339.2112712953124,392,1,0,2,8.121781759056894,2.0,2.3596056737015827,2.78386946768235,3.284417095393939,0.03933495818302437,1,highway,monsoon
3.0,59.92497709576529,472,7,2,0,13.821544545083707,0.0,3.2888557055465215,3.6055239506353023,3.952682672177183,0.021681427084948912,0,arterial,dry
5.0,142.266298872795,431,11,0,1,4.960198949480494,0.0,5.0,5.0,5.0,0.029910111439240498,0,arterial,pre_monsoon
2.0,509.46627698265786,512,1,1,0,28.32144755434505,2.0,2.4153479575763765,2.916952878084187,3.522728088213587,0.045012772881158514,1,local,monsoon
2.0,41.48072578481506,869,1,1,2,18.557856934139714,2.0,2.163427996348106,2.34021034769139,2.5314382917695437,0.018496572032416544,0,arterial,dry
4.0,128.46001627663532,259,12,2,2,15.111513387039366,2.0,4.577822690077179,5.0,5.0,0.03198430992673914,1,highway,pre_monsoon
3.0,306.0074901076164,491,1,0,0,12.378151853387434,1.0,3.4537664158841257,3.976167485163027,4.577584574728836,0.03341175758677244,1,local,monsoon
2.0,110.48832339870647,572,6,0,1,8.906359775973515,3.0,2.2175557570876734,2.4587767678963424,2.726237288520978,0.024386222896983143,0,collector,post_monsoon
3.0,118.44244923671818,476,4,2,1,5.449068803270631,1.0,3.4417139374291033,3.9484649423645806,4.5298289411954595,0.032569169431502974,1,local,pre_monsoon
1.0,52.41768142938434,699,12,0,1,11.43088686255288,2.0,1.0731513886144908,1.1516539028852097,1.2358989850845608,0.01660965838029051,0,arterial,post_monsoon
2.0,80.62018317602165,152,8,1,0,7.701196821524377,2.0,2.12552037154945,2.2589184249358567,2.400688564934781,0.014304216994014091,0,collector,pre_monsoon
3.0,225.83662427751898,876,10,0,2,7.992790756733771,2.0,3.5304005523746262,4.1545760200690225,4.889105825378018,0.038717152188589475,1,highway,monsoon
3.0,281.78705666366255,225,7,2,0,4.916216801127284,1.0,3.4975387734893477,4.077592490687123,4.7538459462224045,0.03645304717794979,1,local,monsoon
5.0,88.84954831677517,273,14,2,1,13.248315259655525,2.0,5.0,5.0,5.0,0.030358753069501913,0,collector,post_monsoon
2.0,153.50938282920384,410,4,1,0,10.11503247088553,4.0,2.2560952264610044,2.5449828354300656,2.870861813219482,0.028512878071198157,0,arterial,pre_monsoon
3.0,408.68727356596906,370,8,0,1,14.675357874129348,1.0,3.526495856097841,4.1453910076917495,4.8729014035100695,0.03844897515958432,1,arterial,monsoon
3.0,231.05619278025387,584,12,0,2,14.28549396827394,4.0,3.760784059192445,4.714498913292001,5.0,0.05415223353947809,1,collector,monsoon
1.0,117.83122020856543,561,12,0,0,13.14732315039831,2.0,1.1422129746037482,1.3046504793531424,1.4901887048401588,0.03151208579812629,0,collector,pre_monsoon
3.0,25.17443406378848,522,5,0,2,25.297201290270912,1.0,3.2839849037879736,3.5948522827691027,3.935146875987156,0.021328166958616362,0,arterial,dry
2.0,34.564983125877056,216,1,0,1,16.11852756782772,2.0,2.1082048217169316,2.22226378515526,2.342493613495619,0.012370127052626715,0,collector,dry
5.0,63.159259071417175,472,5,0,0,5.69716994675051,1.0,5.0,5.0,5.0,0.016931644075359537,0,local,dry
1.0,114.66951643213028,503,13,0,0,14.293682239607346,2.0,1.1058305049733987,1.2228611057297223,1.3522771140614276,0.023750197945679705,0,collector,post_monsoon
3.0,40.186074747198795,746,3,0,1,11.729906285157554,2.0,3.2058237092544513,3.4257685516059895,3.660803348385588,0.015603734310799327,0,arterial,dry
1.0,48.69964865435888,539,8,1,0,5.292347145867664,3.0,1.0580504523937508,1.1194707598106208,1.1844565438592032,0.013253598270372643,0,highway,dry
5.0,303.6543859441477,576,5,0,2,4.891835599616793,4.0,5.0,5.0,5.0,0.051449874880712454,0,arterial,monsoon
3.0,51.666921275821146,892,6,2,0,14.266014586397844,1.0,3.2975186460053454,3.6245430735843094,3.9839994561312624,0.022308726293630874,0,local,dry
3.0,301.3761917746419,267,12,0,1,15.487737674392825,1.0,3.4638220580122745,3.9993544165241293,4.61768401525503,0.03411302375064576,1,arterial,monsoon
1.0,52.96460588277312,422,8,0,1,6.768714003377368,0.0,1.0669098666654504,1.138296663588089,1.214459941574495,0.015226948621624641,0,collector,dry
4.0,77.14574330598798,272,15,0,0,16.850835265973224,0.0,4.4285071111348016,4.902918808342878,5.0,0.024030085489141876,1,collector,post_monsoon
2.0,64.74625636049637,821,10,1,2,13.424571984076417,2.0,2.503812407553678,3.134538286109872,3.924147926356969,0.053820763771505964,1,collector,post_monsoon
4.0,78.68470316609061,834,7,0,0,17.979295784712598,2.0,4.428787553891212,4.903539799375427,5.0,0.024045216426726496,1,collector,post_monsoon
2.0,118.88975717780299,805,6,0,2,17.448101991696213,0.0,2.306613532933287,2.6602329951554893,3.0680647136906507,0.03384110620666844,1,arterial,pre_monsoon
2.0,396.15534031391724,609,8,0,0,11.207815422985039,3.0,2.435672639963927,2.9662506045344226,3.6124077203704754,0.04705802199878274,1,collector,monsoon
1.0,27.952115573094154,576,2,1,0,20.177998650510474,2.0,1.0683509477134023,1.1413737474801247,1.2193877248155887,0.01554674670277841,0,collector,dry
3.0,51.589344789520496,408,2,0,2,6.379419549397666,1.0,3.2067337676914995,3.427713818950973,3.6639218830709575,0.015670998430656394,0,arterial,dry
3.0,38.96078319506302,653,10,0,1,23.951472524753477,5.0,3.2081380858724557,3.430716659341794,3.6687375922238425,0.015774765501389,0,highway,dry
1.0,407.7030209754271,243,10,2,1,7.6060715975705255,2.0,1.287209643981187,1.6569086675581746,2.1327888160769013,0.060681106849512965,1,local,monsoon
4.0,177.02495445197235,243,1,0,0,11.759986341611597,1.0,4.390459036660129,4.819032638147646,5.0,0.021970403961811293,1,local,pre_monsoon
3.0,242.28448275997275,416,10,0,0,9.164058506936186,3.0,3.337588545556701,3.713165766477098,4.131006509982409,0.02519393053454336,1,local,monsoon
3.0,31.486174675228767,877,6,0,1,10.116045060601303,5.0,3.2425589120598537,3.5047294327262604,3.7880972188150035,0.01830734922561387,0,arterial,dry
3.0,112.56878404696508,397,3,0,1,26.617768312569815,2.0,3.237427309885483,3.493645195597451,3.7701407890924656,0.017931092387743007,0,collector,pre_monsoon
3.0,316.13974115725,424,5,0,0,9.68639656294461,1.0,3.4734837091649826,4.021696359278176,4.6564322623869545,0.034785344823553374,1,local,monsoon
3.0,85.71627915010797,557,10,0,0,16.255541861464607,2.0,3.316627615918489,3.666672914224387,4.0536628819523095,0.02368798692992032,1,arterial,pre_monsoon
2.0,380.93767303966825,679,9,1,2,10.822985443567914,3.0,2.547808743065273,3.245664695619923,4.134666444279365,0.05811269873462381,1,collector,monsoon
2.0,21.2605461139728,750,8,0,2,16.682752147938736,1.0,2.166803118418503,2.347517876994074,2.5433045282069715,0.018867102424156405,0,collector,dry
4.0,53.752161365761815,275,8,2,0,9.27920240814504,1.0,4.34698246705544,4.72406414222185,5.0,0.019600037288493324,1,arterial,post_monsoon
5.0,366.789718445303,480,2,0,1,13.280660468295856,0.0,5.0,5.0,5.0,0.03228251400283959,0,collector,monsoon
2.0,36.904014138391865,544,9,2,0,15.143491502363712,3.0,2.244270051502581,2.5183740320356987,2.82595570928976,0.02725247027298805,0,highway,dry
2.0,41.81493151545251,564,5,0,2,8.390942733317594,1.0,2.1700917533838155,2.3546491090522212,2.554902306833387,0.01922771263791574,0,local,dry
3.0,272.71714260601954,673,15,1,0,25.788629621127956,2.0,3.46595694512836,4.004285848494505,4.6262274489562465,0.034261706832052076,1,arterial,monsoon
3.0,65.5036204634168,664,5,2,1,15.404705216168988,2.0,3.4366397171273473,3.9368308484457124,4.50982308446023,0.0322137541665976,1,collector,post_monsoon
1.0,115.11263419871294,505,15,1,1,10.870145227413119,2.0,1.1305443724564976,1.2781305780930559,1.4449833323276744,0.029043600691426884,0,arterial,pre_monsoon
2.0,55.876043621427634,730,6,2,0,8.513827415746537,3.0,2.074886157215803,2.152576282702881,2.233175365665629,0.008614014041716436,0,collector,dry
4.0,63.296270212081595,693,6,0,1,12.45861511813491,2.0,4.471262712134104,4.998047560230206,5.0,0.02632847696204627,1,local,post_monsoon
3.0,388.5324435731335,677,5,0,0,5.920009946932652,2.0,3.5630582067671988,4.231794594937028,5.0,0.04095124246851336,1,collector,monsoon
1.0,100.89808322675829,394,1,1,0,20.911476319249715,4.0,1.097532836888336,1.2045783280481586,1.3220642696369043,0.02195260561745431,0,local,pre_monsoon
2.0,125.21470575734546,642,12,0,1,14.156268862005403,0.0,2.32776803635438,2.7092520155365625,3.1532551220973453,0.036045744212206625,1,collector,pre_monsoon
2.0,36.78507900782629,740,7,1,2,11.560069662943025,2.0,2.2166437455254737,2.4567547472886004,2.722875022433646,0.02428790449997051,0,collector,dry
3.0,377.35614933984573,397,9,0,2,17.229889271783563,1.0,3.5707787441038024,4.2501536131145095,5.0,0.04147710395052036,1,local,monsoon
1.0,110.4557210201572,526,13,1,2,8.392426109570163,2.0,1.2114223300736118,1.4675440618009787,1.7778156468326343,0.04576868773719396,0,local,pre_monsoon
1.0,70.77499526871169,812,6,2,2,6.220202067847813,3.0,1.175734069105642,1.3823506012557103,1.6252766973450068,0.038497504671745356,0,local,post_monsoon
4.0,99.3793669692512,579,6,0,1,11.349334641356311,4.0,4.43749048071596,4.92283044161119,5.0,0.024514407252605473,1,highway,pre_monsoon
2.0,152.9470741057028,482,7,0,0,12.637718247347953,0.0,2.194849494176814,2.408682151044109,2.643347400425942,0.021929120587029567,0,local,pre_monsoon
3.0,357.7616380057335,792,1,1,2,14.65293103296385,1.0,3.5439151507374826,4.186444865208892,4.945468461846977,0.03964359138702093,1,local,monsoon
2.0,121.56765040008742,405,1,1,0,4.618610417838866,1.0,2.1470923656755385,2.3050028133710905,2.4745269717248535,0.016696911221576696,0,local,post_monsoon
1.0,111.47612510159763,160,1,0,2,9.71841584990384,1.0,1.0465819313951392,1.0953337391227798,1.1463565002133782,0.010680192226280173,0,arterial,post_monsoon
2.0,111.17717074834098,344,11,0,1,3.0,4.0,2.238189291528139,2.504745652355617,2.8030474485520025,0.026602358123574976,0,collector,pre_monsoon
4.0,193.11838405557586,727,5,1,1,6.088254145469542,3.0,4.664379028033925,5.0,5.0,0.03650459076164972,1,collector,monsoon
4.0,294.56593566004426,604,10,0,0,15.576307668502023,2.0,4.7827082291598435,5.0,5.0,0.042581247269736666,1,collector,monsoon
4.0,147.19029706191455,513,5,1,0,16.805129042873673,3.0,4.457903027198687,4.968224849976804,5.0,0.02561212375684062,1,local,pre_monsoon
2.0,26.863280874208677,712,1,1,1,6.289977323434901,3.0,2.090144184307014,2.184351355596217,2.2828046411912877,0.010339793188929337,0,arterial,dry
3.0,95.96338920561351,533,10,0,0,10.376977254628121,3.0,3.363100435706669,3.770148180216796,4.226462329188605,0.02701708707770008,1,arterial,pre_monsoon
2.0,46.676458867632185,455,3,1,0,12.12803077563997,4.0,2.0830440792646394,2.1695363180797345,2.2596198910627985,0.009537932250216522,0,local,dry
2.0,59.06544789126063,667,9,0,0,17.390550694210553,3.0,2.156679603650119,2.325633456400217,2.507823120492338,0.017754383562088253,0,arterial,post_monsoon
4.0,48.68567346906755,423,10,0,1,19.645474332584946,3.0,4.263397785345089,4.544140169021352,4.843369283225822,0.014991413449745762,0,arterial,dry
1.0,38.38027496418093,598,6,0,1,12.765411276115112,3.0,1.117239942576707,1.2482250892888036,1.394566927079828,0.02620510919392806,0,collector,post_monsoon
1.0,391.2628030483073,341,8,0,1,10.69691672208884,3.0,1.1680430414534788,1.3643245466878933,1.5935897930429657,0.03690841145481252,0,local,monsoon
2.0,271.04542789108683,289,1,1,0,4.781531956496828,0.0,2.234093140689525,2.495586080637993,2.787685872376798,0.026163662735115972,0,collector,monsoon
1.0,250.77762058217814,326,18,1,1,12.540346172805302,3.0,1.18961387024802,1.4151811602864728,1.6835191371904745,0.041345243843036145,0,highway,monsoon
2.0,40.239756500832975,494,8,0,0,22.374612507451328,4.0,2.11709641062614,2.241048605943043,2.3722579798403656,0.013364803208810663,0,arterial,dry
3.0,105.9562639861143,370,10,2,0,18.450962749686596,0.0,3.3802206480964294,3.808630543272481,4.291337201113455,0.028234612372204357,1,local,pre_monsoon
3.0,47.672885081768314,376,10,0,1,12.874291481294524,2.0,3.2099332657979707,3.4345571902921415,3.674899792801452,0.01590736320370986,0,arterial,dry
4.0,199.1562035457342,469,6,1,1,13.516889043500552,2.0,4.4878204263525125,5.0,5.0,0.027214036503766442,1,arterial,monsoon
4.0,95.90746257842821,485,7,0,1,8.557418192739718,4.0,4.421423900532338,4.88724732704965,5.0,0.023647675915645913,1,collector,pre_monsoon
2.0,318.2186725828413,189,11,1,1,10.214321856117387,1.0,2.3287937259705678,2.7116401090599402,3.157425236534468,0.03615224642506008,1,arterial,monsoon
2.0,6.6814974883731395,50,5,1,1,12.737995877921744,1.0,2.1318679337706286,2.272430443519725,2.4222607971319343,0.015010193311803378,0,collector,dry
2.0,39.036023073555846,579,8,0,0,12.753171701592214,2.0,2.141334445092779,2.2926566028704,2.4546722772478917,0.016060071473875014,0,collector,dry
3.0,178.30752262132688,527,8,2,0,17.0537496645153,2.0,3.5246042190118994,4.14094496689216,4.865064033668065,0.03831897445407926,1,arterial,pre_monsoon
2.0,84.86571444793528,225,4,1,0,16.81041466370648,1.0,2.1971502792184214,2.413734674734794,2.6516689072763695,0.022178979253718475,0,local,post_monsoon
3.0,325.09192750166625,587,8,1,2,14.602833901055412,0.0,3.912634715454837,5.0,5.0,0.06393364972050239,1,collector,monsoon
3.0,111.98425303034135,586,1,0,0,7.004269109003556,0.0,3.2608602409060197,3.544403170240554,3.85260112519289,0.019645524142959087,0,highway,pre_monsoon
3.0,338.77193908945463,439,10,2,2,7.192923394090986,1.0,4.264541499551528,5.0,5.0,0.0855302270417575,1,local,monsoon
3.0,75.72917475123437,891,13,0,1,7.560542648577072,2.0,3.6678275818722312,4.484319723447566,5.0,0.048014086372881015,1,arterial,dry
2.0,119.06671263076709,753,10,0,1,13.177601446033309,2.0,2.335721540741819,2.7277975579426683,3.18568775743481,0.036870654054034946,1,collector,post_monsoon
5.0,324.8774855025489,420,12,1,1,3.0,1.0,5.0,5.0,5.0,0.05620286493901421,0,collector,monsoon
4.0,37.416967531311094,423,3,0,1,11.968624637676893,1.0,4.128230674186763,4.260572124824124,4.397156133821006,0.007389898892056325,0,local,dry
1.0,336.0485233338837,208,6,0,0,19.04321358227068,4.0,1.2124251876110888,1.469974835553784,1.782234515779876,0.04597062586029086,0,local,monsoon
4.0,48.50179585882307,744,7,1,0,15.3341301734032,1.0,4.409743627058745,4.861459714096303,5.0,0.02301605223314382,1,collector,dry
3.0,66.16830853283099,549,7,0,0,10.246361945271083,3.0,3.424561108295314,3.909206261482943,4.462438575793003,0.03136610668527062,1,arterial,post_monsoon
4.0,22.808980868375073,664,5,0,2,8.508722931251098,4.0,4.41629846157607,4.875923025429792,5.0,0.0233706698508416,1,collector,dry
4.0,281.06008877161054,73,3,1,1,16.02857642388341,1.0,4.250478519260378,4.516641910673474,4.799472355127189,0.014272914349881682,0,local,monsoon
3.0,52.703046020263784,655,13,0,1,13.530276830261366,0.0,3.2369369353380066,3.4925869077851353,3.7684278538958873,0.01789511345488834,0,local,dry
1.0,238.02809973986496,398,3,1,2,10.767837737086296,2.0,1.09530434543562,1.1996916091301517,1.3140274326629064,0.021468054842075257,0,local,monsoon
2.0,255.11519715564276,616,13,2,1,9.054845605469293,0.0,2.5097136523713273,3.149331308449514,3.951959890328101,0.05439978351425022,1,local,monsoon
3.0,340.15083588320414,604,8,1,0,12.381914948436371,0.0,3.561677733645957,4.228516092783133,5.0,0.040857123594697065,1,arterial,monsoon
3.0,350.98380006719475,495,7,1,2,10.484816180065058,3.0,3.78425964248811,4.7735403472547455,5.0,0.05568396093945351,1,highway,monsoon
2.0,87.17751593503148,360,9,0,0,15.921897849583573,3.0,2.1886543335496778,2.3951038958828925,2.6210272605129044,0.021255344152219996,0,highway,post_monsoon
1.0,43.32716722496443,579,13,0,0,18.205845479893583,0.0,1.083307037276471,1.1735541370127254,1.2713194552508011,0.018846360359323137,0,arterial,dry
4.0,44.82582058023698,332,1,0,0,5.163750860786418,4.0,4.20610235353151,4.422824252095828,4.650712873999126,0.011792130609346016,0,arterial,dry
5.0,37.86266722410163,710,8,0,1,5.8709021373558015,2.0,5.0,5.0,5.0,0.016712914246894323,0,collector,dry
3.0,67.54192567643967,355,7,0,2,18.740280938243657,1.0,3.2607994175633417,3.5442709471938088,3.852385546765415,0.019641086348267934,0,local,post_monsoon
2.0,83.7667553272681,504,7,1,1,12.829094713319776,1.0,2.1635533207709594,2.3404814859095233,2.53187824552125,0.0185103384196298,0,collector,pre_monsoon
2.0,318.85266920877757,350,10,0,1,6.3417468160557915,0.0,2.5298346220989827,3.200031607585352,4.047775376340245,0.056366203831249406,1,arterial,monsoon
1.0,287.2422843731043,531,4,2,1,16.91625803330321,2.0,1.1655721234100451,1.3585583748706014,1.583497769774427,0.03639617657243595,0,collector,monsoon
5.0,46.42682022340491,293,2,1,1,13.708425499444164,2.0,5.0,5.0,5.0,0.012513287071593769,0,collector,dry
1.0,47.525744863512955,338,1,0,1,23.016228809624465,2.0,1.0498062310890444,1.1020931228333841,1.1569842275908704,0.01140586436113114,0,collector,dry
3.0,24.84505318605199,958,3,2,0,10.823491613672292,4.0,3.1342882055649843,3.27458751851459,3.421167012456863,0.01027000094236785,0,collector,dry
2.0,165.62553696191338,668,9,2,0,17.543519985343565,0.0,2.479907632003059,3.0749709316335103,3.81282194077275,0.051464510774841855,1,local,pre_monsoon
3.0,52.65075179486097,573,9,2,0,4.7558278043361994,3.0,3.4560682719094666,3.981469300033096,4.586743241141992,0.03357242376097494,1,collector,dry
3.0,61.3544677272777,602,10,1,1,18.98013775081786,2.0,3.5716422412915816,4.25220943325945,5.0,0.04153586428292945,1,local,dry
4.0,86.73558630137252,561,5,1,1,16.720800291055774,0.0,4.481111020673567,5.0,5.0,0.026855498372436046,1,local,post_monsoon
2.0,94.16163710273835,482,5,0,1,20.021737168968862,2.0,2.2385419685996046,2.5055350725908965,2.804372706896489,0.026640100846091665,0,collector,post_monsoon
1.0,40.35430903621975,651,13,0,0,17.552901587543676,1.0,1.0576721235542372,1.1186703209437296,1.1831864139096546,0.013169047504112998,0,collector,dry
1.0,26.810883068789835,334,11,1,0,11.504759070621612,4.0,1.0957072231158878,1.20057431878833,1.3154779529838099,0.02155571025614086,0,collector,dry
5.0,27.662205337274756,819,10,0,1,6.144367179815706,0.0,5.0,5.0,5.0,0.018933608273877762,0,collector,dry
4.0,290.03292842688717,524,1,2,0,8.989735498179812,2.0,4.707461210427614,5.0,5.0,0.03873056335084775,1,highway,monsoon
3.0,73.75203787901178,660,14,2,1,3.194248064009402,0.0,3.5707810487189855,4.250159099296885,5.0,0.04147726079234378,1,local,post_monsoon
3.0,9.522646655167886,814,6,0,2,7.39550484408145,2.0,3.2017818456460376,3.417135662369516,3.646974309294788,0.015304815605346613,0,collector,dry
3.0,37.44285776527455,598,7,0,0,14.129306746042161,2.0,3.2333310837778866,3.484809965774761,3.7558481277994957,0.01763042258795524,0,highway,dry
2.0,220.09248222175734,337,8,0,0,11.761235605874068,2.0,2.232612562558002,2.492279427245904,2.7821471793370334,0.026004941939840123,0,local,monsoon
5.0,199.8955899514243,743,7,1,2,10.882049299338894,4.0,5.0,5.0,5.0,0.043146833497275716,0,highway,monsoon
3.0,44.78691014603558,839,6,0,0,8.03448542026251,1.0,3.185600860819844,3.3826842814853766,3.5919606529938575,0.014105234868648977,0,arterial,dry
2.0,280.21012459242905,110,7,0,2,3.1380049457085732,2.0,2.1473412317742184,2.305537182838809,2.4753875270491754,0.016724406872525955,0,local,monsoon
3.0,40.43359889988691,479,9,0,2,12.910415566186249,2.0,3.3020190150109605,3.6344431918313176,4.000333509468046,0.02263410762682478,1,collector,dry
1.0,107.58569644134309,558,10,0,1,13.895800962343218,0.0,1.1409918968594153,1.3018625086988465,1.4854145732504538,0.0312546758170898,0,local,pre_monsoon
2.0,223.80698920315422,447,11,1,1,7.042182199766422,0.0,2.3863900109795786,2.8474286422515567,3.3975376344231294,0.0420758539328056,1,arterial,monsoon
4.0,72.03583329847919,250,2,1,0,9.3327986491814,1.0,4.346105263723856,4.72215774084205,5.0,0.019552024977615264,1,local,post_monsoon
1.0,158.41056062511407,323,4,1,0,19.710667270447143,4.0,1.1476204215727228,1.3170326320107542,1.5114535443732144,0.032649476357394326,0,collector,pre_monsoon
3.0,106.7422920434902,130,10,2,1,17.79748976786817,1.0,3.4307483244186416,3.92334468850044,4.486669405396555,0.03180059634057361,1,local,post_monsoon
2.0,94.31745383997266,691,1,1,1,4.577877191355245,1.0,2.215437411670551,2.454081462514755,2.7184319416711844,0.024157809361873,0,local,pre_monsoon
2.0,220.5713848920617,774,7,2,2,11.57681806384622,1.0,2.356008201384938,2.775387322496546,3.269417646910824,0.03896500708636333,1,arterial,monsoon
2.0,140.22744925274296,771,3,2,1,19.27477841186126,1.0,2.2066410117677226,2.434632277407639,2.686179715950574,0.02320753021654419,0,arterial,pre_monsoon
2.0,86.81983465714949,494,9,0,1,10.917895013462402,2.0,2.222028749576469,2.4687058819721828,2.742767721995362,0.024867980525800044,0,local,post_monsoon
4.0,103.95831786712853,554,3,0,0,10.655284057964185,3.0,4.3545013656346985,4.740420535828614,5.0,0.02001126768371328,1,collector,post_monsoon
2.0,25.080228550431904,713,5,1,1,17.463688133715383,2.0,2.2319540992024542,2.49080955047332,2.779686293255774,0.02593432748832673,0,collector,dry
3.0,100.26487432871481,453,5,0,0,16.93534622137608,0.0,3.2580180256604585,3.5382271518428237,3.842535946528394,0.0194380825026022,0,local,post_monsoon
3.0,65.77737867276439,310,7,1,1,16.676516726903,1.0,3.438275744141019,3.94058003091616,4.516266912715167,0.032328390860901314,1,local,post_monsoon
3.0,383.47764283032757,385,10,1,2,10.690076254129348,4.0,4.125800789582721,5.0,5.0,0.0771850070221528,1,arterial,monsoon
5.0,67.94343329670771,535,11,0,1,15.314440081375235,2.0,5.0,5.0,5.0,0.03440794929236196,0,collector,dry
4.0,74.76179046207362,357,7,1,0,19.473727569776102,2.0,4.442271347870999,4.933443682028906,5.0,0.024771852460341675,1,local,post_monsoon
2.0,65.24935077272947,594,2,0,1,11.750631507657115,1.0,2.169653918841972,2.3536990637731634,2.553356198745062,0.019179726751160198,0,local,post_monsoon
1.0,15.80723597853747,228,17,0,2,9.982951893431649,0.0,1.1418009305689425,1.3037093650481033,1.4885765662033696,0.031425248217932175,0,arterial,dry
2.0,111.52379213702318,451,6,1,1,18.150363195448175,1.0,2.1873743742854637,2.392303326640362,2.616431496105498,0.021115955479851605,0,arterial,post_monsoon
3.0,49.08529316693789,581,8,0,1,22.227199014485613,1.0,3.306011441540528,3.64323721719896,4.014861308102013,0.02292247972025722,1,arterial,dry
1.0,39.2559323326183,526,7,1,1,22.575024417829113,3.0,1.0709850765894469,1.1470090342773034,1.2284295584242653,0.01613044672947442,0,highway,dry
3.0,353.9924592248994,352,8,1,2,10.127442501125248,0.0,3.7524087170557703,4.693523726612044,5.0,0.05360398768034387,1,collector,monsoon
3.0,281.09184799885173,647,3,0,0,10.62979875251554,3.0,3.4125791672573413,3.881898857599604,4.415762390281494,0.030522975423302706,1,collector,monsoon
2.0,190.61327737969805,552,8,0,2,6.854188334317252,4.0,2.4077247223066376,2.898569169203287,3.489478324003283,0.044242252555440585,1,arterial,monsoon
4.0,68.6565344820012,82,14,1,2,12.590261622073992,3.0,4.356212026536301,4.7441458050348775,5.0,0.02010475266851422,1,arterial,dry
1.0,69.61373792403126,591,1,0,1,6.629405342712416,2.0,1.0884881345029258,1.1848064189536596,1.289647728713961,0.01998126913333567,0,local,post_monsoon
1.0,24.875983632004825,415,7,1,1,9.36683279146253,1.0,1.0984478535266426,1.2065876869172885,1.325373654785972,0.022151343317950333,0,collector,dry
4.0,29.46669270886631,395,2,2,2,15.50564899081195,0.0,4.276249495782773,4.571577437545605,4.8873014280590725,0.015704501221690554,0,collector,dry
3.0,22.027288705580908,334,10,0,2,13.949887050696983,2.0,3.2418916016986747,3.503287052388134,3.7857589578255997,0.018258446854163002,0,arterial,dry
3.0,340.32548973682196,299,11,0,2,3.0,1.0,3.9681743246117644,5.0,5.0,0.06743854377311018,1,collector,monsoon
3.0,48.21139819683082,541,6,1,1,19.851461491371932,1.0,3.2667264707671975,3.557167278270369,3.873430836290907,0.02007323828811279,0,local,post_monsoon
2.0,315.90282753414255,609,7,1,0,6.565019564241317,1.0,2.4350503163453934,2.9647350215669,3.6096394760733728,0.04699559284613802,1,arterial,monsoon
4.0,128.66746155913904,530,3,0,0,7.195330380604982,2.0,4.469999168606416,4.995223141835513,5.0,0.02626079542153852,1,local,post_monsoon
4.0,44.37791969521981,689,1,0,2,5.805389241177753,1.0,4.246414225928009,4.508008444540944,4.785717797375566,0.014046534337131229,0,arterial,dry
3.0,351.8520297240289,616,5,1,1,8.693583307179955,3.0,3.6172704600816123,4.361548527126347,5.0,0.04462545173928595,1,arterial,monsoon
2.0,117.05906786160637,98,6,1,0,7.5159681066708615,7.0,2.140358677419197,2.2905676340018273,2.4513181558256854,0.015952019185501983,0,collector,pre_monsoon
3.0,117.56787776975926,316,7,0,0,7.6378327940554875,2.0,3.267500668507234,3.558853539565073,3.876185439882738,0.020129642016905192,0,highway,pre_monsoon
2.0,36.097648305599876,737,1,2,0,3.0,2.0,2.129544974715668,2.2674808996683766,2.4143512775762765,0.014752020843316973,0,collector,dry
1.0,442.7392728606293,246,1,0,0,12.649636960269069,2.0,1.1514033865945728,1.3257297586614512,1.5264497338320004,0.03344273664627056,0,local,monsoon
5.0,351.8205741002348,50,1,1,2,13.1603258390778,3.0,5.0,5.0,5.0,0.026692524566936434,0,collector,monsoon
1.0,338.2695321008087,866,7,1,2,23.22203368946105,4.0,1.2721079090846308,1.618258532355671,2.058599477953336,0.057764341424271434,1,arterial,monsoon
5.0,120.6008201941209,559,9,2,2,14.431704988327802,2.0,5.0,5.0,5.0,0.04489140400592374,0,arterial,pre_monsoon
3.0,12.24433472677238,363,2,2,0,9.517054901409272,4.0,3.1508605707174984,3.3093074453673994,3.4757221153299964,0.011513889292082073,0,highway,dry
2.0,313.0057192128003,330,5,1,0,5.996425107632894,4.0,2.2998069708237368,2.644556051524726,3.040984221015331,0.0331284576711591,1,arterial,monsoon
3.0,50.72834902122628,625,4,0,0,11.518617701003691,2.0,3.1504637850825574,3.3084740203722385,3.4744091950230755,0.01148416603781139,0,local,dry
4.0,93.82357972995264,595,15,1,0,14.243614446962797,2.0,4.710680568985786,5.0,5.0,0.03889627325760958,1,highway,post_monsoon
4.0,329.6161314450546,565,5,1,0,9.483256903404774,1.0,4.880887381134726,5.0,5.0,0.04753622994512428,1,arterial,monsoon
4.0,59.492289972726425,462,5,0,2,12.30508013174286,0.0,4.356901753812139,4.745648223092822,5.0,0.020142437240765886,1,collector,dry
3.0,64.77159777856092,243,3,0,2,21.4867704702941,4.0,3.231162207518354,3.48013640376496,3.748295074951392,0.017471105203851728,0,arterial,post_monsoon
3.0,364.04638014843493,492,1,2,0,10.079449364804184,0.0,3.6382667674328295,4.4123283570020435,5.0,0.04603712836683571,1,arterial,monsoon
4.0,15.214239153186163,713,9,0,0,3.0,3.0,4.239141741483371,4.492580676096666,4.76117156775574,0.013641044078538656,0,arterial,dry
2.0,353.886575858849,391,5,0,0,16.367433936957173,1.0,2.3954612061700806,2.8691171951329086,3.4364294684481984,0.042998780899472615,1,collector,monsoon
3.0,34.40494412108389,620,5,2,1,13.571607229075267,1.0,3.316088677946459,3.6654813733348983,4.051687093779832,0.023649170685190492,1,local,dry
2.0,101.77613232863044,419,7,0,1,3.4550399437104335,1.0,2.139922713653129,2.289634610204286,2.4498205541712403,0.01590373023869296,0,local,post_monsoon
5.0,20.450218171583543,660,1,0,1,14.138218386381473,1.0,5.0,5.0,5.0,0.006438373135915413,0,highway,post_monsoon
5.0,73.87337282391849,304,14,2,2,7.010682254311266,0.0,5.0,5.0,5.0,0.04119676924682631,0,arterial,post_monsoon
1.0,336.92217262773323,502,1,0,0,14.206612011822031,3.0,1.189885356781222,1.4158271622823762,1.6846720081329103,0.04140069055613976,0,collector,monsoon
4.0,122.7714437699691,591,14,0,0,21.536317546021458,0.0,4.524312351364056,5.0,5.0,0.029156933093202875,1,collector,pre_monsoon
5.0,346.01374761151277,364,6,1,0,11.115153328283894,3.0,5.0,5.0,5.0,0.04437673525001885,0,arterial,monsoon
2.0,31.75936347089909,572,5,2,0,17.416355995182432,5.0,2.2120283286167717,2.446534663301554,2.705901991082966,0.023789868436875472,0,arterial,dry
3.0,289.53699385101714,494,9,0,1,5.8575634107381145,1.0,3.472270341715272,4.018887108651831,4.651554171357865,0.03470098953958916,1,collector,monsoon
5.0,217.08920175779477,491,5,0,0,4.402904268311596,3.0,5.0,5.0,5.0,0.03098803511069059,0,local,monsoon
1.0,30.37448454366224,364,10,1,1,22.086852361978355,2.0,1.062836233493024,1.1296208592256378,1.2006019792945304,0.014321151947811774,0,highway,dry
3.0,147.08034428097744,699,8,0,1,13.539075067781685,0.0,3.361735752080577,3.7670890889389206,4.221319357186206,0.026919831579423754,1,arterial,pre_monsoon
2.0,82.25276073077715,310,9,0,1,15.183349705806688,4.0,2.270155982000516,2.5768040913063635,2.9248736111612725,0.03000499463749515,0,local,post_monsoon
5.0,44.85807980739995,555,11,0,0,17.760111514226885,0.0,5.0,5.0,5.0,0.018361554822606787,0,local,post_monsoon
5.0,30.27330796875627,330,6,2,1,9.360925951010213,3.0,5.0,5.0,5.0,0.021044163057331935,0,collector,dry
5.0,40.45757221750642,486,10,0,0,16.125581798813336,2.0,5.0,5.0,5.0,0.012845111856312832,0,arterial,dry
3.0,31.932563973200487,628,9,0,2,15.367720811544086,1.0,3.328719575988909,3.6934580051905934,4.098161988323625,0.024557624512202902,1,highway,dry
4.0,38.28426433748036,442,12,0,1,5.525975896088179,1.0,4.278248545520248,4.575852654311529,4.894158740705816,0.015815272435631585,0,local,post_monsoon
4.0,23.799137870473896,50,5,1,0,19.564926557063433,3.0,4.168335469656149,4.343755146898388,4.526557162579503,0.009664973392055012,0,highway,dry
2.0,259.7397304223656,231,12,0,1,18.534302579897666,2.0,2.349014047528384,2.7589334977428397,3.2403867711972745,0.03824451221766402,1,collector,monsoon
4.0,39.093908016757965,68,3,0,0,5.581413804811358,2.0,4.087779013005974,4.177484314793024,4.269158177293142,0.005077916801819074,0,collector,dry
1.0,298.0194993717345,513,1,2,0,13.001432207308973,1.0,1.113344716055819,1.239536456769412,1.380031364502777,0.025369162750534857,0,arterial,monsoon
3.0,66.2804702112986,498,1,0,0,10.84460131543528,3.0,3.242724527221534,3.5050874531480387,3.7886776847932015,0.018319484773218625,0,highway,pre_monsoon
2.0,321.34103329798194,429,5,0,0,19.09153734962969,2.0,2.316475328734467,2.6830289743177285,3.10758521264338,0.034870783612788156,1,arterial,monsoon
1.0,36.179218150211625,374,8,0,2,4.946939969406946,0.0,1.0628829010919445,1.1297200614336282,1.2007601363183447,0.014331543826365568,0,arterial,dry
1.0,357.6126238117413,544,7,0,1,30.0,0.0,1.241657556442786,1.5417134874714702,1.9142802015887115,0.051801441566894715,0,collector,monsoon
3.0,27.770795059133164,210,10,1,0,11.127579153140628,0.0,3.189399531914009,3.3907564580577674,3.6048256867212825,0.014387269031203046,0,collector,dry
2.0,260.688259528046,691,2,0,1,15.692225830905954,1.0,2.188129326879991,2.393954975576141,2.6191415446442132,0.021198178033077934,0,arterial,monsoon
4.0,100.98119613476489,515,13,1,1,18.937491660014015,0.0,4.604766046372233,5.0,5.0,0.03339836086056843,1,collector,post_monsoon
1.0,34.518734183496676,311,12,2,0,11.02000328414928,2.0,1.0942349466826502,1.1973501185415825,1.3101823431228135,0.02123526231101493,0,collector,dry
2.0,100.95367242242901,416,10,0,1,11.425290572023608,2.0,2.199910170789411,2.4198023797713484,2.6616739332797055,0.02247843108538765,0,collector,post_monsoon
3.0,404.9122716021094,473,12,2,1,9.485845530906861,1.0,3.827966221000481,4.884441796373569,5.0,0.05851641312493349,1,arterial,monsoon
4.0,55.63209838952766,223,1,0,0,7.57267186934441,4.0,4.248924759569448,4.513340403120573,4.7942109467960385,0.014186389968420957,0,collector,dry
2.0,31.38529543798127,634,9,1,1,13.359295738963604,2.0,2.215987005580982,2.455299204451883,2.720455565939348,0.024217086168291966,0,arterial,pre_monsoon
3.0,33.22244907694719,693,9,0,2,11.323666599125227,1.0,3.2469276824228013,3.514179791627835,3.803429215482403,0.018627314482863196,0,arterial,dry
4.0,260.71983091982355,523,10,0,0,9.453129008372521,1.0,4.685974327110764,5.0,5.0,0.03762233913203071,1,local,monsoon
3.0,311.1684349539193,688,10,0,1,9.745180259831491,2.0,3.445772287493421,3.957782219085881,4.545872096820114,0.03285314073763715,1,collector,monsoon
2.0,54.63416914692733,1030,8,0,2,14.881167269465712,3.0,2.301677805303231,2.648860359712749,3.0484115496491837,0.03332449541963091,1,arterial,dry
1.0,331.08962201729923,124,8,2,2,8.01218235324728,3.0,1.1349711663845985,1.288159548524416,1.462023945278214,0.029982375428133454,0,collector,monsoon
4.0,63.065944281955765,510,11,0,1,10.765176158038852,1.0,4.596930530409711,5.0,5.0,0.03298779006111932,1,arterial,post_monsoon
1.0,85.23385825469038,231,4,2,1,16.493336958945534,0.0,1.1328249972868658,1.2832924744779877,1.4537457939187817,0.029527596087276984,0,arterial,post_monsoon
4.0,334.2585593779975,812,8,2,1,13.236127350346498,2.0,4.973280772285552,5.0,5.0,0.05212990214261568,1,collector,monsoon
3.0,61.512235717648686,549,4,0,2,6.7522036682069535,2.0,3.4951023530226255,4.071913486034764,4.743918135448221,0.03628453467755058,1,local,post_monsoon
5.0,263.6919736555349,360,6,0,0,11.88064465626515,0.0,5.0,5.0,5.0,0.03669961776977808,0,local,monsoon
4.0,174.88687788963716,447,1,1,1,14.185108105714846,0.0,4.380010635609688,4.796123292013495,5.0,0.021402399729896535,1,collector,pre_monsoon
5.0,77.58126486674112,767,3,1,0,16.946360956181213,3.0,5.0,5.0,5.0,0.024124224834662207,0,collector,post_monsoon
2.0,127.59551087097897,590,5,0,0,8.223106666275497,2.0,2.170380989005927,2.3552768187191737,2.555924015597227,0.019259408276346597,0,local,pre_monsoon
4.0,77.12199360986565,615,5,0,1,9.207351386494327,4.0,4.604355547607453,5.0,5.0,0.033376864562277134,1,arterial,pre_monsoon
3.0,144.74005874074288,797,5,0,1,8.524200056399017,2.0,3.4489922760892417,3.9651825735077493,4.558628023103962,0.03307826774909268,1,arterial,pre_monsoon
3.0,108.16294734214259,690,2,2,0,8.772399003041057,1.0,3.405148186483519,3.8650113906373313,4.386978842522283,0.029998939940844085,1,local,post_monsoon
3.0,55.65334615766859,724,5,0,0,14.025023578485575,3.0,3.147130185022478,3.3014761338265393,3.4633917319656042,0.011234332286776488,0,collector,post_monsoon
4.0,99.97847836919615,474,11,1,0,14.972445649418244,1.0,4.419342699733134,4.882647474421136,5.0,0.023535226423738346,1,local,pre_monsoon
5.0,39.85942662218853,50,5,0,2,17.254517464415418,2.0,5.0,5.0,5.0,0.010516921553932931,0,arterial,dry
4.0,132.523770940895,520,12,1,1,11.544125454621156,3.0,4.553359306810713,5.0,5.0,0.030694876351279453,1,collector,pre_monsoon
3.0,306.2916473714276,367,11,2,1,4.973385226102625,0.0,4.14232977599684,5.0,5.0,0.07819040765364657,1,local,monsoon
3.0,32.31955728611079,657,4,0,2,15.347350822287316,3.0,3.1688376884636926,3.3471774319426393,3.5355539987716513,0.012857556801761998,0,collector,dry
4.0,227.29661555561387,145,9,0,1,12.79571839203792,2.0,4.463203944877807,4.980047363393204,5.0,0.025896558409792582,1,collector,monsoon
2.0,149.87864784679218,665,1,1,2,12.299847396580015,3.0,2.2617722029486753,2.557806749015652,2.8925881027190603,0.02911617025173805,0,arterial,pre_monsoon
1.0,48.46976082255336,537,2,2,2,5.582982558443889,0.0,1.0795513931910314,1.1654312105406972,1.25814288700752,0.018021089898075656,0,arterial,dry
2.0,27.415216559055153,570,7,1,0,11.020820681973296,1.0,2.180315070581143,2.376886903501627,2.5911811683857717,0.02034606568502757,0,arterial,dry
2.0,36.064711687599726,623,9,1,1,6.031726069371407,4.0,2.2376852148428434,2.5036175603631308,2.801153999222744,0.026548405031753732,0,collector,dry
2.0,118.25430138051303,494,13,1,1,14.409824942228797,0.0,2.246230894007106,2.5227766145959816,2.833369385192076,0.027461821819487923,0,highway,post_monsoon
2.0,29.443049200209344,433,6,0,1,9.8505298564808,4.0,2.1657114867502205,2.3451531219209256,2.539462527166145,0.01874730847336571,0,local,dry
1.0,49.75804733466403,726,7,1,1,9.402328018177208,1.0,1.0800002966034565,1.1664006406635543,1.2597130378751005,0.018119848271933713,0,collector,dry
1.0,100.70548769632035,618,7,0,0,4.31422258455484,3.0,1.131413812901981,1.2800972160253992,1.4483196720685079,0.029228202009227277,0,local,pre_monsoon
5.0,35.93573989934585,637,14,0,2,17.135479348420212,1.0,5.0,5.0,5.0,0.024829990492271123,0,collector,dry
3.0,57.426748020336845,483,12,1,0,10.707176843853222,2.0,3.2292174859106018,3.475948523770262,3.7415312510280243,0.017328183636200235,0,collector,dry
2.0,41.16676512965672,521,8,2,1,12.434903851688787,4.0,2.2042481383563977,2.429354927723822,2.677450538421088,0.022948524613623553,0,arterial,dry
3.0,316.9258498680685,497,10,2,0,8.322549546537227,3.0,3.5573798410127924,4.2183171110814,5.0,0.04056391963375917,1,local,monsoon
2.0,357.53507562050004,151,8,0,1,3.7471247001667294,2.0,2.2298868479384506,2.4861976773044394,2.7719697509981467,0.02571252898809777,0,arterial,monsoon
5.0,126.94556316139385,223,11,1,2,9.341872059113731,4.0,5.0,5.0,5.0,0.024570079329245095,0,collector,pre_monsoon
4.0,159.45144178572605,475,10,1,1,10.142293311136433,3.0,4.727313209276368,5.0,5.0,0.039751024073305115,1,local,pre_monsoon
1.0,79.01208644421098,124,5,1,1,13.463800104574213,1.0,1.088532518867922,1.184903044632943,1.289805495788567,0.019990973529223462,0,arterial,post_monsoon
3.0,132.07970944941482,477,7,0,0,10.22483794555434,3.0,3.290877293488536,3.609957786932811,3.959976037156438,0.021827927142797895,0,arterial,pre_monsoon
4.0,37.068105139203574,321,7,0,1,8.408255701513603,3.0,4.231310459630115,4.475997051443804,4.734833285261931,0.013203800272899696,0,arterial,dry
5.0,19.560995803758054,484,7,0,2,4.483303014288331,2.0,5.0,5.0,5.0,0.01590842751323605,0,collector,dry
3.0,100.36305175212809,534,4,1,2,12.242267477113742,4.0,3.454070617808351,3.9768679442689874,4.578794239067802,0.033432995141727304,1,arterial,pre_monsoon
3.0,279.2999222398704,128,8,0,1,8.017199031145664,2.0,3.284137361779522,3.5951860703453864,3.935694965390195,0.021339230225983927,0,collector,monsoon
2.0,32.29526476826742,565,4,1,1,18.60403266882849,2.0,2.2417568266365078,2.512736834885693,2.816472476573007,0.026983937852142658,0,collector,dry
5.0,411.47103086695415,410,4,0,0,12.75073330669051,3.0,5.0,5.0,5.0,0.040488069773121985,0,collector,monsoon
2.0,44.491179070262305,50,6,0,1,14.810514200164954,3.0,2.0968851925905323,2.1984637554527167,2.3049630476278873,0.011099168765667845,0,arterial,dry
5.0,81.25633306539106,407,8,0,1,10.756056668554143,3.0,5.0,5.0,5.0,0.022458533796364092,0,highway,pre_monsoon
3.0,373.51043477568874,575,11,0,0,13.006401448839558,2.0,3.671099288243676,4.492323328047743,5.0,0.048232138770156065,1,collector,monsoon
3.0,56.71327105418972,418,9,1,2,7.5464234211487335,2.0,3.2956939385018167,3.6205328454258723,3.9773893842722607,0.022176701044954863,0,local,dry
3.0,211.20239167897049,406,11,0,1,6.108905871651971,2.0,3.538052046338935,4.1726040942010405,4.920963484683402,0.03924200296314684,1,local,monsoon
2.0,44.67090251617109,530,14,0,1,12.075655386742783,4.0,2.1683905261831824,2.350958737020489,2.548898326401404,0.019041219532266118,0,collector,dry
2.0,326.0978032120055,404,4,1,0,14.85195827600538,2.0,2.3939982599161485,2.8656138342407735,3.4301372663820273,0.042850118372148374,1,arterial,monsoon
2.0,50.031961987978974,446,9,2,0,3.0,1.0,2.1896571940494467,2.397299313726248,2.62463184429524,0.02136451286974421,0,collector,dry
2.0,80.54953881609006,234,10,1,1,9.504482545979796,1.0,2.3565124097235377,2.776575368590517,3.2715171563081293,0.039016884140497754,1,local,post_monsoon
4.0,43.08481998894577,396,8,2,1,21.21061053944196,0.0,4.37633385724905,4.788074507526087,5.0,0.021202272703613016,1,collector,dry
2.0,77.73133106652193,876,10,2,1,14.396137758349774,3.0,2.4041799301061695,2.8900405681626533,3.4740887655846415,0.043883324636576154,1,arterial,post_monsoon
1.0,113.27277133355442,535,7,2,0,19.688230168452492,2.0,1.115619208543237,1.2446062184706386,1.388506604398205,0.025857558707859787,0,arterial,pre_monsoon
5.0,384.4047621446267,553,9,2,1,8.829775241057076,7.0,5.0,5.0,5.0,0.09584146207905049,0,collector,monsoon
4.0,61.38108898559398,371,1,1,1,9.7104711750278,2.0,4.3785515428625414,4.792928403375986,5.0,0.021322996739503934,1,arterial,dry
5.0,65.59937073808331,421,7,2,1,16.833666601722538,1.0,5.0,5.0,5.0,0.036403531517388656,0,highway,post_monsoon
5.0,26.066763123847515,454,9,0,1,15.117601776891629,1.0,5.0,5.0,5.0,0.017799898982726946,0,arterial,dry
2.0,29.965083513404437,674,11,0,1,11.528077119701575,2.0,2.197055817040195,2.413527131595079,2.651326912027652,0.022168724881401054,0,collector,dry
2.0,117.45100209335558,739,3,2,2,5.687420953657476,1.0,2.193125022963324,2.40489868317394,2.637121739880157,0.021741716263382744,0,local,pre_monsoon
4.0,48.002799897135944,409,6,0,2,17.784259811134554,2.0,4.40942026262946,4.860746763121814,5.0,0.022998547707530282,1,local,dry
3.0,50.14642157981383,495,2,2,1,24.55114073763856,3.0,3.2274638843722663,3.472174374975772,3.7354391318257174,0.017199251283153878,0,collector,dry
2.0,84.53177898785138,452,5,0,0,4.1406690585162345,1.0,2.245865768625367,2.521956525341605,2.831987915113042,0.027422849417842034,0,arterial,post_monsoon
4.0,42.36071647450791,652,8,0,0,19.018095748747193,2.0,4.274844018539087,4.568572845709852,4.8824840756857135,0.015626597237560252,0,arterial,post_monsoon
2.0,177.57843900433377,593,11,2,1,9.658494286713143,2.0,2.552755086583369,3.2582792660386315,4.158794484944622,0.05859166310321207,1,collector,pre_monsoon
2.0,71.62405269954121,482,10,0,0,10.33265674480925,2.0,2.2584689666687625,2.550341036702934,2.8799330429077084,0.02876527681623672,0,collector,post_monsoon
3.0,328.9285257007754,701,7,1,1,13.34819743769167,2.0,3.7848145251305496,4.77494032987973,5.0,0.055720077510635485,1,collector,monsoon
3.0,44.72636414823556,603,4,0,1,5.972383604300013,2.0,3.22815492184806,3.473661399817286,3.737839048217932,0.0172500657512715,0,arterial,dry
3.0,261.3832556370871,345,6,2,1,11.814307775278074,3.0,3.4571890390750646,3.984052017300256,4.591206988438449,0.033650621969625163,1,highway,monsoon
1.0,217.96236502091733,501,17,1,0,3.9437318609891516,2.0,1.20619203456964,1.4548992242592478,1.7548878554030531,0.04471341898172965,0,arterial,monsoon
4.0,50.815075498309696,464,1,0,0,14.380412448891024,1.0,4.302966935730712,4.628881112497939,4.979480594126756,0.017181698157924738,0,collector,post_monsoon
2.0,43.10063374016284,302,2,0,2,23.168610189815844,1.0,2.10284886017654,2.210986664372887,2.3246853935210283,0.011769418066877218,0,highway,dry
1.0,359.9526694223834,454,7,1,0,8.802342554181688,4.0,1.1063747929339078,1.2240651824395472,1.35427486275916,0.023867749674604033,0,local,monsoon
4.0,50.15351856541537,727,9,2,2,11.156283308541441,2.0,4.5721127133819595,5.0,5.0,0.03168381786531338,1,collector,dry
5.0,29.799015531175186,718,10,1,1,11.402609119636258,2.0,5.0,5.0,5.0,0.024513860456439437,0,arterial,dry
4.0,59.98968278043901,682,8,0,0,16.932342969955013,0.0,4.276927952490169,4.573028177697938,4.889628010180373,0.01574210027025076,0,highway,dry
4.0,92.65908677655158,655,1,2,0,14.027861845259006,2.0,4.388447486626362,4.814617835719308,5.0,0.021861131103612246,1,arterial,post_monsoon
3.0,58.59730868358925,541,6,2,1,16.601730051759642,0.0,3.303043199248581,3.6366981253674333,4.0040570035716545,0.022708109710137155,1,local,post_monsoon
3.0,361.6801474471151,379,1,1,0,9.468823323988136,1.0,3.311499796148529,3.6553436332972487,4.034889898838887,0.023318466900931253,1,local,monsoon
1.0,293.8091082040674,612,8,1,2,14.167845024098982,2.0,1.2621843114785665,1.5931092361426227,2.010797484330821,0.05583320197879276,1,arterial,monsoon
3.0,29.155787241474226,170,8,0,1,3.0,2.0,3.1481161546422163,3.303545107706432,3.466647907053294,0.011308246041763182,0,local,dry
2.0,56.56831787486787,365,6,0,1,15.337312859945147,3.0,2.1386532085937833,2.286918773314242,2.445463086170931,0.01576307222676308,0,highway,dry
2.0,47.42007279172037,720,2,2,2,5.911036456023686,3.0,2.226734209562932,2.479172620018927,2.760229242203954,0.025373973950547676,0,collector,dry
4.0,153.52897324811872,401,3,0,0,10.362030592500373,1.0,4.579513258966535,5.0,5.0,0.03207322232275815,1,collector,pre_monsoon
3.0,305.626648463774,627,1,0,2,15.726255543221024,1.0,3.521993464413523,4.134812654457191,4.854261048524187,0.038139465291000464,1,local,monsoon
1.0,349.35070103826763,427,6,1,2,4.319550836900461,2.0,1.2347583144547518,1.5246280951151399,1.8825472168947295,0.05043485490639271,0,collector,monsoon
2.0,7.606499835360118,610,19,0,1,17.447163991110127,5.0,2.2703123076579934,2.577158987151681,2.925477883660935,0.030021543921830797,0,local,dry
3.0,41.27605128081091,191,6,2,0,11.37847594355638,0.0,3.1909300483302996,3.3940115244457365,3.610017785911076,0.014500830177323744,0,collector,dry
1.0,42.3696905905789,754,5,0,1,19.265577431436192,3.0,1.0969412966138121,1.203280208216791,1.3199277517910646,0.021824057984634434,0,arterial,dry
4.0,156.73916193645525,276,7,1,2,7.485779204821068,1.0,4.744240065338538,5.0,5.0,0.04061853071155094,1,arterial,pre_monsoon
3.0,87.12214749288293,227,2,1,0,3.0,4.0,3.2132554467440784,3.441670188676829,3.68632182655418,0.016152600174219347,0,arterial,post_monsoon
3.0,366.44136644426317,743,2,2,0,11.855266423309809,0.0,3.784008362799482,4.772906429912137,5.0,0.055667604144011826,1,arterial,monsoon
3.0,108.22266489693057,499,4,0,1,14.935380339236211,2.0,3.286449290099257,3.6002496454646358,3.9440126305057843,0.021506949389128508,0,arterial,post_monsoon
4.0,94.13079191508956,438,10,0,1,15.354684694051107,0.0,4.500344552947953,5.0,5.0,0.027882204437492328,1,collector,pre_monsoon
2.0,102.39125370071147,813,8,1,0,6.32255932036382,1.0,2.2667676523832974,2.5691177949456425,2.9117965563725443,0.02964607708589006,0,arterial,pre_monsoon
3.0,35.65394369721458,646,6,1,2,3.876834649400445,1.0,3.2523210028216827,3.5258639684650124,3.822413812576989,0.019021862040122194,0,local,dry
3.0,77.36017601778305,410,9,0,2,10.438380130492176,0.0,3.4235958280048107,3.907002797843982,4.45866615956726,0.031298266802333316,1,local,post_monsoon
2.0,301.90842225383915,473,13,0,0,14.582219952377955,2.0,2.45068880446624,3.002937808168084,3.679633033492957,0.0485606925484752,1,collector,monsoon
4.0,36.9900528533229,714,9,0,2,14.328933910531603,2.0,4.2641329532508925,4.5457074607500445,4.845875244805676,0.015032249255790128,0,collector,dry
4.0,396.69685684756917,307,2,0,0,19.860631682360726,3.0,4.671498519757714,5.0,5.0,0.0368735252182484,1,arterial,monsoon
3.0,118.61514168090085,788,1,1,0,10.132723992912915,0.0,3.233746081347478,3.485704572876723,3.7572945010916965,0.017660897388833148,0,collector,pre_monsoon
4.0,308.3995430192226,411,1,1,0,3.0,2.0,4.604983644503836,5.0,5.0,0.033409755072127144,1,collector,monsoon
4.0,94.47282559432249,325,10,1,1,17.983332191421177,3.0,4.691747489142266,5.0,5.0,0.03792048235112335,1,local,post_monsoon
4.0,345.3394878469925,717,3,0,2,12.97597657055377,2.0,4.868107440488959,5.0,5.0,0.04689559260912506,1,arterial,monsoon
4.0,252.28192913724757,646,10,2,0,13.410939552504555,1.0,5.0,5.0,5.0,0.05879956161823204,1,local,monsoon
3.0,40.0260240381081,144,5,2,1,15.835451960532918,2.0,3.2264616542766937,3.4700182688392998,3.7319602946831987,0.017125538880135835,0,local,dry
3.0,47.64500913195396,478,8,0,0,18.31821795184331,2.0,3.1656804492657047,3.340510902287705,3.5249966846437086,0.012621998407491513,0,collector,dry
3.0,47.580009158110485,278,9,0,0,11.884900079248988,2.0,3.1749870676352314,3.360180959883656,3.556177030848249,0.013315839665065256,0,arterial,dry
4.0,26.21203348933325,659,3,1,2,17.882758166640347,1.0,4.339933196716062,4.708755037989526,5.0,0.019213996627449922,1,collector,dry
2.0,308.98758067901207,843,10,1,1,14.760681320708924,3.0,2.6906614066389305,3.6198294025880937,4.86986763608032,0.0716676290842115,1,collector,monsoon
4.0,313.10294411048943,607,4,1,1,8.722088043460005,5.0,5.0,5.0,5.0,0.06380984856790001,1,collector,monsoon
4.0,44.0804034494324,348,4,1,1,10.833807639157444,3.0,4.346715450979017,4.72348380294493,5.0,0.0195854233802626,1,collector,dry
1.0,65.36982757740996,677,10,0,0,15.083720116992529,3.0,1.1161332557907089,1.2457534446819678,1.3904268481253754,0.025967832981936473,0,arterial,post_monsoon
4.0,78.81161843166186,489,9,0,0,8.455876178780523,1.0,4.506735573864899,5.0,5.0,0.028222619147721287,1,arterial,dry
1.0,22.36210344119133,485,8,0,0,16.432295510682263,2.0,1.0352473377274638,1.0717370502718013,1.1095129280377674,0.008115507062573708,0,arterial,dry
2.0,54.70137430296934,402,2,2,2,12.790917504236035,3.0,2.194744857854438,2.4084524955392492,2.6429693649857287,0.021917752609167996,0,arterial,dry
4.0,97.65731529646834,520,5,2,1,13.90809119549909,3.0,4.506602117717912,5.0,5.0,0.028215514453786422,1,arterial,pre_monsoon
2.0,47.39175960885291,485,9,2,1,19.202526617750763,2.0,2.173934431439135,2.3629954560982975,2.568498591673156,0.019648545190997388,0,arterial,dry
4.0,137.39916513100832,50,16,0,1,13.782834387880989,3.0,4.583625912423462,5.0,5.0,0.03228941482918355,1,arterial,pre_monsoon
4.0,140.09604113714465,505,14,1,2,12.357059269576565,3.0,4.702013678199313,5.0,5.0,0.03844996475421598,1,local,pre_monsoon
3.0,101.01419244479179,472,5,1,0,11.587057684459388,5.0,3.27775970508031,3.581236228082719,3.912810600927778,0.020876092488755833,0,local,post_monsoon
1.0,29.750999541732604,569,4,0,0,11.32671520109629,1.0,1.0565820660658947,1.1163656623320748,1.1795319379918445,0.012925306446715527,0,collector,dry
2.0,57.57523295834217,98,13,1,0,13.561496821018036,6.0,2.1235179188909,2.2546641759253694,2.3939098893294535,0.0140811687024252,0,collector,dry
3.0,34.44832594866223,602,9,1,2,18.816614920582076,3.0,3.4169827892761786,3.8919237940698714,4.4328788738370655,0.03083310775676111,1,local,dry
5.0,288.76216360626205,505,5,2,1,8.941118698329156,2.0,5.0,5.0,5.0,0.04148236767158545,0,collector,monsoon
3.0,17.322928829823994,599,7,0,1,8.562714306645184,0.0,3.1379004405849784,3.2821397250078004,3.4330092297211454,0.010541557024696098,0,arterial,dry
2.0,69.41556274410658,174,2,1,0,18.425199475990148,1.0,2.1437553341938154,2.297843466442218,2.463007094163956,0.01632798733984558,0,local,post_monsoon
3.0,443.2708933642856,253,11,2,0,9.169265300707231,3.0,3.741891487641645,4.667250635095002,5.0,0.05291420461106324,1,collector,monsoon
3.0,412.5684064261809,125,12,1,0,13.08047433176352,2.0,3.4221026900518687,3.9035956070867446,4.452835009295402,0.03119330020021301,1,collector,monsoon
4.0,299.85284366121505,529,13,0,2,9.041012675920673,0.0,4.822727203225529,5.0,5.0,0.04461028610536346,1,highway,monsoon
1.0,32.64401121156369,430,11,0,2,3.602577708217705,2.0,1.0745275293827659,1.1546094114014307,1.2406595982352688,0.016913690531100794,0,collector,dry
4.0,61.30594646647786,471,5,2,1,12.991125966459808,1.0,4.6524683149042305,5.0,5.0,0.03588640714465007,1,highway,dry
3.0,62.70167463083726,221,10,0,0,17.575839470130255,1.0,3.3696997862567466,3.7849588831662544,4.251391713198634,0.02748696970677866,1,collector,dry
5.0,313.5572828953973,258,12,2,2,11.689725741036376,1.0,5.0,5.0,5.0,0.07396704690463857,0,collector,monsoon
2.0,14.353482890055062,50,10,0,1,4.59170718371886,2.0,2.167250449373265,2.3484872551543092,2.544880029540281,0.01891617845814381,0,collector,dry
3.0,7.6377425621893025,230,10,2,0,12.545352915252076,1.0,3.249202325582215,3.519105250856291,3.811428321683615,0.018793776888695643,0,local,dry
5.0,77.37496242739697,369,7,1,0,8.22024305677304,3.0,5.0,5.0,5.0,0.027617766773645542,0,arterial,post_monsoon
1.0,49.83933433328196,380,3,2,1,3.0,1.0,1.0386697145000834,1.0788347758196846,1.1205530085933932,0.008892149543701463,0,collector,dry
5.0,107.6065766815167,486,14,0,2,11.595581391382298,1.0,5.0,5.0,5.0,0.03250806712539715,0,local,post_monsoon
3.0,442.1318874031757,652,6,2,1,14.588420969440163,4.0,4.3348185980936735,5.0,5.0,0.08967818637177621,1,collector,monsoon
1.0,27.93186077958876,362,11,0,0,17.888527390659583,1.0,1.058136180916168,1.1196521773638537,1.1847444789102601,0.01327275407560373,0,arterial,dry
2.0,49.82469690870757,597,16,0,0,20.784273699810704,1.0,2.2819714280464796,2.603696799210245,2.9707808515469254,0.0312533719035432,0,arterial,dry
4.0,65.17278068348365,655,10,2,0,15.254678386932548,1.0,4.48542654368951,5.0,5.0,0.027086159061533763,1,local,dry
1.0,361.83428278341876,730,11,0,2,16.66783704302797,1.0,1.4357868468892065,2.06148386970005,2.9598514251895955,0.08806371213702736,1,local,monsoon
3.0,299.1485034488685,597,3,1,0,5.577172749609668,2.0,3.333864170980555,3.704883436849289,4.117192715923714,0.024926882599796963,1,collector,monsoon
2.0,250.6066869759598,514,4,0,0,20.10912900773127,3.0,2.2379699590037445,2.5042547687016112,2.8022234710230385,0.02657888334084973,0,collector,monsoon
3.0,21.44382823981755,283,12,1,1,18.336800907857754,1.0,3.240421751297017,3.500111042092943,3.780611984250947,0.018150704875510914,0,arterial,post_monsoon
1.0,392.9868432366248,554,4,1,0,10.164422575167384,2.0,1.2216537136865138,1.4924377961640507,1.8232421761299291,0.04782292148883802,0,collector,monsoon
4.0,45.69509283526607,424,1,0,0,15.408300626439216,3.0,4.1895110179298705,4.3880006423389455,4.595894259440591,0.010859462089825142,0,collector,dry
5.0,46.07443296386749,775,1,0,1,14.90534091724305,2.0,5.0,5.0,5.0,0.014629215116024673,0,local,dry
5.0,57.85074793814678,518,6,0,1,19.35106755275197,4.0,5.0,5.0,5.0,0.019648432556853508,0,highway,post_monsoon
4.0,40.13172320718192,468,6,0,0,11.24446113920058,1.0,4.257630623631472,4.531854631821129,4.823740765571942,0.014670881925976272,0,local,dry
1.0,13.626675551956321,783,10,0,2,8.268836811499941,0.0,1.1080166525688855,1.2277009023699583,1.3603130441997613,0.024222079322141946,0,arterial,dry
4.0,299.5344240715035,403,3,1,1,9.55000815169328,1.0,4.408371762248389,4.858435398547241,5.0,0.02294178298858008,1,collector,monsoon
1.0,107.36691683514505,499,12,1,2,16.483979916819337,1.0,1.1559529993968123,1.3362273368144866,1.5446159978667202,0.03439411517623471,0,arterial,pre_monsoon
1.0,91.83038022518971,901,2,1,1,3.0,2.0,1.1115262471218081,1.2354905980406907,1.3732802277944474,0.024978136993581115,0,arterial,post_monsoon
2.0,402.6885608298568,553,2,1,1,3.0,0.0,2.4109426097510216,2.9063221337565333,3.5034879349680668,0.04456772909121672,1,arterial,monsoon
3.0,42.9127135839163,725,7,1,2,16.471245034839892,0.0,3.2955798405222803,3.6202821617522867,3.976976303091086,0.022168443715601414,0,collector,dry
4.0,86.05610581224124,800,7,0,1,13.374027320776497,0.0,4.404674917064081,4.850290281253366,5.0,0.02274155701644638,1,local,post_monsoon
3.0,34.63760729092408,389,9,2,0,12.092316681515888,1.0,3.2955047260015595,3.6201171330328714,3.9767043735296816,0.022163007519533467,0,collector,dry
3.0,51.857943451380336,681,2,0,1,5.472266860057719,3.0,3.1836898425793336,3.3786270045809417,3.585500158782861,0.013963252905794693,0,highway,dry
2.0,154.16731834440142,433,8,0,0,3.4505511770235593,3.0,2.134077774638161,2.277143974102283,2.429801172391449,0.015255593784609143,0,arterial,pre_monsoon
5.0,56.750242491133704,907,1,0,0,8.82735458250907,1.0,5.0,5.0,5.0,0.016126128779638288,0,collector,dry
3.0,96.3734567811388,788,1,1,2,13.808475496848407,2.0,3.3581064323971033,3.7589596037689335,4.207662141512442,0.026661037232543528,1,collector,pre_monsoon
3.0,36.89504694273074,648,14,0,1,9.071221436163974,2.0,3.2944433142543,3.617785583611619,3.9728631761116295,0.022086180758782322,0,arterial,dry
2.0,112.92059703399161,708,11,0,0,16.50050100121011,3.0,2.2873752276997443,2.616042716147229,2.991935651759763,0.03182266686962313,0,highway,pre_monsoon
4.0,105.30167937078113,360,6,0,0,7.2297032898985405,3.0,4.2993202282169145,4.621038606188787,4.966831188739687,0.016980488240695632,0,collector,pre_monsoon
3.0,320.85723271303937,843,1,0,1,9.40327463420208,0.0,3.6728980362365173,4.496726661530022,5.0,0.048351958101896284,1,highway,monsoon
2.0,69.29619367280213,319,5,1,0,15.516005273421847,2.0,2.24480439666383,2.5195733896406307,2.8279747113912386,0.027309534128665613,0,collector,post_monsoon
1.0,39.975809914082376,581,8,1,0,10.115424917577169,2.0,1.0622240646946464,1.128319963616416,1.1985286180287449,0.014184802615297436,0,arterial,dry
3.0,168.05696374769946,357,5,0,0,10.363250198387018,4.0,3.3030918051691054,3.636805157791767,4.004233771232908,0.02271162127709582,1,arterial,pre_monsoon
3.0,96.3507220567511,672,13,0,1,8.782557731755936,0.0,3.490376386187809,4.060909105752489,4.72470041639118,0.0359574111335227,1,local,pre_monsoon
2.0,50.61870008580257,849,9,1,1,7.8552962959857595,2.0,2.2288124296437744,2.4838024232672926,2.7679648568787343,0.025597190768297418,0,arterial,dry
5.0,188.48128062320714,590,3,2,0,13.77088676948105,4.0,5.0,5.0,5.0,0.03233355800723846,0,highway,monsoon
2.0,234.6659299095876,563,1,1,2,14.418531473223126,0.0,2.325831941732575,2.7047471105917604,3.1453936120616035,0.03584461224199853,1,collector,monsoon
3.0,26.470477924324697,477,10,1,2,13.135742187756414,1.0,3.182488598190115,3.3760778925366948,3.5814431331999153,0.013873971206870827,0,arterial,dry
5.0,101.64696413421842,520,10,1,1,8.919081972232794,0.0,5.0,5.0,5.0,0.028423474867783644,0,collector,pre_monsoon
3.0,60.23391259178625,432,10,0,0,10.992540500433137,4.0,3.2809872931565245,3.5882925392848586,3.9243807418406593,0.02111056230433365,0,arterial,dry
3.0,323.8644513459165,826,13,2,1,19.97967391710588,1.0,4.2630472805220885,5.0,5.0,0.08544146670037013,1,arterial,monsoon
2.0,31.088145850516533,658,8,0,1,4.894583114502165,1.0,2.091735403716821,2.187678499581186,2.2880222847620306,0.010519213400054994,0,local,dry
2.0,62.24294907122305,430,7,1,0,21.429456402143195,1.0,2.202847414110977,2.426268364927709,2.6723494968101353,0.022796809604444957,0,collector,post_monsoon
5.0,354.2291651647814,512,10,2,1,12.498599230587734,0.0,5.0,5.0,5.0,0.06854618347509756,0,collector,monsoon
3.0,60.62040615441914,1083,11,0,1,11.09936805011748,2.0,3.619232299656735,4.366280812959526,5.0,0.04475762074601776,1,arterial,pre_monsoon
4.0,393.23303623587395,554,9,0,2,16.766891694008386,1.0,5.0,5.0,5.0,0.07226237894682734,1,arterial,monsoon
2.0,36.460758743721875,790,7,1,0,3.0,0.0,2.220990768439341,2.466399996746387,2.7389258120262734,0.024756252460085018,0,collector,post_monsoon
2.0,334.6459066101432,384,10,1,0,18.901597872898755,1.0,2.330843287086999,2.716415214479263,3.16576908380499,0.03636495438496662,1,collector,monsoon
1.0,41.26885950621303,594,7,2,0,21.288629144741904,3.0,1.0805999864510027,1.1676963307179073,1.2618126391526563,0.018251730443842616,0,local,dry
3.0,124.81686354892258,375,5,1,2,17.439864337295496,0.0,3.3580548293435797,3.758844078959246,4.207468170699539,0.026657356049877123,1,collector,pre_monsoon
2.0,35.00401161528906,392,7,0,0,3.0,4.0,2.1584407167363984,2.329433163832769,2.513971693866369,0.017948242343875938,0,local,post_monsoon
4.0,308.4150755596032,658,5,0,1,15.82083898900241,4.0,4.9640824751968955,5.0,5.0,0.0516755226309901,1,arterial,monsoon
3.0,383.0191731365813,320,6,1,2,20.22999279009342,3.0,3.675457610531868,4.502996215605544,5.0,0.04852238054217657,1,arterial,monsoon
5.0,82.80844871830942,261,3,1,2,19.713743938678775,1.0,5.0,5.0,5.0,0.026291954607252414,0,arterial,post_monsoon
2.0,139.79683473643212,637,10,0,1,4.959553763868032,0.0,2.26220908539413,2.5587949730198725,2.8942646178131914,0.02916254961319896,0,local,post_monsoon
4.0,107.17289044472501,402,7,1,2,17.08178415801503,0.0,4.589065755482772,5.0,5.0,0.03257514623576601,1,local,post_monsoon
4.0,51.66460656963913,443,9,2,1,20.97785201389574,4.0,4.5849807320406395,5.0,5.0,0.032360601940127416,1,arterial,dry
4.0,334.9336381479954,139,8,1,2,12.147328593230096,2.0,4.582791458824071,5.0,5.0,0.03224556159827872,1,arterial,monsoon
4.0,296.53061766482944,246,3,0,0,4.736493886051398,1.0,4.251930530735596,4.519728309550371,4.804392697501801,0.014353750751442965,0,local,monsoon
4.0,294.2577651144401,544,12,0,1,16.14326296362467,1.0,4.778825543746458,5.0,5.0,0.042383695826997775,1,local,monsoon
3.0,217.71284565259313,453,6,0,1,17.26928984325875,2.0,3.520042941859008,4.1302341041771395,4.846200468878035,0.03800528549228926,1,local,monsoon
1.0,33.30649949823329,681,5,1,1,11.303959178370487,1.0,1.0992922059619106,1.2084433540886037,1.3284323604960715,0.02233462048983251,0,arterial,dry
1.0,291.2019112310764,320,7,1,1,6.046382720680878,1.0,1.1014520960477943,1.2131967198880793,1.3362780700390338,0.022802960770002146,0,collector,monsoon
5.0,289.04114063905524,466,7,0,0,16.909360420180818,8.0,5.0,5.0,5.0,0.03260540076686774,0,local,monsoon
3.0,31.387223979754374,509,17,1,0,8.15595567189121,4.0,3.40498893801706,3.864649889339514,4.386363374169967,0.02998770008888075,1,arterial,dry
4.0,114.55017218442586,459,9,2,1,13.986733632694353,0.0,4.755246605309874,5.0,5.0,0.04118134695762346,1,collector,pre_monsoon
3.0,60.685348614569364,619,5,0,0,19.79083177506473,3.0,3.397209381047759,3.847010526226299,4.35636674956182,0.029438122905283907,1,collector,dry
1.0,58.308554385176336,282,14,0,0,3.706009515239902,2.0,1.065784921240126,1.1358974983428218,1.2106224258081606,0.014977075665903346,0,arterial,dry
1.0,44.52683246195775,602,1,1,2,16.538819989846267,3.0,1.0954360979732212,1.1999802447427965,1.314501676946,0.02149672339208023,0,highway,dry
3.0,137.3076123205288,727,5,1,0,10.967089848400997,6.0,3.3069684837724855,3.6453468508881643,4.01834904943548,0.022991566996416704,1,highway,pre_monsoon
3.0,292.2286228571372,335,4,2,0,11.096733580077125,1.0,3.3462226664030092,3.732402044383088,4.163149440347873,0.02581214321464564,1,collector,monsoon
2.0,338.7693342060108,580,6,1,0,14.571582172664133,1.0,2.3625949978505605,2.7909275619342444,3.296915748594553,0.039642040703485426,1,arterial,monsoon
3.0,354.42602659411403,571,8,0,1,8.143079842929215,1.0,3.7600496027687806,4.712657671760555,5.0,0.05410419384135208,1,local,monsoon
1.0,41.318036218827025,617,8,2,2,6.124904315356785,2.0,1.1072811917729601,1.2260716376541467,1.3576060641407084,0.02406340936987,0,arterial,post_monsoon
3.0,58.236621346119605,500,8,1,0,3.0790261398466114,5.0,3.2649638891188455,3.5533297324166857,3.8671644208242704,0.019944788185401952,0,arterial,dry
2.0,42.724002086939215,783,9,0,1,18.158813547096074,2.0,2.243019394590392,2.5155680022543234,2.821233908733727,0.027118869230398062,0,collector,dry
4.0,87.88274066926478,922,6,2,0,10.141639074455181,3.0,4.643218309759546,5.0,5.0,0.03540548062608132,1,collector,post_monsoon
2.0,47.18410283398946,625,12,2,1,14.84970206178683,2.0,2.33490311195537,2.725886271109436,3.1823401686249206,0.03678586895325571,1,arterial,dry
3.0,63.01774200930986,562,1,0,1,9.574839625591725,4.0,3.2133092016790554,3.4417853418650957,3.6865068364064015,0.01615656666109412,0,collector,post_monsoon
1.0,24.30501106658545,502,1,2,1,6.191197483125221,6.0,1.1018815013064973,1.2141428429214605,1.3378415385588376,0.022895987041381568,0,arterial,post_monsoon
1.0,316.1673300301192,237,9,0,2,15.261563049695699,0.0,1.2722579741722733,1.6186403528449367,2.059328096223993,0.05779345541793138,1,local,monsoon
2.0,72.85588209909109,214,5,0,2,13.63981286862411,3.0,2.1578895042212674,2.328243556214153,2.5120461666126594,0.01788757933522502,0,highway,post_monsoon
3.0,46.78430748675215,269,13,0,2,10.81550423006287,0.0,3.2282440505503285,3.473853216637863,3.738148659698767,0.01725661909775014,0,local,dry
3.0,49.48012484289787,553,11,0,1,13.509480317207341,2.0,3.285966923656535,3.59919287445493,3.942276245773063,0.021471963517455242,0,collector,dry
2.0,340.53353476546073,461,9,1,1,7.197577218779983,0.0,2.46829093717482,3.0462300752696763,3.7594910436687563,0.050313180886511766,1,arterial,monsoon
3.0,81.1520434397922,805,5,1,0,17.302998872776556,1.0,3.3514106365646703,3.743984418292936,4.182543067533112,0.026183019704202063,1,local,pre_monsoon
4.0,83.71327539103761,50,9,2,0,18.461973192672374,1.0,4.338480535106751,4.705603338375039,5.0,0.019134384485181066,1,highway,post_monsoon
4.0,23.200820941341807,508,5,0,1,15.796522856684604,1.0,4.426965523402973,4.899505936349639,5.0,0.023946897933934976,1,arterial,dry
1.0,250.92640054957135,586,7,1,1,10.140071204531651,4.0,1.127666819692257,1.2716324562348493,1.4339777277398058,0.028431855715836844,0,collector,monsoon
3.0,386.29983210826487,679,5,1,0,12.296733973417046,2.0,3.4919706354129714,4.064619639528822,4.731177475119168,0.036067800340398234,1,collector,monsoon
1.0,297.3481310864105,528,8,0,0,19.844182240673817,2.0,1.113110065915999,1.2390140188435195,1.3791589761857566,0.025318733409533563,0,collector,monsoon
2.0,64.76850957560288,572,5,1,1,18.405831088055887,6.0,2.2265073928617216,2.4786675852339504,2.7593858514850513,0.02534960242683394,0,collector,dry
5.0,63.688825361090736,535,11,1,0,21.969345452543628,1.0,5.0,5.0,5.0,0.027159829433553606,0,highway,pre_monsoon
1.0,119.64436420115847,587,8,1,1,8.097405733434131,1.0,1.1771816259146541,1.3857565803910687,1.6312871844266894,0.038795702095988024,0,arterial,post_monsoon
3.0,54.75859232999385,496,4,2,1,7.648938580064337,3.0,3.229965788411346,3.4775596647692426,3.7441329147879605,0.01738318572565092,0,collector,dry
3.0,71.89819540495546,923,5,2,2,12.671851437910545,4.0,3.498646580860772,4.080175965922923,4.758364564162177,0.036529637766522266,1,highway,post_monsoon
4.0,296.6912055937112,615,1,1,1,14.0344787864815,1.0,4.401638215829282,4.843604745762195,5.0,0.022576988899418872,1,collector,monsoon
3.0,307.03991470561317,539,1,0,0,11.288554174702186,4.0,3.423861299511228,3.907608732763571,4.459703437913767,0.03131692559720385,1,local,monsoon
1.0,340.03790898057144,352,10,2,0,10.051577860822972,1.0,1.298866284570748,1.6870536251946189,2.1912570740281456,0.0629145944106918,1,arterial,monsoon
2.0,44.27447372744046,431,5,1,0,18.336975914145647,1.0,2.1543328395526644,2.3205749917875234,2.499645455726258,0.0174958691247834,0,highway,dry
3.0,316.03325636287957,802,2,2,0,11.546339547264301,4.0,3.7549628767273706,4.699915401866899,5.0,0.05377128108156821,1,arterial,monsoon
1.0,71.69555515173154,50,8,0,1,5.92394291040838,2.0,1.0539111939705321,1.1107288047763924,1.1706095208193497,0.012327273212214582,0,highway,post_monsoon
2.0,114.66041376145965,511,4,2,1,6.501554565322376,0.0,2.267257139740998,2.5702274688532656,2.9136832897580005,0.02969795270357037,0,arterial,pre_monsoon
1.0,67.12838343990545,495,6,1,1,13.235321625667508,3.0,1.1263771553525932,1.2687254961002,1.4290634152206507,0.028157294823758287,0,collector,post_monsoon
1.0,92.47152032681004,600,1,1,1,27.013262424558434,5.0,1.1029145481802898,1.2164205005877324,1.3416078668029607,0.023119672305324482,0,collector,pre_monsoon
2.0,55.095033536576935,553,9,0,1,7.1202812812741065,3.0,2.194653847198302,2.4082527545111536,2.6426405863569054,0.021907864623281707,0,collector,dry
1.0,125.61206813929799,803,7,1,2,10.425629656634701,1.0,1.1608695092442154,1.3476180174929053,1.5644086666156514,0.03541899438888578,0,arterial,pre_monsoon
3.0,68.40506825875302,519,8,0,2,24.024023876330197,2.0,3.4699652983972955,4.013553057360477,4.642296610772409,0.03454067690339832,1,highway,post_monsoon
3.0,49.32928363718396,487,5,0,0,9.578596350807654,3.0,3.157941472245433,3.3241981140425505,3.499207695431675,0.0120438384550952,0,collector,dry
4.0,55.76802004139087,690,7,0,1,14.277304206357027,2.0,4.319580586778724,4.664694111418905,5.0,0.018096718203157194,1,local,post_monsoon
2.0,101.09973130297992,806,1,0,0,21.379553612956155,0.0,2.165642449283802,2.345003609069972,2.539219679762825,0.018739730853557568,0,arterial,post_monsoon
2.0,124.13275215522111,637,16,0,1,7.242606595480889,3.0,2.2682108615710392,2.5723902562744176,2.9173617597405714,0.029799002993025896,0,local,pre_monsoon
1.0,27.502933297156588,702,8,1,0,10.453698889892197,3.0,1.0866889376122133,1.1808928471287607,1.2832631934802146,0.01958762903220942,0,collector,dry
3.0,170.75259447763224,456,13,2,1,9.578170331827298,2.0,3.5462794579662127,4.192032664664378,4.955373108607549,0.03980538852090459,1,highway,monsoon
4.0,28.273892916631983,525,5,0,0,4.410523185164042,2.0,4.295734814343972,4.613334398791711,4.954415296775044,0.016782532642613483,0,collector,dry
1.0,419.85152328703396,797,2,2,0,19.846829728443133,3.0,1.2364169261848195,1.528726815356317,1.8901437100191656,0.05076392254512902,0,arterial,monsoon
5.0,125.44433645637167,605,5,0,0,9.072978307650672,1.0,5.0,5.0,5.0,0.025289216324530718,0,collector,pre_monsoon
1.0,80.14944625461398,451,6,2,2,7.61877162089054,6.0,1.114722134406508,1.2426054369358006,1.385159784886207,0.025665023521207284,0,local,pre_monsoon
3.0,303.0344403422379,506,6,0,0,9.77783055964789,0.0,3.622245254085633,4.373553560248632,5.0,0.044960496380493896,1,local,monsoon
4.0,161.22407472450328,707,14,0,2,16.64415702577053,3.0,4.853759340172514,5.0,5.0,0.04617480774485844,1,local,pre_monsoon
4.0,111.56930408171837,725,3,2,2,12.564467685039403,2.0,4.47614790319892,5.0,5.0,0.026590013709328578,1,arterial,pre_monsoon
4.0,84.85550610087041,331,4,0,0,8.041668472848182,4.0,4.291479012688656,4.604198029086802,4.939704803022122,0.016547399539887528,0,collector,pre_monsoon
4.0,116.19036560385058,572,9,0,1,14.045749224575262,5.0,4.590599104429741,5.0,5.0,0.03265563950244887,1,highway,pre_monsoon
2.0,334.83628712652535,498,1,1,2,16.062973488742863,0.0,2.2455842771494057,2.5213243728903096,2.8309231846780323,0.0273928005353752,0,arterial,monsoon
4.0,106.91661628755679,486,6,2,1,11.881177060486214,1.0,4.400057845114792,4.840127260089056,5.0,0.022491309342483043,1,arterial,post_monsoon
1.0,115.56033757431439,766,7,0,0,10.826195355671702,3.0,1.078728666714487,1.1636555363916152,1.2552685852866583,0.01784000900631629,0,local,pre_monsoon
4.0,264.5438958442957,452,8,1,2,17.0793796919111,0.0,4.465149952863223,4.984391025388611,5.0,0.02600091158534883,1,collector,monsoon
3.0,392.7907513034954,384,8,0,0,11.104073767432793,2.0,3.4414701275376878,3.9479055462447565,4.528866334580563,0.032552101366695986,1,local,monsoon
4.0,13.604461020243036,337,14,0,0,20.04095753145012,5.0,4.361038559919271,4.754664330275686,5.0,0.02036836364412267,1,collector,dry
3.0,38.78912592530586,465,3,0,0,8.21182563954844,0.0,3.165185700825445,3.3394668402366205,3.523344230365894,0.012585069409609115,0,highway,dry
3.0,70.04153443278118,352,4,2,1,8.09543267119604,0.0,3.4769249978739882,4.029669146947011,4.670285796727205,0.03502446599314366,1,local,post_monsoon
3.0,392.3921434072581,327,9,0,0,7.481016099578271,1.0,3.5188438533277293,4.127420688034114,4.8412496393955164,0.03792276983639679,1,local,monsoon
4.0,336.14316158094243,322,7,0,2,10.805767716550086,7.0,4.461865850710604,4.977061717434365,5.0,0.02582478390231933,1,arterial,monsoon
1.0,265.9903863275802,333,8,0,0,12.012520306831593,8.0,1.1018711219512989,1.214119969390214,1.3378037328554717,0.022893738787713298,0,arterial,monsoon
1.0,45.1447651203866,347,1,1,0,5.37182045213593,4.0,1.0663315737905537,1.137063025262639,1.212486205227358,0.015098523410521304,0,local,dry
2.0,337.1832046373234,579,15,1,2,12.483786339570928,3.0,2.5990734317736672,3.377591351875874,4.3893039730245444,0.06304258530993759,1,collector,monsoon
2.0,308.6843102511507,108,8,1,2,14.826770936429778,0.0,2.2997148468129676,2.644344188325995,3.0406187949884385,0.03311880118260733,1,local,monsoon
4.0,376.3374306940911,359,1,0,1,4.672542226034853,2.0,4.546264460089797,5.0,5.0,0.030319922723682436,1,collector,monsoon
2.0,136.5376776700413,479,9,1,1,9.394142868095571,3.0,2.2994444570351535,2.6437224054948465,3.039546415627384,0.03309045706736313,1,arterial,pre_monsoon
5.0,42.7374896666905,729,2,0,1,14.837428642844902,3.0,5.0,5.0,5.0,0.017239271193978296,0,collector,dry
2.0,48.406813794247114,450,10,0,1,6.552903670620397,4.0,2.1116368449014677,2.2295050823727127,2.3539525389166513,0.012754437928065106,0,arterial,dry
2.0,75.4170789494174,469,1,2,1,10.420107390432685,2.0,2.1027596956577423,2.21079916884132,2.324389693716582,0.011759407713626458,0,local,post_monsoon
4.0,112.98361190059894,482,11,1,2,17.440917844668984,2.0,4.6513677896192105,5.0,5.0,0.03582922704544978,1,local,pre_monsoon
3.0,108.87906254351455,135,2,1,2,20.975913815630093,1.0,3.1862735898334886,3.3841131297567957,3.594236763450943,0.01415520073873097,0,arterial,pre_monsoon
3.0,21.55970142678828,631,3,1,2,14.199576056245636,3.0,3.2666367495862594,3.5569718845824942,3.873111691807424,0.02006670104070893,0,collector,dry
3.0,27.020165109282953,623,7,0,0,11.153733570861931,1.0,3.209256922764377,3.4331099987703597,3.6725773433884603,0.015857413031298485,0,local,dry
4.0,359.2087389171044,662,4,2,0,9.493009896821363,0.0,5.0,5.0,5.0,0.062009947934825865,1,local,monsoon
2.0,324.1343679872583,1001,4,0,0,16.553770493857737,0.0,2.490785985528311,3.10200741285212,3.8632182954684975,0.052538920815101434,1,collector,monsoon
5.0,312.0437553055702,240,1,0,2,17.66703199557835,1.0,5.0,5.0,5.0,0.02958659233460991,0,collector,monsoon
5.0,29.52952743038555,202,5,2,0,6.217821014411759,1.0,5.0,5.0,5.0,0.016756408379016728,0,local,dry
3.0,241.251961793087,641,10,1,0,16.552134079719664,1.0,3.546148440880555,4.19172292158653,4.954823900995786,0.039796424765898286,1,collector,monsoon
2.0,43.17956403474975,432,14,0,2,8.964768491368893,1.0,2.2012574814567425,2.4227672498346404,2.66656726726344,0.02262451143773558,0,local,dry
3.0,21.781650365159635,302,10,1,0,7.702221130238786,2.0,3.236263457017694,3.4911337210760376,3.7660761616935274,0.01784569333014307,0,local,dry
1.0,149.82006118518834,443,9,2,0,11.23177898224786,5.0,1.109358681199877,1.2306766835535305,1.3652618626503832,0.024511403594678186,0,local,pre_monsoon
1.0,68.22702748960225,376,1,0,2,16.958066212811822,2.0,1.1143841577540983,1.2418520510533109,1.3839002519682433,0.025592454228883732,0,highway,dry
2.0,21.66281162023663,844,6,0,0,13.547026624198361,0.0,2.157513178743003,2.327431558224869,2.5107321297462586,0.01784615647769929,0,local,dry
3.0,316.07538598427635,952,4,0,2,13.411658323954082,4.0,3.9445285666248617,5.0,5.0,0.0659509767355753,1,arterial,monsoon
4.0,319.1898053244214,172,1,0,0,13.762208269998405,3.0,4.277160913390158,4.573526369758132,4.890427056272166,0.015755009557719076,0,arterial,monsoon
4.0,94.64543243668626,204,1,1,0,14.338290093451807,1.0,4.294373436028086,4.610410802015917,4.949706419338524,0.01670733590594484,0,arterial,post_monsoon
4.0,140.65309559624006,348,9,0,0,11.429243912367674,4.0,4.444953297974085,4.939402455292674,5.0,0.024916179963572177,1,arterial,pre_monsoon
3.0,18.60926437456432,362,4,0,2,15.15944382695993,0.0,3.252167561832109,3.5255312834110017,3.8218728260445283,0.019010644022234745,0,arterial,dry
2.0,18.399841955199545,344,1,0,1,8.701589020124821,1.0,2.0665702170820253,2.1353562310652245,2.2064317949899586,0.007669328730173851,0,collector,dry
2.0,97.34958100817593,461,4,0,0,15.255038254727644,1.0,2.1099810006612976,2.2260099115758254,2.348419310354364,0.012569079739446725,0,arterial,post_monsoon
5.0,399.78766191230454,410,8,0,1,16.284926739169943,2.0,5.0,5.0,5.0,0.034362067946029674,0,collector,monsoon
1.0,219.46517302255432,229,4,0,0,15.495682972834896,4.0,1.1296024327203165,1.2760016560076568,1.4413745747814015,0.028843483306269044,0,local,monsoon
4.0,31.664193067759538,294,2,1,1,15.755144158470491,3.0,4.204965872380403,4.42043449697097,4.646944050213991,0.011728334312486195,0,local,dry
3.0,420.6320305979658,809,3,0,0,14.324328201150724,5.0,3.4576450831448735,3.9851031736653058,4.593024131416292,0.0336824355304459,1,highway,monsoon
3.0,29.710791191428797,428,10,0,2,17.86721457671307,0.0,3.270788580139513,3.5660193119903507,3.8878984140716675,0.020369066826873863,0,arterial,dry
4.0,241.10728013573527,418,1,0,1,3.0,2.0,4.337663079591163,4.703830248012074,5.0,0.019089575399191403,1,collector,monsoon
3.0,140.30941634809614,195,5,2,2,16.26872978782581,5.0,3.38023512958105,3.8086631770846058,4.291392355974386,0.028235640237796015,1,collector,post_monsoon
4.0,57.88527632976259,407,6,0,1,21.87728763578938,2.0,4.226791307578433,4.466441189455151,4.719678698849827,0.012951200161503869,0,collector,post_monsoon
5.0,269.84778466290163,692,3,0,1,8.890522625205708,1.0,5.0,5.0,5.0,0.01611603208348076,0,collector,monsoon
3.0,156.8618416568676,619,3,0,1,8.331350708187482,2.0,3.294105449209477,3.617043570170523,3.971640978175607,0.022061721539025747,0,arterial,pre_monsoon
2.0,92.4814621395416,662,10,2,1,18.431595064869015,1.0,2.311178260466905,2.6707724758274143,3.086315642392846,0.034318131497999414,1,arterial,post_monsoon
3.0,304.90688598895184,259,10,0,0,7.366303302603589,1.0,3.618381796243087,4.364228941127783,5.0,0.044700329131577836,1,local,monsoon
5.0,26.219584586199083,256,7,1,1,8.666378437122738,0.0,5.0,5.0,5.0,0.017702402758033024,0,local,dry
2.0,117.56161355959243,726,4,0,1,12.849742598488982,1.0,2.265373206256445,2.5659578818123028,2.9064261169200662,0.02949824730727028,0,collector,pre_monsoon
3.0,49.58530713203477,665,7,0,1,8.005243949234696,2.0,3.3408334612442365,3.7203894052563813,4.1430671379796875,0.02542641376830389,1,arterial,dry
3.0,147.24667572275186,448,8,0,0,16.375122509967795,0.0,3.267278895566575,3.558370460471579,3.8753962360354355,0.02011348592473673,0,collector,pre_monsoon
4.0,130.01835143997118,670,6,1,0,8.045989388714101,2.0,4.556467185868336,5.0,5.0,0.030858982740993725,1,arterial,pre_monsoon
1.0,360.40836776949385,259,8,1,1,13.803166738533402,5.0,1.181497326850069,1.3959359333538588,1.6492945737115403,0.0396830733333231,0,highway,monsoon
4.0,136.66138968449306,251,5,1,0,13.42241231498253,2.0,4.414511784917327,4.871978574793491,5.0,0.02327405037853044,1,local,pre_monsoon
5.0,41.946635984914295,176,1,2,0,20.31944036204235,3.0,5.0,5.0,5.0,0.009481363915107536,0,arterial,dry
2.0,427.2343978762801,572,6,0,0,17.82650933147864,1.0,2.3847624686268225,2.843546015885548,3.3905909082485923,0.04190997907404002,1,arterial,monsoon
2.0,81.35839148663482,543,9,0,0,9.352362292731732,4.0,2.267825470766979,2.5715161829297353,2.915874949068766,0.029758173361316774,0,collector,post_monsoon
5.0,409.7343041889456,395,7,1,0,5.677537967638772,1.0,5.0,5.0,5.0,0.04739247293121849,0,arterial,monsoon
2.0,35.04121992312502,343,8,0,2,16.18984420988718,2.0,2.1463883580868575,2.3034914918653975,2.472093660546008,0.0166191166136886,0,highway,dry
4.0,101.68948693765681,982,5,2,0,8.733045826233367,0.0,4.556237285772619,5.0,5.0,0.03084684618818116,1,local,post_monsoon
3.0,115.7543185904695,448,6,2,1,10.321616310481243,2.0,3.4107379164072116,3.8777110448059355,4.4086186964635425,0.030393211331291428,1,arterial,post_monsoon
2.0,53.09382973535805,777,7,0,2,6.70086154968182,3.0,2.2112192462012366,2.444745277385383,2.7029339047070695,0.02370248067998869,0,arterial,dry
4.0,40.23134456333476,470,14,1,2,15.395059653934165,3.0,4.280338558331813,4.580324543485517,4.901334938288654,0.015931041666316707,0,local,dry
3.0,294.52411003867144,399,10,0,1,8.76753441781246,2.0,3.4909077130510697,4.062145553679817,4.726858414958993,0.03599420562948304,1,collector,monsoon
3.0,58.41079100725268,783,9,0,2,11.824791558486057,3.0,3.2349821748097165,3.488369890445534,3.761604804911408,0.017751650524582777,0,collector,post_monsoon
2.0,60.44533139994753,657,7,2,1,11.902484670537671,4.0,2.3984907953820915,2.8763790477663087,3.449484335048698,0.04330642227559643,1,arterial,post_monsoon
3.0,83.9081285988861,495,1,0,1,12.917803099569554,2.0,3.2491833271060067,3.519064097714553,3.811361464437156,0.018792386916681822,0,arterial,post_monsoon
2.0,388.6139626957168,726,11,0,2,15.308192508598239,3.0,2.7536396765158786,3.7912657340412363,5.0,0.07746869310098715,1,local,monsoon
2.0,326.3896388174055,1004,10,0,0,10.785898140528895,2.0,2.3976760720234656,2.874425273176938,3.4459703491579288,0.04322372002360328,1,collector,monsoon
5.0,47.595738077320874,353,8,0,0,8.292862090567288,1.0,5.0,5.0,5.0,0.013527135102171716,0,arterial,dry
2.0,25.543584386327016,594,6,0,1,3.0,1.0,2.1927122246439885,2.403993450051594,2.635632912946104,0.021696839267324353,0,arterial,dry
3.0,108.66030762044348,418,9,1,0,12.51314814683835,0.0,3.459529263591638,3.9894475752156335,4.600536877341062,0.033813841562659805,1,collector,pre_monsoon
2.0,168.7037119122774,313,6,1,0,11.215004796909858,1.0,2.2758246105808246,2.589688829062681,2.9468387854635436,0.03060454149119053,0,local,monsoon
4.0,345.70117482628694,307,9,1,2,8.447635849395038,0.0,4.973626833501582,5.0,5.0,0.05214698437068557,1,arterial,monsoon
1.0,343.5097224629661,818,3,0,0,12.312762310762679,0.0,1.147833849052033,1.317522545029605,1.5122969740741619,0.032694283868721814,0,local,monsoon
5.0,46.54184633154686,135,1,0,0,16.279913363074428,3.0,5.0,5.0,5.0,0.006205919243805197,0,arterial,dry
3.0,373.5020348641745,601,2,0,2,17.559440424735897,2.0,3.7524223804029027,4.6935579069828615,5.0,0.05360488284010303,1,collector,monsoon
2.0,34.748077427236574,334,7,2,0,4.324312907878044,4.0,2.182373290285463,2.3813765890756984,2.5985263310549525,0.020570732876587,0,local,dry
1.0,102.09682570897155,854,5,0,2,10.195693494923326,1.0,1.1245471827416518,1.2646063662121863,1.4221095264010717,0.027767292002413527,0,local,pre_monsoon
2.0,225.98243772995883,445,6,0,1,16.805126061992137,3.0,2.2863174935874446,2.613623840741987,2.987786954372805,0.031711314889364094,0,arterial,monsoon
3.0,344.4254230039299,427,1,0,2,19.98020517261512,2.0,3.4592812584706962,3.988875608402201,4.5995475448388765,0.033796548389005435,1,arterial,monsoon
2.0,61.14188403633983,813,8,0,2,7.913681734207913,2.0,2.2425083444143885,2.5144218373840808,2.8193059758557797,0.02706426001452383,0,arterial,post_monsoon
4.0,49.33211460550959,675,2,2,1,18.891614646162886,2.0,4.2872849718703065,4.595203107506244,4.925236306375813,0.016315503761873792,0,local,dry
3.0,109.59079640684648,610,8,0,2,5.2495185888269065,4.0,3.328607696872292,3.693209733225821,4.097748781393044,0.02454958942510257,1,arterial,pre_monsoon
2.0,35.725457368177175,661,1,1,1,17.741422815599726,2.0,2.1543754268345525,2.32066673987428,2.499793699128701,0.017500562370254137,0,arterial,dry
3.0,170.58020849311333,283,3,2,1,10.591218338973292,4.0,3.4906389045575588,4.061519987336931,4.725766559812138,0.035975591121967715,1,arterial,pre_monsoon
4.0,63.22714055788072,648,3,2,1,19.814116328218752,2.0,4.457840060683075,4.968084501657719,5.0,0.025608743565171087,1,collector,post_monsoon
2.0,345.2748427214588,460,9,0,0,9.679843918723531,4.0,2.3306980354455145,2.7160766662147906,3.165177275033108,0.03634988457233281,1,local,monsoon
2.0,105.02662106426908,572,5,0,2,10.450546366198306,2.0,2.310871970260069,2.670064631466826,3.0850887578197344,0.03428614603405352,1,arterial,post_monsoon
1.0,47.78549111637276,596,8,1,0,11.33303685398076,3.0,1.0829688029654772,1.1728214281964784,1.2701290181862015,0.018772126239155133,0,collector,dry
4.0,74.66778966535132,277,11,2,0,4.314749226385533,3.0,4.304579788152473,4.632351788142698,4.985081969712756,0.017270646847302288,0,arterial,post_monsoon
3.0,47.637440201150085,618,14,1,1,3.1876366462067,3.0,3.278815363600887,3.583543396195072,3.9165923811916334,0.020952800823248196,0,collector,dry
3.0,89.81369538093514,462,7,0,0,14.550770965203558,5.0,3.2915169638823905,3.611361307841851,3.9622856691566497,0.021874268287510754,0,arterial,post_monsoon
4.0,63.72821687137379,252,2,0,1,16.942311736766786,1.0,4.260315381270065,4.537571786971574,4.832871719413022,0.014820138729644654,0,arterial,dry
4.0,34.86428716992063,470,12,0,1,15.037887514205515,4.0,4.329999731172127,4.687224417987673,5.0,0.01866919135302053,1,collector,dry
3.0,333.21135885230797,504,13,0,1,5.730121929107385,2.0,3.5907543948643137,4.297839041412461,5.0,0.042833652216688854,1,local,monsoon
4.0,48.689720387861385,618,6,0,0,14.40094372536021,2.0,4.271074120641584,4.560518536003571,4.869578173957775,0.015417539121352894,0,local,post_monsoon
2.0,37.09217265554074,50,12,1,2,7.048980131481478,4.0,2.106229827574345,2.2181020432819274,2.335916342081998,0.012148753805795833,0,collector,dry
1.0,101.36004829434063,577,8,1,1,14.038263541118324,0.0,1.0972282974594507,1.2039099367457646,1.3209640501900703,0.02188643278171592,0,arterial,pre_monsoon
2.0,42.439385058911206,397,1,0,0,17.65649572601219,1.0,2.0827143449940593,2.1688495214220165,2.258547005199567,0.009500642333901715,0,arterial,post_monsoon
1.0,113.07453096288869,661,4,0,0,13.837334266675093,2.0,1.126524342062997,1.2690570932604681,1.4296237070256284,0.028188642067340397,0,collector,pre_monsoon
3.0,47.80352343738191,499,4,0,1,19.34266951120966,1.0,3.2204655989869435,3.4571328914194437,3.7111925159808603,0.016684171655964898,0,local,dry
5.0,115.54711796807443,433,5,0,1,11.250062643236275,2.0,5.0,5.0,5.0,0.0310280212313213,0,highway,pre_monsoon
1.0,144.74105222358293,464,3,2,2,10.916753393478174,4.0,1.097640385312679,1.2048144154693665,1.3224529592260656,0.021975971261541077,0,collector,pre_monsoon
1.0,108.16144392822895,566,3,1,0,12.336756488903903,4.0,1.1136048151507907,1.240115684327027,1.380998797410595,0.025425051878961023,0,collector,post_monsoon
3.0,292.16873422964323,681,12,0,2,5.2867945810062915,1.0,3.8763799688038487,5.0,5.0,0.061625121326708894,1,local,monsoon
5.0,254.108816973311,321,1,1,1,9.985244621914411,2.0,5.0,5.0,5.0,0.030795359744663214,0,collector,monsoon
2.0,108.855870122494,431,4,0,1,10.424334151299675,2.0,2.24188001883543,2.513013009426774,2.8169368264536887,0.026997106039418926,0,collector,post_monsoon
3.0,105.80450681078659,793,9,1,2,10.580000283565596,2.0,3.533567140134352,4.162032244612421,4.902273458580691,0.03893446851967173,1,arterial,pre_monsoon
1.0,49.755755370937635,427,4,0,2,13.341455835817062,2.0,1.0775382667704556,1.1610887163546773,1.251117522987552,0.017577816197959784,0,arterial,dry
1.0,23.292866724787086,573,8,0,1,4.5983544008835455,1.0,1.0662284272277816,1.1368430590286287,1.2121343868329149,0.015075611380110052,0,arterial,dry
5.0,35.546289302824505,253,5,0,0,6.271930080697497,3.0,5.0,5.0,5.0,0.0065182480480201165,0,collector,pre_monsoon
5.0,24.25680310777289,157,8,0,0,17.660347983192356,0.0,5.0,5.0,5.0,0.010200598225655793,0,collector,dry
1.0,92.93712257201103,291,2,0,1,3.0,5.0,1.062393237960638,1.1286793920644886,1.1991013539548363,0.01422248886912508,0,local,post_monsoon
5.0,384.4717874137959,362,1,1,0,15.08185534436422,2.0,5.0,5.0,5.0,0.02898666990406923,0,local,monsoon
3.0,43.867220578824835,707,5,0,1,10.132201596011583,2.0,3.2034310583999224,3.4206568486404154,3.6526127963543695,0.01542681914851967,0,highway,dry
4.0,356.4057290123844,729,1,1,1,12.800612408317258,1.0,4.82109893995466,5.0,5.0,0.044527982430337246,1,arterial,monsoon
3.0,404.64153922525367,114,6,1,1,19.790493926669697,4.0,3.3948989869177897,3.841779710458479,4.34748468233227,0.029274722156855646,1,collector,monsoon
3.0,63.73645009896076,391,2,1,1,11.344086070673386,3.0,3.324140695912073,3.683303788739601,4.081273339852145,0.024228602947588364,1,collector,post_monsoon
3.0,103.43062934166537,639,2,0,0,15.126940027528846,2.0,3.2169209601579887,3.449526821301265,3.6989517113570667,0.01642295582647761,0,local,post_monsoon
3.0,372.3021551359288,478,12,0,0,12.292834838409577,1.0,3.6192700695175324,4.366371945368481,5.0,0.044760164760157234,1,arterial,monsoon
1.0,350.57081383578117,800,8,2,1,11.453119151233476,1.0,1.2806368791035143,1.640030816119989,2.100283945989492,0.059414877896765535,1,arterial,monsoon
1.0,308.76018141072194,634,1,1,1,10.834123510798186,2.0,1.1799094177580325,1.3921862341140991,1.6426536489043146,0.03935686540244622,0,collector,monsoon
2.0,403.4874780173565,446,6,1,0,15.505291742531133,1.0,2.356252223952329,2.775962271440149,3.270433637844305,0.03899011517526075,1,highway,monsoon
4.0,44.727575558387365,464,6,0,0,8.341990669393295,1.0,4.322502919820098,4.67100787296332,5.0,0.018257390629518297,1,local,dry
2.0,30.638196656995913,488,1,0,0,6.339884057243683,1.0,2.1146237460834216,2.235816793749942,2.3639556419778636,0.01308851541602454,0,collector,dry
3.0,321.2733590500555,330,8,1,1,12.372374867155438,3.0,3.543054327684837,4.184411322975418,4.941865548893829,0.0395846619514246,1,local,monsoon
5.0,32.47920866384064,687,10,0,1,12.963920017942476,4.0,5.0,5.0,5.0,0.01946717738054411,0,arterial,dry
1.0,44.23950784389839,648,5,1,0,3.0,1.0,1.0685389795040967,1.1417755507196563,1.2200316817887096,0.015588449457936828,0,collector,dry
3.0,403.80561064390946,590,5,1,1,11.947562856946682,3.0,3.7505321043457425,4.688830355242701,5.0,0.053481016884805756,1,local,monsoon
3.0,44.37590750601056,548,4,1,1,5.865615393927445,1.0,3.1863900265208764,3.3843604670372365,3.5946308127729942,0.01416384806611096,0,arterial,dry
4.0,321.8638055839359,296,8,1,1,15.134215537239102,3.0,4.765060752605001,5.0,5.0,0.04168234886961797,1,arterial,monsoon
2.0,310.29396313005986,600,6,1,2,3.0,0.0,2.581711629225887,3.332617468240091,4.301928636758388,0.06138139742124977,1,local,monsoon
3.0,107.80670732587768,525,6,1,0,21.625379149315446,5.0,3.301126481996382,3.6324786833792695,3.9970905256635527,0.02256960360665207,0,collector,post_monsoon
4.0,65.2346367304587,900,3,1,0,10.309007916820864,0.0,4.377976693463182,4.791669982126704,5.0,0.02129170819438218,1,highway,pre_monsoon
5.0,30.385687804729045,241,15,0,1,7.675190257563438,4.0,5.0,5.0,5.0,0.019460919061217316,0,arterial,dry
3.0,300.08810829068125,355,5,1,2,10.585137698159034,1.0,3.4161161367591006,3.8899498199419744,4.429506783695645,0.03077209655439863,1,collector,monsoon
3.0,76.73962932957221,182,9,1,1,14.781354293169457,4.0,3.28176806782301,3.5900005503275905,3.9271830565107058,0.021167255521894635,0,collector,post_monsoon
3.0,73.82941673808607,456,8,0,0,16.452350446174684,5.0,3.2406105407642802,3.5005188923041874,3.781272806848484,0.018164545490084564,0,local,post_monsoon
4.0,136.70153929900258,151,1,1,2,10.628443449875816,2.0,4.35880917817772,4.749804362941582,5.0,0.020246629219933435,1,arterial,pre_monsoon
3.0,41.79088375591299,737,5,0,1,4.806547925939048,2.0,3.2549255502062513,3.531513445795156,3.8316044485385246,0.01921221773186173,0,collector,dry
1.0,100.44666062374091,718,2,0,1,5.938514331889095,1.0,1.075999422358092,1.1577747569149477,1.2457649696612643,0.017238547094010123,0,arterial,post_monsoon
5.0,74.50046027716678,468,10,1,1,13.431938493703726,1.0,5.0,5.0,5.0,0.018486568288337488,0,local,dry
3.0,359.6205832737609,297,1,2,0,16.936635647552258,4.0,3.506453491221805,4.098405362033861,4.790289263381933,0.03706885836429179,1,arterial,monsoon
3.0,129.0579505535611,195,8,0,1,17.587376257920592,3.0,3.257807512167502,3.537769928778336,3.841791150098117,0.019422712467821696,0,arterial,pre_monsoon
2.0,22.499617060911003,359,10,2,1,12.840462877053909,1.0,2.1873819845990434,2.392319973274225,2.616458805468252,0.021116784434365106,0,collector,dry
3.0,57.107745022693294,625,8,1,2,16.836497830907113,3.0,3.3150082594688475,3.663093253448892,4.047728130129229,0.023571340504392694,1,collector,dry
2.0,26.98878506141387,342,7,2,0,21.561746087960003,4.0,2.1853428665297345,2.387861722146199,2.609148290375802,0.02089459408328515,0,arterial,dry
3.0,404.82617889747553,881,5,1,1,17.95173856368146,1.0,3.8426593799008124,4.922010369979899,5.0,0.05946305000895828,1,arterial,monsoon
1.0,100.04462960821215,798,6,0,1,16.610189507021857,1.0,1.1180498036429594,1.2500353634260601,1.397601792625262,0.02637863112915944,0,local,post_monsoon
3.0,53.25957764017789,500,1,2,2,7.96721408453858,2.0,3.1999846703392625,3.413300630135426,3.6408365638975697,0.015171811390776195,0,arterial,dry
5.0,75.96382167075332,407,7,2,0,16.813098102140017,2.0,5.0,5.0,5.0,0.024649706980458187,0,arterial,post_monsoon
1.0,52.68662595376548,386,11,0,1,14.306162389443736,1.0,1.0637562256812854,1.1315773076756936,1.2037224058796863,0.014525950084061401,0,arterial,dry
5.0,300.61545543937854,819,3,2,1,15.253228141835693,1.0,5.0,5.0,5.0,0.040102485889374415,0,highway,monsoon
3.0,49.1072656116896,368,7,0,1,18.305531394722557,1.0,3.2444836265052657,3.5088913342202543,3.794846827021277,0.018448354480685235,0,arterial,dry
4.0,123.65193795735487,686,6,1,2,13.792789241840953,4.0,4.612505319557653,5.0,5.0,0.033803363210840744,1,local,post_monsoon
4.0,342.1558266589943,504,8,1,1,11.487268346692684,2.0,5.0,5.0,5.0,0.05527897593588175,1,local,monsoon
3.0,229.65005568016278,642,4,0,1,6.6506709616954005,1.0,3.3966180232415963,3.8456713319365505,4.354092185839734,0.029396307719241992,1,collector,monsoon
4.0,84.48495097951114,335,1,1,1,10.517418411773376,3.0,4.4278738845606345,4.901516784393521,5.0,0.02399591784042141,1,arterial,post_monsoon
4.0,284.60507622500404,433,2,0,0,13.06426133581342,0.0,4.351241866457578,4.733326445103305,5.0,0.019833063107572036,1,local,monsoon
3.0,59.66600158877772,495,1,0,0,13.388096700912643,1.0,3.1505943084565304,3.308748165492894,3.474841046105966,0.011493943874440594,0,local,post_monsoon
2.0,271.4391989123072,373,10,1,0,13.21938149335162,1.0,2.3887439160064563,2.85304874812893,3.4076014195814097,0.04231560441155745,1,local,monsoon
3.0,80.32409853679398,749,8,2,1,16.79754929880522,4.0,3.3960969120350053,3.8444914119779003,4.352088470854415,0.029359455076457958,1,local,post_monsoon
4.0,196.1080833389815,347,6,0,0,16.326823501085606,2.0,4.403839841598366,4.84845133761228,5.0,0.02269631039913149,1,arterial,monsoon
4.0,26.4607031294315,384,4,1,1,11.689558792717014,0.0,4.362383660013466,4.75759779928812,5.0,0.020441789176599622,1,local,dry
4.0,296.01376931341656,771,6,1,0,7.76368946272026,0.0,4.730347730876734,5.0,5.0,0.039906719250359074,1,arterial,monsoon
3.0,63.10033278886538,732,6,1,1,13.91678968388786,1.0,3.4198657204641894,3.8984938486686826,4.444108491500845,0.031035977003232497,1,collector,dry
4.0,319.86571301154913,817,4,1,0,23.231687738077273,1.0,4.480498170686026,5.0,5.0,0.026822728302707526,1,collector,monsoon
1.0,111.95902238017169,118,5,2,0,13.60621387639522,2.0,1.1016968787026207,1.213736012543097,1.3371691765876945,0.022855993843151325,0,arterial,pre_monsoon
3.0,244.4561053131084,540,12,0,0,10.520380238133901,2.0,3.4460476854576187,3.9584148834826034,4.546962149102072,0.03287240162121757,1,arterial,monsoon
1.0,5.0,518,1,2,2,14.679180762335804,4.0,1.0818873158093671,1.170480164109197,1.2663276429562067,0.018534647039222443,0,arterial,dry
2.0,51.470187631528525,387,10,1,0,14.978681293806366,0.0,2.156552450559719,2.325359236007565,2.5073795794218947,0.017740382181163868,0,collector,dry
2.0,127.65984515235134,564,1,1,0,14.92325300202888,0.0,2.14133575904612,2.2926594164848115,2.4546767959163693,0.01606021694992774,0,local,pre_monsoon
2.0,96.07482886833334,435,13,0,2,18.864400975228506,2.0,2.3255793351711653,2.704159622087579,3.144368868065571,0.03581836064217771,1,collector,post_monsoon
3.0,102.49971201364536,532,1,0,1,13.930464784767352,2.0,3.2911466568936234,3.6105487723940235,3.960948507271988,0.021847442110258637,0,local,pre_monsoon
2.0,123.08895727393832,1180,8,0,1,18.627061177051743,1.0,2.34292498611862,2.744648745289468,3.215253061728908,0.03761591397980189,1,arterial,pre_monsoon
3.0,368.5015729799425,563,4,1,2,13.15117056868755,1.0,3.670465645278436,4.490772684389748,5.0,0.04818991942622653,1,arterial,monsoon
2.0,312.820465851611,571,6,0,1,19.562491337544365,1.0,2.5352850742580264,3.213835203877763,4.073994211758148,0.05689681124694653,1,arterial,monsoon
2.0,40.76451576399522,664,6,1,1,18.03367597869802,5.0,2.2336497662310975,2.4945956390921182,2.786026483049613,0.02611614060983619,0,collector,dry
2.0,103.65389787529463,536,9,1,1,16.608997057764505,7.0,2.2322408661625155,2.4914496422829884,2.7807578537450333,0.02596508270646278,0,collector,pre_monsoon
1.0,27.137854801855177,280,1,1,1,15.945928678814502,3.0,1.0457949702764933,1.0936871198556115,1.1437724890011827,0.010502815840368098,0,local,dry
3.0,59.2434462319987,170,6,1,2,23.50758838535209,2.0,3.1420440841729134,3.290813675628667,3.44662721387479,0.010852767690333689,0,collector,post_monsoon
3.0,26.191135832956142,494,7,0,2,17.38308794333216,1.0,3.2644476562629885,3.5522061668269727,3.865330365287082,0.019907157075105212,0,collector,dry
3.0,163.52398398926218,446,4,1,1,7.75341497687744,3.0,3.442137808513353,3.9494375642657027,4.53150278744062,0.03259884058683099,1,arterial,pre_monsoon
3.0,47.98192857362852,107,6,0,0,13.229502757341605,1.0,3.126320203442532,3.257959338150985,3.3951413669518953,0.009670143007169207,0,arterial,dry
2.0,29.676576075416058,825,4,2,2,10.676416158863692,2.0,2.252526751117356,2.536938382249655,2.857260785976868,0.02813306030092919,0,arterial,dry
4.0,358.3941774291251,521,9,2,0,22.322381583989753,4.0,5.0,5.0,5.0,0.09343419548491587,1,local,monsoon
3.0,27.19320429957939,787,8,1,0,18.257187797977288,2.0,3.157726567547601,3.323745691798651,3.4984933582548274,0.012027767959407855,0,collector,dry
3.0,62.56169256551194,53,7,0,0,22.159755123105427,1.0,3.1725216133295038,3.354964462347612,3.5478990895833995,0.013132183323414617,0,arterial,dry
1.0,146.1245265559039,791,9,0,0,8.200027358826087,1.0,1.0483575452778156,1.099053542740927,1.1522010741967648,0.011080029780746885,0,collector,pre_monsoon
2.0,50.44335523844272,402,11,2,1,17.508373392749814,2.0,2.236842677803225,2.5017325826209507,2.7979911046287125,0.026458204536835058,0,collector,dry
2.0,63.34984851481866,751,3,0,0,5.177355084819839,3.0,2.208181128558216,2.438031948260318,2.6918080694852278,0.023374119216620675,0,arterial,dry
2.0,31.762943434347946,542,15,1,0,4.0393383293100875,0.0,2.184620909391917,2.3862842588761835,2.6065632438468525,0.020815888684243007,0,collector,post_monsoon
3.0,248.1225222595603,590,8,0,0,10.01521933762953,3.0,3.480509569189792,4.037982287073903,4.684745330126534,0.03527335042998073,1,local,monsoon
3.0,46.39148819637771,590,4,1,0,19.561875687478526,1.0,3.1681079903239455,3.3456360794514755,3.533112132008766,0.012803130761121091,0,arterial,post_monsoon
3.0,96.47564880052741,414,16,1,1,7.036924795230441,0.0,3.5072434190479855,4.100252133485135,4.793527437201068,0.03712336711235449,1,local,post_monsoon
4.0,401.34832036589006,370,5,1,1,11.915940765883784,2.0,5.0,5.0,5.0,0.0649451163209115,1,arterial,monsoon
4.0,54.004849021433465,427,2,1,1,17.94421434102943,2.0,4.219026698634307,4.450046570947276,4.693716323248151,0.012516709809811706,0,local,dry
4.0,265.5604064376641,205,4,2,1,16.232065805796516,0.0,4.7377141705182035,5.0,5.0,0.0402843580803525,1,highway,monsoon
5.0,66.42560733069969,403,4,1,0,23.080932893564295,3.0,5.0,5.0,5.0,0.019404330683478462,0,collector,post_monsoon
1.0,295.7216887975432,360,11,0,1,12.016859961049304,0.0,1.1613932847962758,1.3488343619698835,1.566527170294292,0.03552798262677255,0,arterial,monsoon
2.0,246.53676359852273,200,6,0,1,9.791852276846662,3.0,2.2181981706489267,2.4602015621351225,2.7286073022778807,0.024455458972594036,0,collector,monsoon
1.0,8.546287311622315,591,7,2,0,6.527594594605114,2.0,1.1091085240559937,1.230121718133665,1.3643384832084524,0.024457493257308442,0,arterial,dry
3.0,61.697280632790736,501,7,1,1,10.160000299413,0.0,3.383194203418547,3.815334339348285,4.302672340328949,0.028445598342325563,1,arterial,post_monsoon
4.0,343.0525532989677,549,11,1,0,6.482005204070479,2.0,5.0,5.0,5.0,0.05566787168946776,1,local,monsoon
2.0,90.13385423322839,639,5,2,0,3.017773600451928,2.0,2.21121335369842,2.444732247787108,2.7029122962620042,0.023701844149841174,0,arterial,post_monsoon
5.0,52.30657216245312,452,6,1,1,21.81696290671044,4.0,5.0,5.0,5.0,0.02038948197070602,0,arterial,dry
1.0,55.565193110953906,312,4,0,0,12.244533996376962,3.0,1.0708366699822305,1.1466911737786323,1.227918958027126,0.01609759039299154,0,local,dry
5.0,47.63111079710811,560,5,2,0,24.957334356145637,1.0,5.0,5.0,5.0,0.016356248004686103,0,local,dry
2.0,337.5301296924396,50,9,0,0,7.803557816637581,1.0,2.2824492753504018,2.6047873472737875,2.972647496613476,0.03130375516141695,0,arterial,monsoon
1.0,49.84180684552969,478,9,0,0,9.85595695647995,3.0,1.059985694055367,1.123569671602038,1.1909677781726469,0.013685733314455661,0,local,dry
3.0,5.0,653,13,0,0,8.123154941214475,2.0,3.242775728440799,3.50519814165492,3.788857152378123,0.01832323647627413,0,highway,dry
2.0,81.43438884517454,709,6,0,1,8.796219675036177,3.0,2.2765890413324383,2.5914288315574754,2.9498092396583373,0.030685304461965067,0,arterial,post_monsoon
2.0,13.053119182449922,394,5,2,0,16.368018721047218,0.0,2.1936820262792898,2.406120416210405,2.6391315550522045,0.021802260111859848,0,collector,dry
2.0,82.43590717446646,51,8,0,2,14.831619831321873,3.0,2.169742418742297,2.3538910818448366,2.553668664688969,0.019189426781381917,0,local,post_monsoon
4.0,97.12255711508857,50,5,0,2,16.377047127088808,2.0,4.279610146529959,4.578765751570544,4.8988330922512935,0.015890698665342855,0,local,pre_monsoon
3.0,36.302885133453614,627,4,0,1,18.711357960759702,5.0,3.2682224631951198,3.5604260229777256,3.8787547689467563,0.02018221872326657,0,arterial,post_monsoon
2.0,371.7652755171612,429,8,1,0,17.536775220837416,1.0,2.303173139137595,2.6523032544224616,3.05435680621652,0.033481098035080654,1,arterial,monsoon
3.0,80.00179667647157,903,5,0,2,6.957551277790065,2.0,3.4498183174997283,3.967082141252219,4.561904212639316,0.033135994849046224,1,local,post_monsoon
4.0,103.75604129292742,217,5,0,1,9.380907181654866,3.0,4.389524274939265,4.81698084007027,5.0,0.021919629942732558,1,highway,post_monsoon
2.0,47.5993325492762,568,9,0,0,12.607414050358187,3.0,2.1611434473131457,2.3352704999322738,2.5234272693161635,0.018245516226505245,0,local,dry
3.0,45.712370437568644,832,8,0,1,30.0,7.0,3.2082948261474913,3.4310518971615878,3.669275349969019,0.015786345103126955,0,highway,dry
1.0,50.47002381265798,541,15,0,0,15.862000710656876,0.0,1.101879110657087,1.2141375745024532,1.3378328308081158,0.022895469208504143,0,collector,dry
2.0,326.86856352912673,181,10,2,1,12.533444042033947,4.0,2.386227732519925,2.847041395723591,3.3968445670539333,0.04205931883022039,1,highway,monsoon
3.0,86.33106055910356,1054,3,1,1,15.366373608728757,3.0,3.3515986001432703,3.7444043921607757,4.1832468397121225,0.026196448539081933,1,local,post_monsoon
2.0,111.53768829370954,816,5,0,0,8.984429727945727,4.0,2.1921121170822406,2.4026777669293917,2.6334695231650094,0.021631587562335856,0,highway,pre_monsoon
3.0,313.7594463365183,454,1,1,0,13.312127555011523,2.0,3.3182141670196845,3.6701817527367133,4.059483029156032,0.023802227963038138,1,arterial,monsoon
4.0,29.919533850293842,663,3,0,2,16.773310924050364,1.0,4.293609739281596,4.608771148313443,4.947066172129656,0.016665144549956334,0,local,dry
1.0,75.91804036929241,665,12,2,1,11.855021577293295,2.0,1.2004489882856033,1.4410777734759284,1.729940355210048,0.04355064854450754,0,arterial,post_monsoon
3.0,98.60572798903993,628,5,0,0,8.217233729764061,1.0,3.2232329134495865,3.4630768047815694,3.720767712991928,0.016887950779763926,0,arterial,post_monsoon
2.0,34.120781392085995,223,1,0,1,11.61062973660154,0.0,2.0841999157098896,2.1719446443225556,2.2633834223118083,0.009668611007432973,0,collector,dry
5.0,107.57367657217402,564,1,1,0,10.402116957019082,2.0,5.0,5.0,5.0,0.014158197689644197,0,collector,pre_monsoon
3.0,52.78080672715036,792,1,2,2,5.214362901645514,2.0,3.349097172710075,3.7388172907515402,4.17388747257851,0.026017689715590358,1,arterial,dry
4.0,271.9866358760058,600,3,1,1,9.14223919903696,2.0,4.6150525358362415,5.0,5.0,0.033936547117784044,1,highway,monsoon
3.0,286.83842277299016,579,7,0,2,5.035936068347778,5.0,3.6333439666085274,4.400396126563529,5.0,0.04570670786342297,1,local,monsoon
1.0,57.49509567341878,392,5,2,2,5.816025547519876,4.0,1.1299499931007064,1.2767869869082864,1.44270544704809,0.02891733824198327,0,highway,dry
3.0,153.96290642504067,319,9,0,2,6.2952775606676505,2.0,3.559799936971929,4.224058530421783,5.0,0.04072905293736956,1,highway,pre_monsoon
5.0,58.24440827645924,185,3,0,0,16.76725649112931,0.0,5.0,5.0,5.0,0.007745792240138505,0,collector,dry
3.0,344.9481635432267,651,11,2,2,19.445825316797503,4.0,4.239303780244702,5.0,5.0,0.08402783240852015,1,arterial,monsoon
4.0,282.4536173760934,455,6,0,0,4.319601614808866,2.0,4.402937282964767,4.846464179430291,5.0,0.022647399966361878,1,arterial,monsoon
4.0,24.055444045328024,231,8,0,0,19.90091833137245,3.0,4.205351473124135,4.421245253126833,4.648222559570004,0.011749981467140154,0,collector,dry
2.0,366.6678578526629,695,4,2,0,6.367029135197269,1.0,2.479630376666905,3.074283402444628,3.811543255592294,0.05143708023050846,1,collector,monsoon
2.0,276.0620270157747,382,11,0,1,15.73440046986179,4.0,2.2949298891674754,2.6333515980971205,3.0216786455800095,0.03261683109802198,1,collector,monsoon
3.0,134.12606578126142,328,1,1,1,13.292792853831527,4.0,3.169832427077302,3.3492792052502596,3.5388846107126555,0.01293173595753738,0,collector,pre_monsoon
3.0,34.57279017873212,400,2,2,1,15.179257723564266,3.0,3.158097238941323,3.324526056869602,3.4997255203294584,0.012055486108257367,0,arterial,dry
4.0,382.72761442893517,461,3,1,2,6.171284735945189,2.0,4.5092715661045455,5.0,5.0,0.028357595013744397,1,collector,monsoon
5.0,113.62961638365745,591,11,0,1,3.0,0.0,5.0,5.0,5.0,0.02336579584528427,0,arterial,post_monsoon
2.0,52.84620259008687,324,6,2,1,7.985457949337143,4.0,2.2007713552537256,2.42169727905266,2.664801001417491,0.022571811762607953,0,local,dry
2.0,37.26324995688596,702,3,0,1,14.134343249803287,2.0,2.1209533621575893,2.2492215822237913,2.3852470385274818,0.013795273388532913,0,arterial,dry
4.0,43.02154815875929,596,6,2,1,21.7845208774293,2.0,4.411254185436328,4.86479087213238,5.0,0.0230978095040981,1,collector,dry
2.0,335.53582569354137,397,7,0,1,6.851382011569603,2.0,2.391849953993484,2.8604731012093154,3.4209112277635496,0.04263168427960614,1,arterial,monsoon
4.0,40.820896376650325,468,2,0,2,11.505812566758449,4.0,4.275298242256781,4.56954376506098,4.884040606670161,0.015651776482188847,0,local,dry
3.0,91.59599717456004,415,7,1,0,8.254604007451906,2.0,3.3210296024818464,3.6764125401869103,4.069824958965404,0.024004852862367677,1,collector,pre_monsoon
3.0,406.01801652907267,513,6,2,1,11.91386908611828,3.0,4.205593904464269,5.0,5.0,0.08201035892103366,1,arterial,monsoon
1.0,208.4202175670121,803,4,1,0,3.0,2.0,1.1568993360905802,1.3384160738468251,1.5484126672463527,0.034591644730504224,0,collector,monsoon
3.0,64.93288569387376,413,1,0,1,19.490216676949508,2.0,3.2423826973528813,3.5043485186977827,3.7874796675066302,0.018294436468336603,0,highway,pre_monsoon
3.0,114.62392037042578,537,10,0,2,12.120180391431528,5.0,3.410501090523378,3.877172562820385,4.407700417882082,0.030376516879918557,1,highway,pre_monsoon
3.0,344.7413581451569,360,5,0,0,16.585828319930425,1.0,3.2982492535770476,3.6261493795738504,3.9866481615127753,0.022361573116100045,0,arterial,monsoon
2.0,38.217687359063795,606,1,0,2,10.838989883154461,3.0,2.144250798824209,2.298905744129129,2.4647152391352236,0.016382791009060104,0,local,dry
4.0,46.26432274557619,555,8,1,1,12.953140380634716,1.0,4.424989005969352,4.8951319257374095,5.0,0.023840208092126544,1,arterial,dry
4.0,90.3768127424771,765,8,2,1,17.644362463233733,2.0,4.52559390923201,5.0,5.0,0.029224946867930097,1,arterial,post_monsoon
2.0,19.404286830024333,334,10,1,1,12.658584115471122,1.0,2.1611961493118756,2.3353843979002393,2.523611883952515,0.01825131009620099,0,collector,dry
1.0,321.8973184346149,638,8,1,0,12.838531620577276,2.0,1.2663605439397807,1.6036690272474574,2.0308231816444695,0.05664731344795283,1,arterial,monsoon
1.0,110.10002825214129,752,7,1,2,8.030294786872506,3.0,1.1415370218364576,1.303106772223249,1.4875446238986467,0.031369617278436485,0,local,post_monsoon
3.0,17.699222951421522,412,5,1,0,9.327882191604502,6.0,3.164797644374507,3.338648043279476,3.5220484875888145,0.012556101014942943,0,highway,dry
3.0,98.82587834653052,474,5,1,1,6.935921810795323,0.0,3.259737225520381,3.5419622598144365,3.848622076568469,0.01956357642475431,0,arterial,pre_monsoon
3.0,382.64150776654276,538,9,1,2,8.309912057601675,2.0,4.129508553667165,5.0,5.0,0.07741080568507493,1,arterial,monsoon
2.0,34.00019376465919,452,6,1,0,18.256145552320838,1.0,2.1317400682623373,2.2721578593175575,2.4218249750622083,0.01499598801584201,0,collector,post_monsoon
2.0,73.34840860594991,535,1,1,1,21.04304655003569,6.0,2.200631988112576,2.4213905735521553,2.664294775936565,0.02255670168790068,0,collector,post_monsoon
3.0,235.46235519247765,634,5,2,0,5.763625576853045,2.0,3.3962142980878833,3.844757186178857,4.352539776125591,0.02936775691941647,1,highway,monsoon
3.0,33.83416289082289,477,6,2,0,13.975858925183877,2.0,3.264847545975134,3.5530764994866177,3.8667510300036003,0.019936307678866106,0,local,dry
5.0,230.47387897127817,475,1,2,0,10.41154304899778,1.0,5.0,5.0,5.0,0.03262363821822827,0,collector,monsoon
1.0,99.47861908862875,553,9,0,2,18.984842833578817,4.0,1.14479167476387,1.310547978608666,1.5003044152898193,0.03205499768532303,0,arterial,pre_monsoon
3.0,120.15256188384703,420,7,1,1,12.674301090889598,0.0,3.351384266328993,3.7439255001991745,4.182444338558472,0.02618113566781226,1,local,pre_monsoon
3.0,42.4093273762218,430,1,0,0,11.962621476295658,3.0,3.134535375725804,3.2751040072255018,3.4219764566098907,0.01028859003647499,0,arterial,dry
3.0,48.58736320678206,320,5,1,2,8.276153439201321,2.0,3.274992365697618,3.5751916651258933,3.9029084697310186,0.02067491669085041,0,highway,dry
4.0,336.1310471840595,491,6,1,0,4.341099804537928,3.0,4.801019530610857,5.0,5.0,0.043511274351406344,1,arterial,monsoon
3.0,133.65226727161112,589,10,1,1,15.80469241374744,2.0,3.4360085939135807,3.9353850191493285,4.507338915385285,0.03216952007101141,1,collector,pre_monsoon
5.0,21.478078731722206,446,10,2,1,13.76489287375722,4.0,5.0,5.0,5.0,0.01380297328399201,0,arterial,dry
1.0,98.69924739554696,345,11,2,1,13.887220702602148,1.0,1.1295509043303964,1.2758852454736163,1.4411773328465332,0.0288325322844506,0,collector,pre_monsoon
1.0,84.00360412288435,480,8,1,0,9.00336448670701,0.0,1.1047481409894866,1.2204684550197265,1.3483102568193537,0.023516304226007253,0,collector,post_monsoon
4.0,264.4302041910075,579,4,2,1,11.271157772449811,3.0,4.980861792052815,5.0,5.0,0.05250390694601984,1,local,monsoon
3.0,50.09754722230378,525,3,1,2,15.955354930567918,2.0,3.20570690882519,3.4255189284298515,3.6604032317263453,0.015595100312826553,0,local,dry
2.0,48.270515489239614,945,4,0,0,16.910563148655562,0.0,2.189226384694646,2.3963560817215948,2.6230829806141975,0.021317620810672146,0,collector,dry
1.0,58.11664737663392,368,6,0,0,6.107641920407349,1.0,1.0802855985134623,1.1670169743555896,1.260711630617098,0.018182598097047906,0,arterial,dry
1.0,102.60373987128955,469,6,0,2,8.833259647493012,1.0,1.1226011426073739,1.2602333253833815,1.4147393710272747,0.027352018728911392,0,local,post_monsoon
4.0,419.9085429526269,655,11,1,0,5.050582889639286,3.0,4.812012267777036,5.0,5.0,0.04406828752420589,1,local,monsoon
2.0,303.9340688765093,361,5,1,0,13.006322062966827,2.0,2.417539805319705,2.922249355152618,3.532327068575646,0.04523396927474389,1,arterial,monsoon
2.0,399.3621931993388,885,1,1,0,16.42169156051614,2.0,2.307391170039968,2.662027005789206,3.071168803782975,0.033922422318222296,1,local,monsoon
2.0,143.9005248027486,500,2,2,0,10.606422414752906,1.0,2.1619313664342403,2.3369736165861106,2.526188282113389,0.01833212594961969,0,highway,pre_monsoon
2.0,98.69025613180125,612,3,0,1,8.685716845001428,1.0,2.2050317056065794,2.43108241136513,2.680306898001304,0.023033361981738477,0,collector,post_monsoon
1.0,430.882411506251,503,3,2,0,10.323490730973543,2.0,1.2264373766451548,1.5041486388322491,1.844744110693804,0.048778851852468816,0,arterial,monsoon
3.0,59.97820456413031,703,1,0,0,23.531566574882433,1.0,3.1931548333374336,3.398745929888737,3.6175739977700494,0.014665830166806464,0,collector,dry
1.0,32.024410690069594,287,13,2,2,17.95964049961774,0.0,1.133409011534591,1.2846159874278185,1.4559953365120961,0.02965141574158893,0,collector,dry
4.0,363.63027557203696,814,1,2,1,15.654985863648305,4.0,4.907336981731626,5.0,5.0,0.048858030560094474,1,local,monsoon
2.0,68.33731181624707,546,4,1,0,13.60033947791336,4.0,2.1657367041576054,2.3452077358677235,2.5395512362215418,0.018750076314476886,0,collector,post_monsoon
3.0,42.73387665373063,631,9,0,0,11.936292676904758,4.0,3.3847716889808592,3.818893128842113,4.308693781916105,0.028557469714219328,1,highway,dry
4.0,62.5170281685832,352,9,0,2,7.466839179523103,2.0,4.475368477843176,5.0,5.0,0.02654830056644908,1,collector,post_monsoon
3.0,258.8119199783244,567,1,1,2,6.691547878459841,2.0,3.3804403296780228,3.8091256075045523,4.292173941472562,0.028250204550105257,1,arterial,monsoon
3.0,44.28230414798749,306,11,0,2,9.160446617433944,1.0,3.201199361227663,3.4158924501081316,3.644984243102849,0.015261713737113665,0,local,dry
2.0,17.064774633778164,735,11,0,2,7.231100600989832,4.0,2.2225671765890014,2.4699024272254024,2.7447620320643424,0.02492592093261283,0,collector,dry
2.0,46.54536390116678,242,6,1,1,8.960935189900773,2.0,2.1503891107617488,2.3120866638413524,2.485942992530952,0.017060949845965526,0,arterial,dry
3.0,239.1928602730739,530,7,1,0,11.490521869402112,4.0,3.4549463930690183,3.978884859660207,4.58227796477332,0.0334941285153449,1,collector,monsoon
5.0,69.05019643428645,422,3,0,2,11.873492057185208,2.0,5.0,5.0,5.0,0.024953783005020186,0,arterial,dry
3.0,106.08646885865676,187,8,1,1,8.898093623077628,1.0,3.25436489785457,3.5302969627959966,3.8296248382419646,0.01917125181561553,0,highway,pre_monsoon
3.0,307.9588868974802,312,7,2,1,14.476047773201024,6.0,3.563801383661496,4.233560100729197,5.0,0.041001899732963754,1,collector,monsoon
4.0,295.7182485882004,589,5,1,1,11.054968139258083,3.0,4.999277978388016,5.0,5.0,0.05341064339447629,1,local,monsoon
3.0,20.091845883902437,320,9,0,1,13.073493155890901,4.0,3.1691335277296706,3.347802438860102,3.5365443177355704,0.012879619846100003,0,arterial,dry
1.0,124.60947387889857,366,8,2,1,8.277048075332129,0.0,1.12534751654063,1.2664070329841635,1.425148009498316,0.027937918550523633,0,local,pre_monsoon
3.0,129.57362525605623,574,19,1,0,15.464362772550038,5.0,3.427352485050468,3.9155816855938728,4.47335954017942,0.031562202138319374,1,collector,pre_monsoon
5.0,450.3081600437961,682,3,0,0,9.32576949874208,2.0,5.0,5.0,5.0,0.037120753257133196,0,collector,monsoon
2.0,90.65062529482447,632,12,1,1,20.042771183693283,1.0,2.359086778833469,2.782645215033436,3.2822507684847966,0.039281623603271115,1,highway,post_monsoon
3.0,43.04151402435071,490,3,0,1,10.875043229544163,5.0,3.1480409565540217,3.303387288047187,3.4663994927108206,0.011302609400937969,0,collector,dry
2.0,111.72412563579083,543,9,1,2,11.526579692527381,2.0,2.4251702268081266,2.9407253144982906,3.5658797389711094,0.04600281711303825,1,local,post_monsoon
3.0,346.50563897896876,523,1,0,1,14.967942431711137,0.0,3.5422495160697016,4.182510544698679,4.9384986509717725,0.039529556965978874,1,arterial,monsoon
1.0,330.5362129882622,292,4,1,2,16.05925096727493,2.0,1.2909808285279503,1.6666314996267129,2.151589314238874,0.06140538093194829,1,collector,monsoon
3.0,310.88293259168086,555,8,1,0,16.597968400956656,0.0,3.794501527587694,4.7994139476217805,5.0,0.05634993850241665,1,local,monsoon
4.0,110.44749438845089,290,7,0,2,20.87794016506985,3.0,4.3861816233648545,4.809647308285887,5.0,0.021737997261036566,1,local,pre_monsoon
2.0,52.08537210883374,622,1,0,0,15.30942761702017,1.0,2.1432881645067656,2.29684207805739,2.461397220820764,0.016276304497475927,0,collector,dry
3.0,228.46025544278947,527,5,2,1,11.665067555776423,0.0,3.5324578256803414,4.159419430070095,4.89765790534599,0.038858355573147804,1,highway,monsoon
4.0,284.1816783259331,67,12,0,0,9.351770422990914,2.0,4.438644532668855,4.92539132184778,5.0,0.024576571329581687,1,collector,monsoon
5.0,369.20861564738357,695,11,0,0,11.330858584001609,0.0,5.0,5.0,5.0,0.05729866746981383,0,collector,monsoon
2.0,30.163040327953116,395,10,0,0,19.42008245214442,0.0,2.132341082143637,2.2734392452987486,2.423873950254074,0.015062752336468569,0,collector,dry
2.0,60.09439693065452,379,16,0,1,5.065168484888156,2.0,2.163594944126197,2.340571541124221,2.5320243763710133,0.01851491044368682,0,collector,post_monsoon
2.0,381.1122456590237,691,1,0,0,7.9049594177045295,0.0,2.412983056114354,2.9112436145474847,3.5123907570620942,0.044773939627460374,1,collector,monsoon
5.0,10.878728996700357,467,5,0,2,10.90506628233219,4.0,5.0,5.0,5.0,0.018207297166685576,0,collector,dry
5.0,82.0838531779885,619,7,1,1,7.838422652266301,2.0,5.0,5.0,5.0,0.029159369053845113,0,highway,pre_monsoon
3.0,339.71864154828853,369,4,1,1,9.956140075789259,3.0,3.6039002280853913,4.329365617997979,5.0,0.04372323350485958,1,arterial,monsoon
4.0,285.57080516539287,660,7,0,1,21.031172691732557,4.0,4.7519105789453375,5.0,5.0,0.04101086578654755,1,arterial,monsoon
3.0,121.16683548708731,539,12,1,0,10.509534801850203,4.0,3.6306525397501637,4.393879288131437,5.0,0.04552591299304056,1,arterial,pre_monsoon
3.0,89.90678908965215,580,7,0,1,14.058242825814723,4.0,3.4217217076930133,3.9027264816325298,4.451347973796802,0.03116651177204998,1,collector,post_monsoon
1.0,34.21491104317196,464,1,0,1,3.7090157500213223,1.0,1.057925434684508,1.1192062253524049,1.1840367324575503,0.013225661270132603,0,collector,dry
4.0,73.66635272749338,825,9,0,0,6.487813653407683,2.0,4.548671165035748,5.0,5.0,0.030447164266236764,1,arterial,pre_monsoon
1.0,112.15125259658565,874,6,0,1,16.663418048110003,0.0,1.127151018701466,1.2704694189597523,1.4320108998095442,0.02832207404449721,0,collector,post_monsoon
4.0,94.17450658167752,59,1,2,1,20.340142192724446,1.0,4.224100048437556,4.460755304802541,4.710669174771125,0.012800672592576442,0,collector,post_monsoon
4.0,282.34759983535565,685,4,2,1,13.107052986442621,3.0,4.926984290837578,5.0,5.0,0.04983636021806426,1,local,monsoon
4.0,87.40629829724912,284,1,1,1,10.469918703051674,0.0,4.250702859490033,4.517118699919187,4.800232343600597,0.014285405204715862,0,highway,post_monsoon
1.0,56.57633630253166,601,5,0,1,14.480808154444047,1.0,1.089091580234566,1.186120470137824,1.291793817170969,0.020113183236200035,0,collector,dry
2.0,72.77496953496957,144,4,1,0,3.0,3.0,2.122317838416869,2.2521165036312256,2.38985351492479,0.013947417391325323,0,arterial,post_monsoon
2.0,53.72977450408227,580,1,2,0,13.145606717590214,2.0,2.181699799675489,2.3799070079520344,2.5961213212476224,0.0204972351704345,0,arterial,dry
2.0,39.22659522516026,332,8,0,1,6.7694469994624935,1.0,2.145966457919678,2.302586019258165,2.4706361819014084,0.016572486209822282,0,local,dry
1.0,51.01722483966907,408,2,0,0,15.97046491112021,1.0,1.0454020052165374,1.0928653525107574,1.1424836309464237,0.010414205528087899,0,local,dry
5.0,79.7708389205616,413,12,1,2,3.0,1.0,5.0,5.0,5.0,0.02527727022526334,0,arterial,pre_monsoon
3.0,39.4988361985311,353,7,1,1,8.858120120453599,0.0,3.292442976086728,3.613393583594278,3.9656307747139445,0.02194134133366583,0,arterial,dry
2.0,45.24594523114549,358,5,0,1,11.795120809460025,1.0,2.132982595514902,2.2748073763847443,2.4260622709887887,0.015133999673466236,0,local,dry
2.0,58.20396343453373,420,12,2,0,8.19104408522023,2.0,2.264819855049734,2.5647044879137484,2.9042968232811086,0.029439565407168338,0,collector,dry
3.0,43.541459413226136,469,8,1,0,10.122577999059288,0.0,3.1521207106565536,3.311954991516659,3.479893973840671,0.011608267484705344,0,collector,dry
3.0,300.97383004556207,564,8,0,2,16.52217175338254,2.0,3.685912950056321,4.528651425130963,5.0,0.04921757799603069,1,arterial,monsoon
3.0,71.58295633563026,872,6,0,0,11.87751992741371,2.0,3.1733877368588885,3.3567965761487915,3.550805696626826,0.013196714962899382,0,collector,pre_monsoon
5.0,63.56329710992539,310,5,2,0,7.347095975177125,1.0,5.0,5.0,5.0,0.029932469023682226,0,local,dry
3.0,403.4386157569974,525,8,1,0,16.702000330038956,2.0,3.781220406024756,4.765875919646007,5.0,0.05548606903858828,1,local,monsoon
5.0,48.17096514600253,654,13,0,0,13.254904345355811,4.0,5.0,5.0,5.0,0.01772023505301368,0,local,post_monsoon
4.0,326.2029197727257,358,1,0,0,13.462437397924983,0.0,4.447084688245019,4.944140556105823,5.0,0.025030831821857082,1,collector,monsoon
2.0,54.668624039096656,50,14,1,2,7.53744487385948,3.0,2.125637552246851,2.259167501760993,2.4010856392794357,0.014317264474174892,0,local,dry
5.0,351.0095159494671,118,2,1,0,3.0,2.0,5.0,5.0,5.0,0.02111207223992067,0,collector,monsoon
1.0,13.256874755930006,55,7,0,2,7.469343833218138,2.0,1.0455343831278074,1.0931421463024447,1.1429176996053338,0.010444058484312568,0,arterial,dry
4.0,41.08599399136683,808,1,0,1,6.960657109822584,4.0,4.317459719446062,4.660114607259818,5.0,0.017980058867066374,1,local,dry
2.0,57.850068596715154,622,12,0,2,8.933515214096392,3.0,2.194797902361132,2.4085689161044126,2.643161002379095,0.021923515562200537,0,collector,dry
4.0,69.3222362816842,651,1,2,1,7.790721670038474,2.0,4.300451621890277,4.623471038054679,4.970753381091241,0.017042927760173625,0,collector,post_monsoon
4.0,38.390590848491804,696,11,2,0,12.56349254523483,5.0,4.444134520234772,4.937582908485585,5.0,0.02487212502223034,1,highway,dry
4.0,40.65381495912675,384,6,1,1,16.404387355228515,1.0,4.26722494213682,4.552302176698646,4.85642434813805,0.015203938516580976,0,highway,dry
4.0,47.792956487739325,960,6,0,0,17.380807136764396,0.0,4.217045888603277,4.44586900664645,4.687108403936786,0.012405769924310266,0,collector,dry
2.0,90.65919547433893,567,1,0,2,16.18605929181814,1.0,2.2131536495012076,2.4490245381502573,2.7100337971626263,0.023911371892962035,0,arterial,post_monsoon
1.0,223.384212872492,485,11,1,2,7.511875120941477,3.0,1.1131136273183826,1.239021947321887,1.3791722141105516,0.025319498861741053,0,collector,monsoon
3.0,38.71897373397598,722,6,1,0,12.294503966599194,0.0,3.2641809607306893,3.551625781465575,3.864383085166728,0.019887714353524433,0,highway,dry
2.0,255.07893289748384,633,9,1,1,19.82582924085026,0.0,2.4152502918694867,2.9167169861878204,3.522300776095412,0.0450029130947023,1,arterial,monsoon
3.0,299.6798567669745,767,1,0,1,4.076328335135451,1.0,3.3260040482932194,3.687434309754294,4.0881404806860315,0.02436253853325023,1,highway,monsoon
2.0,407.9865434713148,778,3,1,1,18.741150222125654,1.0,2.2912829532531243,2.6249887859341796,3.0072960288458006,0.032233707044733,1,arterial,monsoon
5.0,36.92023532796868,429,8,2,0,7.019483318051604,1.0,5.0,5.0,5.0,0.01287332228389488,0,collector,dry
3.0,87.99719919636028,537,1,0,0,13.468826437920415,0.0,3.3013497055195735,3.632969959378058,3.997901435184737,0.022585737389267512,0,collector,post_monsoon
4.0,47.258679135692084,318,8,1,2,14.063925584845144,1.0,4.306438827854781,4.636353844513816,4.991543553922021,0.017373141053241534,0,arterial,dry
1.0,388.9692418406221,174,4,2,0,12.949565182847353,1.0,1.0966516303174123,1.2026447982778385,1.3188823787241473,0.02176109120894419,0,highway,monsoon
4.0,28.585855291495427,667,3,0,0,23.142364471012893,3.0,4.234972074227848,4.483747117372429,4.747135957492962,0.013408316286566283,0,collector,dry
5.0,155.18092731555203,691,9,1,0,10.495840497643536,1.0,5.0,5.0,5.0,0.03893380053308577,0,arterial,pre_monsoon
3.0,105.7194675720317,103,7,0,0,3.8025606253817923,3.0,3.237771253450437,3.494387563223338,3.7713425335397486,0.017956325141045355,0,collector,pre_monsoon
3.0,196.4503709784608,356,2,1,1,13.782235337634226,1.0,3.3083935761238115,3.648489351512434,4.023546244366623,0.023094413625629622,1,local,monsoon
4.0,35.61524281346368,511,11,1,1,11.149800076377701,0.0,4.524592989568079,5.0,5.0,0.02917182815382732,1,arterial,dry
2.0,372.5963527905308,530,9,2,1,14.774006041095863,0.0,2.682277953073223,3.5973075087713395,4.824489310601063,0.07088758317264991,1,local,monsoon
3.0,40.83880991384827,909,1,0,1,16.410476209368664,3.0,3.147874914635792,3.303038826064431,3.4658510208787585,0.011290162992108622,0,arterial,dry
2.0,395.1407817378805,374,5,0,2,11.831551641477686,1.0,2.4378281081420274,2.9715029424236676,3.622006698233579,0.04727415593158179,1,arterial,monsoon
1.0,92.50833018301563,465,8,2,0,14.181552153211491,3.0,1.1461071096468602,1.3135615067830801,1.5054821818825306,0.0323315843967494,0,arterial,post_monsoon
2.0,326.1870755430323,629,6,2,0,12.721189661185152,2.0,2.6338666566499795,3.468626782506271,4.567950213403184,0.06634617967364,1,arterial,monsoon
1.0,292.913276580504,429,1,0,0,20.95943722037356,3.0,1.0982394154948798,1.206129813746535,1.3246193016599428,0.022106082635186368,0,collector,monsoon
1.0,261.63032644502255,399,7,0,2,10.147191235661673,2.0,1.1705296861206658,1.3701397460897444,1.6037892469318775,0.03742306853076025,0,highway,monsoon
1.0,145.87171727753062,382,10,0,1,8.564649009950685,1.0,1.1223543591867096,1.2596793075854096,1.4138065620457807,0.027299317206091817,0,arterial,pre_monsoon
5.0,100.80275543052818,546,6,0,0,16.40365451555614,1.0,5.0,5.0,5.0,0.024393229151902708,0,arterial,post_monsoon
3.0,21.483667419004956,464,7,1,0,7.354100923286417,4.0,3.142198505303857,3.2911371489112646,3.447135410019657,0.010864359492559041,0,arterial,dry
5.0,188.1499396842782,636,11,0,2,13.96078902791273,2.0,5.0,5.0,5.0,0.046835734390100046,0,collector,monsoon
3.0,396.12283367459423,571,1,0,0,11.15205423165423,6.0,3.6225791373175227,4.374359868709389,5.0,0.04498297026112532,1,local,monsoon
2.0,129.9366827957963,50,9,1,0,11.493396577290333,3.0,2.1087684964379045,2.2234522857844907,2.344373066797591,0.012433279088515159,0,local,pre_monsoon
3.0,54.80988603179612,149,8,1,1,24.186523120050847,4.0,3.114075794610052,3.232489351525409,3.355405615306674,0.008746054205920693,0,arterial,dry
3.0,56.00446717115568,399,1,2,2,18.170433724611172,2.0,3.215647291189388,3.4467958337778835,3.6945598953902397,0.01632904117480785,0,local,pre_monsoon
1.0,80.41102321548455,696,9,1,1,17.10789766659716,5.0,1.1134842924660597,1.2398472695686418,1.3805504597216152,0.025399155656076592,0,collector,post_monsoon
3.0,57.551727665498575,369,14,2,1,14.652853202384867,2.0,3.3672388397128827,3.7794324678903197,4.242083932650733,0.027311829565349433,1,collector,post_monsoon
2.0,346.0558189953243,574,8,1,1,8.542429392799123,3.0,2.310158059141886,2.6684151291091025,3.082230357823765,0.034211580661635405,1,collector,monsoon
3.0,234.40104735137916,619,9,0,1,13.307408433688604,4.0,3.649501648485235,4.439620760765483,5.0,0.0467899366151278,1,local,monsoon
3.0,58.952891242866414,608,2,1,1,14.91662150414335,2.0,3.2592634884139455,3.5409328289694137,3.8469443614621044,0.019529000794587574,0,collector,post_monsoon
2.0,17.558567629083328,390,4,1,2,12.994927150696844,0.0,2.1854650443881267,2.388128730121198,2.6095859305894424,0.02090791154036091,0,arterial,dry
1.0,5.0,270,2,0,0,12.473751636719806,0.0,1.0490942676656836,1.100598782448997,1.1546318736670735,0.01124577453843229,0,collector,dry
4.0,290.0451431303207,237,8,0,1,10.012753506052974,2.0,4.571584966199451,5.0,5.0,0.03165603022835347,1,collector,monsoon
3.0,90.55295287261156,1094,4,1,1,13.367293248406414,2.0,3.375684974812489,3.798416349724932,4.274085666616185,0.027912513485569713,1,arterial,post_monsoon
1.0,102.45865312688822,591,4,0,2,9.372143242732367,1.0,1.1364527391317527,1.2915248282800633,1.4677569287555445,0.030295940386853928,0,collector,post_monsoon
5.0,164.30231012364874,868,9,1,1,15.517115897836302,3.0,5.0,5.0,5.0,0.039699448912821414,0,local,pre_monsoon
1.0,39.116952171365185,333,13,2,1,3.0,2.0,1.1270660223697226,1.2702778187803083,1.4316869685172096,0.02830397996170691,0,collector,dry
3.0,166.06592320115647,749,6,0,0,18.793717832249712,1.0,3.4856775637757447,4.049982692869871,4.705644602072194,0.03563182965195471,1,collector,pre_monsoon
5.0,31.940664836614157,404,1,1,2,5.441670490660552,4.0,5.0,5.0,5.0,0.012387856998316621,0,local,dry
2.0,61.18104146213919,494,7,2,2,6.663724879652214,0.0,2.3023447310061775,2.650395630195954,3.051062207131726,0.03339435053307897,1,local,dry
1.0,341.7469928956716,442,7,0,1,14.044270928108396,0.0,1.1963271110014422,1.431198556517057,1.7121816343874852,0.04271347774234418,0,collector,monsoon
1.0,44.741566796596,324,10,0,0,14.699709151773312,1.0,1.0668205314844634,1.1381060463967931,1.2141548973027085,0.015207112870391944,0,collector,dry
2.0,96.25777993740857,327,5,0,1,22.391389882021844,4.0,2.196411795291052,2.412112387246831,2.648996049458299,0.02209880388260071,0,local,post_monsoon
1.0,95.73617644750706,492,10,0,0,13.48142264654563,1.0,1.1184082034524359,1.2508369095497054,1.398946260821483,0.026455391603143762,0,arterial,pre_monsoon
3.0,246.37915536268787,382,9,1,0,11.79772617003583,3.0,3.4219868730804635,3.9033313865116694,4.4523829219753,0.031185156877071362,1,collector,monsoon
1.0,48.45572083643394,525,5,1,0,12.95649689271412,0.0,1.0668149327940617,1.1380941008323986,1.2141357816928333,0.015205869709332171,0,arterial,dry
3.0,46.44024505738043,332,10,2,1,19.95243880643889,4.0,3.33653960581891,3.710832180399403,4.127112846816651,0.02511874178162584,1,highway,dry
5.0,45.5025230324822,641,10,0,2,24.121999953321897,0.0,5.0,5.0,5.0,0.031369234588552744,0,arterial,dry
4.0,57.97117344134351,408,2,0,0,11.075998505455074,3.0,4.189489094203827,4.3879547176132006,4.5958221088251845,0.010858227793412566,0,arterial,post_monsoon
3.0,87.03391343845925,827,10,1,2,14.713862080860562,2.0,3.481445927369789,4.040155248399897,4.688527345161166,0.03533833140352687,1,collector,post_monsoon
2.0,98.9964722455376,489,6,1,1,11.628054077522368,1.0,2.1804771962890737,2.37724040176833,2.59175924307646,0.020363768589647044,0,local,pre_monsoon
3.0,54.31065117194964,479,6,0,2,11.528668293730671,0.0,3.274845717861734,3.574871491932446,3.9023841990869865,0.020664252275569495,0,collector,dry
3.0,102.91569221807103,820,6,0,0,21.395253119323836,1.0,3.379745836792434,3.807560640438596,4.289529074285693,0.028200909385423824,1,local,post_monsoon
3.0,43.77968216359066,400,11,1,1,7.371341380682552,2.0,3.2620666224873167,3.5470262165152704,3.856878609993978,0.01973353108551182,0,local,dry
1.0,31.77436570548445,418,11,0,1,3.0,2.0,1.0684551340742663,1.1415963735296581,1.219744506338327,0.015569854438881682,0,collector,dry
4.0,235.59683404642652,359,8,1,1,13.587221795232766,5.0,4.4734866786527965,5.0,5.0,0.02644756782226051,1,local,monsoon
3.0,79.25113384683675,540,8,0,2,18.00503264381037,3.0,3.3191935550603455,3.6723486186513785,4.063078622320806,0.02387272877314683,1,arterial,post_monsoon
2.0,19.765744829230428,352,6,0,2,13.099483131255154,3.0,2.1330602769810234,2.27497307261718,2.4263273462005857,0.015142625966321292,0,highway,dry
2.0,17.665187460431117,655,17,0,1,14.51101775604006,1.0,2.2044497629254565,2.4297993786310506,2.67818533208982,0.022970356854164223,0,local,dry
3.0,69.89615235731694,490,4,1,0,15.761966905634466,1.0,3.2486370790613712,3.5178809571508003,3.8094395057079984,0.018752419493787736,0,highway,post_monsoon
4.0,28.543457482179782,667,5,1,0,12.554555367048028,0.0,4.402090593576449,4.844600398513562,5.0,0.022601510148082624,1,local,dry
4.0,45.17964334247156,645,8,0,0,14.781538117241627,5.0,4.393333555783136,4.8253449330925235,5.0,0.02212648904773568,1,local,dry
4.0,335.8689010970824,397,3,0,1,14.6980594932683,2.0,4.442386649150177,4.933699785136935,5.0,0.024778058702180653,1,arterial,monsoon
1.0,88.74076354174069,352,11,0,0,3.0,1.0,1.0943371479185924,1.197573793314599,1.310549489397948,0.02125751756761444,0,collector,post_monsoon
3.0,122.90598097427628,434,1,0,2,12.569334468648957,1.0,3.2052326443361703,3.4245054347727466,3.658778870080079,0.015560039756111504,0,collector,pre_monsoon
3.0,88.70552760360422,501,4,0,0,4.136085835202511,5.0,3.3422622736742893,3.7235723686754776,4.148385150373354,0.02552872669081931,1,arterial,post_monsoon
1.0,350.1140140220403,566,5,0,0,11.809142474462888,2.0,1.1843299011504986,1.4026373147591498,1.6611853123387046,0.04026414216409638,0,local,monsoon
2.0,21.62038489727557,589,2,0,2,9.523595255802828,3.0,2.112076381796712,2.2304333212717453,2.3554227695152257,0.012803621763801,0,arterial,dry
4.0,99.61318151189096,493,11,1,1,17.17005627183914,1.0,4.705670848356605,5.0,5.0,0.03863837052221507,1,arterial,post_monsoon
1.0,119.06518905595567,363,1,2,1,13.222063796049987,3.0,1.1121472220016455,1.2368714434059775,1.3755831397571237,0.025111720460503424,0,local,pre_monsoon
3.0,37.543858790631774,382,3,0,2,14.365964230441145,6.0,3.1414377171278547,3.289543643531155,3.4446321579756525,0.010807245815911859,0,highway,dry
2.0,360.61964584250325,603,4,0,2,11.042746410188746,5.0,2.645693706186198,3.49984759347663,4.629762375336016,0.0674615302816577,1,local,monsoon
1.0,27.60745068416233,369,10,0,2,17.260906313031814,2.0,1.0683020094294724,1.1412691833510484,1.219220161873858,0.015535891970227504,0,local,dry
2.0,46.38112944127877,612,12,0,2,4.013373297386332,3.0,2.2434508175880796,2.5165357854683115,2.822862132699272,0.02716496231134012,0,collector,dry
5.0,19.579631931284446,618,9,2,0,7.522487739393302,1.0,5.0,5.0,5.0,0.03888135689801619,0,local,dry
4.0,183.36267981758726,806,1,0,1,18.431535608044015,3.0,4.478868934622471,5.0,5.0,0.026735593728330995,1,collector,pre_monsoon
5.0,64.11733664079492,403,4,0,1,9.821757504339079,4.0,5.0,5.0,5.0,0.020731530687957012,0,highway,post_monsoon
3.0,209.4848552641074,434,13,1,1,3.0,2.0,3.53477643902127,4.1648814912866285,4.907308322238581,0.039017420790421704,1,arterial,monsoon
1.0,20.374780050725533,50,7,1,1,19.263206383069427,0.0,1.0755344992841267,1.1567744591503573,1.244150838706946,0.01713597231209977,0,local,post_monsoon
3.0,64.18585933236339,311,1,1,2,17.384680356798988,2.0,3.3678532795597427,3.7808119042137713,4.244406590334956,0.02735556708475025,1,collector,dry
3.0,34.35116687773735,308,15,2,0,15.554847033053663,0.0,3.264394504786612,3.552090494293677,3.865141563359013,0.01990328230662431,0,collector,dry
4.0,38.08748021982543,601,4,0,1,12.472030034758513,2.0,4.347083258522185,4.724283214130963,5.0,0.01960555347122786,1,local,dry
1.0,24.509867064730194,861,6,0,1,20.303735090793484,1.0,1.0972496987385802,1.203956901381905,1.3210413473355298,0.02189108348790168,0,local,dry
3.0,21.193505020134655,616,4,0,0,18.293092145312507,3.0,3.202508950488514,3.4186878593196806,3.6494594894658983,0.015358610458644666,0,local,dry
2.0,284.4874360194145,698,3,1,0,19.73928034396005,1.0,2.1885335843151457,2.39483962483765,2.6205934740029404,0.02124219712620461,0,arterial,monsoon
2.0,77.01726720492438,357,12,1,1,15.477502402236153,6.0,2.3209597691907353,2.6934271251009556,3.12566799930319,0.0353378960767115,1,arterial,post_monsoon
4.0,119.37335784472646,260,7,1,2,12.613979256255409,1.0,4.523080408458342,5.0,5.0,0.029091538517496664,1,arterial,post_monsoon
3.0,18.064214021989137,451,8,0,1,10.004175644926004,3.0,3.216366875336184,3.448338625586614,3.69704071009303,0.016382103594441963,0,arterial,dry
2.0,61.25076180068359,375,1,0,1,5.655380787670641,5.0,2.190867101731682,2.3999493287250906,2.6289850150634178,0.02149616918208203,0,arterial,post_monsoon
2.0,24.91391141774456,327,5,1,1,14.510228077331725,1.0,2.1143666793972073,2.2352732274725864,2.3630936157583453,0.013059777378263904,0,local,dry
3.0,27.693272998418745,543,4,1,2,14.926786673978022,0.0,3.2815071785577636,3.5894297876420453,3.9262465383588143,0.02114831311220558,0,collector,dry
4.0,56.573882870205935,262,3,1,0,10.251093340463381,1.0,4.332756692655275,4.69319513943727,5.0,0.018820494100195675,1,local,post_monsoon
4.0,258.3648867496923,665,8,0,1,15.068405140583167,1.0,4.697481980630976,5.0,5.0,0.03821635019642407,1,collector,monsoon
5.0,32.2632389872015,420,5,2,1,10.339110842004281,2.0,5.0,5.0,5.0,0.022534565613223676,0,collector,dry
4.0,107.99273151204343,490,9,0,1,16.337138456734806,0.0,4.483044236455836,5.0,5.0,0.026958848005011818,1,arterial,pre_monsoon
2.0,66.77544687420162,519,9,1,0,7.589463534286406,2.0,2.1772813187373115,2.370276970461243,2.5803798840092673,0.020014616581580484,0,local,dry
3.0,258.41878265660625,406,5,2,2,6.72444232495649,1.0,3.4611154115336813,3.9931066306519876,4.606867633082308,0.033924419757673865,1,local,monsoon
3.0,96.03445367948112,753,8,2,0,10.797106363906762,1.0,3.5040066028223604,4.092687424207567,4.780267919237119,0.03689995174740139,1,collector,pre_monsoon
2.0,80.78036474173912,178,5,0,0,16.143926977511434,3.0,2.1092113448534398,2.224386248629228,2.3458503554723755,0.012482885113692757,0,collector,post_monsoon
4.0,43.321255925863916,756,3,0,0,6.206072676704883,1.0,4.227364030996963,4.467651662641722,4.721597485418848,0.012983224258181393,0,arterial,dry
1.0,99.21170309558795,430,2,0,1,17.248435095045977,1.0,1.0823019145430415,1.1713774342235332,1.2677840397126459,0.018625708527922887,0,local,pre_monsoon
5.0,137.29683361526983,684,7,1,1,3.787059328073937,2.0,5.0,5.0,5.0,0.02336620080971525,0,local,pre_monsoon
3.0,379.263710955476,540,4,0,0,10.766270622028546,1.0,3.4352975331416156,3.9337563804029574,4.504541196526124,0.03211967585736329,1,collector,monsoon
3.0,27.054892929955123,670,12,0,0,4.934619364486796,1.0,3.2672215853231616,3.5582456292005302,3.8751923085352558,0.02010931075399958,0,arterial,dry
3.0,273.21159945574396,476,13,2,0,3.0,3.0,3.5134628794892016,4.114807135182851,4.819074041907418,0.037552210770412243,1,arterial,monsoon
4.0,84.7719983979677,547,8,2,1,13.832259023876269,3.0,4.652415628854964,5.0,5.0,0.03588366996681566,1,arterial,post_monsoon
3.0,76.7219884187582,719,7,0,2,11.110944456844427,2.0,3.273313265236826,3.5715265774584575,3.8969084410468833,0.02055278848185639,0,arterial,post_monsoon
3.0,71.4193482823831,519,7,0,0,5.014505335847556,1.0,3.2854347745600325,3.5980272192961102,3.9403612486963264,0.0214333623588337,0,arterial,post_monsoon
1.0,88.83784961121063,766,16,0,1,9.416930710076102,0.0,1.1930808229808654,1.4234418501646988,1.6982811740599044,0.04205258479965538,0,arterial,post_monsoon
3.0,337.5970657402911,570,14,1,0,14.209126134646569,2.0,4.350903849661169,5.0,5.0,0.09062032567857899,1,collector,monsoon
2.0,91.43501856979361,353,6,1,1,10.159251665054153,1.0,2.221187829237682,2.466837686376804,2.7396549228424996,0.024777467120089162,0,collector,post_monsoon
4.0,36.3058838287369,429,6,0,1,11.006594422158008,2.0,4.308127162916412,4.639989912964553,4.997416644925187,0.017466194433145385,0,collector,dry
3.0,87.87736870984492,677,8,0,1,10.00771714838475,3.0,3.390656441213884,3.8321837007817345,4.331206116323483,0.028974449411111585,1,collector,pre_monsoon
3.0,47.403827288112886,252,2,0,0,9.088489342850202,6.0,3.1554482882030457,3.3189512998411765,3.490926399237704,0.011857347467648074,0,local,dry
1.0,136.80842681036862,658,1,0,2,9.023313626284612,0.0,1.1171357975421785,1.2479923901501992,1.3941769740970122,0.026182787939822066,0,collector,pre_monsoon
1.0,41.776368189870915,426,1,2,2,8.876513168521322,1.0,1.0619393802883625,1.1277152474072316,1.1975652309733733,0.01412137388041137,0,arterial,dry
4.0,62.1403360073995,242,5,0,2,8.23428561963463,2.0,4.396265332701871,4.831787218879073,5.0,0.022285602576054084,1,local,post_monsoon
1.0,32.96007728023672,541,3,1,1,6.9135270115459875,1.0,1.0752590460666644,1.1561820161481933,1.243195171762939,0.01707518373967919,0,highway,dry
1.0,58.240775878426604,359,12,2,0,10.101438411410854,1.0,1.0777246579102833,1.1614904382678373,1.25176688524827,0.01761888463568576,0,collector,dry
1.0,230.64294413358692,385,1,1,1,8.800360738359915,5.0,1.1225879438678907,1.2602036917175385,1.4146894711399167,0.027349200313543504,0,arterial,monsoon
5.0,49.00649615096503,374,1,0,1,6.6415068474215335,1.0,5.0,5.0,5.0,0.007597893574795171,0,local,dry
4.0,20.42821372812209,522,1,0,2,15.830073276784765,3.0,4.331431135218713,4.690323919785516,5.0,0.018747756386657058,1,highway,dry
2.0,55.46695652020785,422,4,2,0,18.16317985958358,2.0,2.15575455197916,2.323638844189435,2.504597507758485,0.017652507641312657,0,arterial,dry
2.0,142.88874770141913,578,5,0,2,11.999486126983001,2.0,2.296656721220569,2.6373160475638078,3.0285048133101427,0.032798078350961525,1,arterial,pre_monsoon
2.0,74.44734041972133,702,6,2,1,12.332364939654195,1.0,2.3774418640292536,2.8261149084194463,3.359461947916796,0.041162807263358595,1,local,pre_monsoon
4.0,271.462166424452,608,6,0,0,8.537180170652013,2.0,4.732099646020434,5.0,5.0,0.03999657161718877,1,collector,monsoon
3.0,413.4743259391014,861,4,0,0,17.335156783954986,0.0,3.6305858615379805,4.3937178993331605,5.0,0.04552143262281422,1,highway,monsoon
2.0,160.7915463900269,910,2,2,2,20.6909055753817,0.0,2.2273482693731386,2.4805401565397576,2.7625134123897017,0.025439945314546974,0,arterial,pre_monsoon
2.0,56.65460763622184,441,8,2,0,11.181030854871691,2.0,2.1030208621454003,2.2113483733093915,2.3252558812704724,0.011788727524517362,0,local,dry
1.0,41.94942807353673,269,3,0,1,9.392767358037391,2.0,1.0400456336663,1.0816949201083357,1.1250120786176918,0.009203835016689678,0,arterial,dry
3.0,257.18469499358565,442,10,0,1,13.707376329774226,2.0,3.538369414047795,4.173352703422979,4.922287853275183,0.03926375385469577,1,arterial,monsoon
4.0,23.12908540870088,523,1,2,0,12.644655220191945,2.0,4.2196151310020245,4.451287963445307,4.695680510750251,0.012549658643549937,0,highway,dry
2.0,58.79727101278419,945,4,0,1,9.499222622713553,0.0,2.155408234308075,2.3228923282615273,2.5033906258729766,0.01761435906111292,0,arterial,dry
1.0,300.13853994751514,425,15,0,0,14.355979165161752,2.0,1.1808601763592106,1.3944307561111058,1.6466277485820675,0.039552222396987836,0,arterial,monsoon
1.0,101.4120005968893,555,15,0,1,16.690788036949485,2.0,1.1539059094908737,1.3314988479579604,1.5364243891389808,0.033966400064122826,0,local,pre_monsoon
5.0,13.512527557381098,363,1,1,1,8.070907993376101,1.0,5.0,5.0,5.0,0.015490593902044762,0,arterial,dry
2.0,30.624367980999004,430,11,2,0,24.710169898578023,2.0,2.197846982751819,2.4152656797956364,2.6541921934414296,0.022254599693447032,0,arterial,dry
4.0,66.36115548971182,257,13,0,1,4.33528921451086,3.0,4.552193042472917,5.0,5.0,0.030633271541404036,1,collector,post_monsoon
3.0,126.79286560789595,207,11,0,2,7.741546368295495,5.0,3.299614725988553,3.629152446653504,3.991601618611762,0.022460317373684653,0,collector,post_monsoon
2.0,283.2072864514402,772,6,0,0,13.169840151511815,5.0,2.3424788106858236,2.7436034892560355,3.213416519252977,0.03756980427043338,1,local,monsoon
2.0,146.2863773796499,713,1,1,1,23.234365591882742,3.0,2.2125176754529274,2.4476172320958125,2.7076981943775777,0.023842710149811906,0,local,pre_monsoon
1.0,334.26390367435914,426,7,1,0,9.187046541596875,1.0,1.2106654940023176,1.465710938367876,1.774485657263745,0.04561620429009569,0,collector,monsoon
3.0,86.75124033612991,712,8,0,2,6.671268437022066,2.0,3.346346382828431,3.7326780379563083,4.163611216859406,0.02582099255691347,1,collector,post_monsoon
4.0,114.96561526398536,238,7,0,2,14.746207392143727,1.0,4.248384623658568,4.512192977634639,4.792382816290791,0.014156305680283957,0,collector,post_monsoon
3.0,37.76888927801293,465,8,0,1,10.757027961409644,3.0,3.230876016400466,3.4795199444505824,3.7472991790374897,0.017450076572553805,0,local,dry
3.0,43.57656136198175,534,3,0,0,15.32627847477216,1.0,3.171478747530399,3.352759148678996,3.544401461874516,0.013054465350557638,0,local,post_monsoon
1.0,22.661353263631312,753,5,0,2,11.6460972504979,2.0,1.111654786183336,1.2357763636443184,1.3737567092974452,0.025005792877166456,0,highway,dry
5.0,35.9851634499167,539,1,2,1,7.714167289350222,0.0,5.0,5.0,5.0,0.020840765055697402,0,highway,dry
4.0,292.24802202119724,608,10,0,1,23.744379852071148,3.0,5.0,5.0,5.0,0.06549832361685413,1,collector,monsoon
2.0,132.4613886751797,406,3,2,0,3.0,1.0,2.2333768149496054,2.493985998777222,2.7850052532389915,0.026086881324818307,0,collector,pre_monsoon
5.0,70.73139449264565,552,6,0,1,21.10119375174886,1.0,5.0,5.0,5.0,0.02508767944396536,0,collector,post_monsoon
3.0,37.152473079048065,752,8,2,1,16.666309521169637,1.0,3.216731246536644,3.449119970815065,3.6982973277247924,0.01640896899983386,0,arterial,dry
3.0,396.17679575599055,176,4,0,0,8.272053542363928,1.0,3.2768245470673287,3.5791930374210024,3.9094625345712046,0.020808124376366813,0,arterial,monsoon
4.0,65.21279357322707,727,2,0,0,21.362100524168824,1.0,4.2743574003194835,4.567532796416484,4.880816902391186,0.015599619973969227,0,local,post_monsoon
4.0,109.72931957762506,458,8,0,1,5.142904003778697,3.0,4.348946513639865,4.728333944625083,5.0,0.019707509285497506,1,collector,post_monsoon
3.0,49.44472020144842,218,1,1,1,17.040554810037623,3.0,3.173596875322364,3.3572390423519565,3.5515077781728044,0.013212295067202994,0,collector,dry
1.0,132.90267468515256,446,10,0,0,3.0,3.0,1.1140713948793353,1.2411550728883876,1.382735363314329,0.02552528372621601,0,collector,pre_monsoon
2.0,290.2009368723052,758,9,2,0,6.270609035148124,1.0,2.5886717620627073,3.350610745850421,4.3368157117234265,0.0620483726669024,1,local,monsoon
5.0,29.840312076247177,403,4,1,0,6.258190871760615,0.0,5.0,5.0,5.0,0.012717935227489412,0,arterial,dry
2.0,74.39584176272676,559,5,1,2,8.246716697856005,4.0,2.2036376174677175,2.428009374559399,2.675226396671678,0.022882407067580837,0,collector,post_monsoon
2.0,75.78635210241106,177,3,0,0,12.05790557689329,1.0,2.114381416869878,2.235304388002336,2.3631430295199176,0.013061424984412534,0,collector,post_monsoon
3.0,17.207299926383733,134,5,0,2,7.870118179459211,4.0,3.1962266285215835,3.4052882202901498,3.628024295827416,0.014893503416805856,0,local,dry
3.0,36.702959415884,284,6,0,1,3.0,2.0,3.1826956680684733,3.3765172385139417,3.5821422627256148,0.01388936338211269,0,collector,dry
3.0,46.87708853798322,702,5,0,1,14.317253843503394,1.0,3.2977851684566453,3.6251290057642076,3.9849655563170625,0.022328005623620372,0,highway,dry
5.0,76.97201504693382,489,12,0,2,12.244754614637396,4.0,5.0,5.0,5.0,0.03323673136088608,0,collector,post_monsoon
2.0,32.323059795220296,719,1,2,0,14.0446367044909,4.0,2.100470020396414,2.205987153292056,2.316804940434796,0.011502238106863245,0,highway,dry
1.0,140.90791904888272,731,3,2,1,12.859589546329886,4.0,1.1068022433620386,1.2250112059112415,1.3558451508461982,0.023960036524672244,0,local,pre_monsoon
2.0,47.43673598791739,348,9,1,1,16.77117640992583,4.0,2.1624552981555567,2.338106458260519,2.5280253491585922,0.018389704228608243,0,collector,pre_monsoon
4.0,279.075512118573,813,15,0,2,11.622588234194483,1.0,5.0,5.0,5.0,0.06279679277216545,1,collector,monsoon
3.0,27.16481550211296,391,3,0,0,17.06260317405155,1.0,3.1618942682039703,3.3325251211003737,3.512364026351005,0.012339277677499053,0,collector,dry
2.0,54.55128979265972,700,11,0,1,8.121516759493861,4.0,2.1766291629443204,2.368857256489847,2.5780618936640374,0.01994331981051473,0,local,dry
4.0,74.53604154153959,691,2,1,2,8.406648103305734,1.0,4.387512443403008,4.812566360254058,5.0,0.021810323943415158,1,collector,post_monsoon
4.0,81.3093209931249,513,5,0,0,18.880196976990966,1.0,4.289977002582141,4.600975670670913,4.934519954154539,0.01646437077900229,0,collector,post_monsoon
4.0,340.1949827275421,513,7,1,2,18.778343291136444,1.0,5.0,5.0,5.0,0.06918305985330911,1,collector,monsoon
5.0,54.18501171827367,564,4,2,2,14.868710713904164,1.0,5.0,5.0,5.0,0.028281710753787184,0,local,dry
2.0,56.34052433437556,523,5,1,0,7.554460435700962,4.0,2.184195231030013,2.385354403627126,2.6050398563594044,0.020769473280079803,0,arterial,dry
4.0,366.4134623724088,421,1,0,0,7.151837823521218,2.0,4.379876036674898,4.795828524159754,5.0,0.02139507578221876,1,arterial,monsoon
3.0,45.29392514935195,404,9,0,0,18.640319811806354,2.0,3.2557476057739265,3.533297490834218,3.8345082820901766,0.019272274157473075,0,arterial,dry
4.0,112.3073436721177,423,3,1,0,18.3633246378908,0.0,4.295362633639526,4.61253503861667,4.953127662806772,0.016761976781419136,0,arterial,post_monsoon
4.0,286.9330255975623,743,4,2,1,11.682103211649375,6.0,4.695763035590667,5.0,5.0,0.03812769127445422,1,collector,monsoon
4.0,27.314637703525765,182,3,2,2,23.709424634849267,2.0,4.236354298057718,4.486674434668023,4.75178563132289,0.013485483842471179,0,local,dry
3.0,100.4727076586821,400,4,2,1,14.294500359730696,3.0,3.2896016351897757,3.6071596394144154,3.9553727494027413,0.021735491010373486,0,collector,post_monsoon
2.0,118.8398702612457,434,7,2,1,6.464003129844402,2.0,2.2665602945179235,2.5686477843425886,2.910997539296175,0.029624098816560303,0,arterial,post_monsoon
3.0,53.02985861103344,454,7,0,0,10.621844501660542,2.0,3.1741935120003957,3.358501483875137,3.553511206720054,0.013256738145145134,0,collector,dry
5.0,328.91287421555836,559,17,0,1,12.027352890026869,3.0,5.0,5.0,5.0,0.08079859325280216,0,highway,monsoon
5.0,29.11072149551128,230,6,0,1,12.431993183745568,4.0,5.0,5.0,5.0,0.01814702562936294,0,collector,dry
1.0,125.00380993592978,705,6,1,1,18.250016089258537,1.0,1.1330143656936313,1.2837215528681418,1.4544749609501413,0.029567750349556506,0,highway,pre_monsoon
2.0,39.805094819746145,677,12,0,1,7.218555436678204,2.0,2.2086235556756666,2.439009005342712,2.693426370852496,0.023421958526514016,0,arterial,dry
1.0,362.19522968575683,634,7,0,2,5.342438504438916,1.0,1.2735619893261196,1.6219601406563036,2.065666783341915,0.05804633545824493,1,arterial,monsoon
4.0,83.83869941059788,458,6,1,1,15.011618415025477,2.0,4.43084040864398,4.908086681718088,5.0,0.024155953270167226,1,local,post_monsoon
4.0,84.65598490289946,352,6,0,0,9.465077455370732,1.0,4.294769271067763,4.611260772926981,4.9510752671117455,0.016729202030906876,0,collector,monsoon
2.0,40.77957590073251,434,7,1,0,24.117530617334122,3.0,2.122005792769414,2.2514542922734737,2.388799525179936,0.013912629796551354,0,local,dry
3.0,234.51406077671064,512,10,0,0,16.716101907378164,3.0,3.381146512868907,3.8107172471618576,4.294864443923572,0.02830032153280348,1,local,monsoon
4.0,27.958334876971065,633,12,2,0,9.373017738298799,2.0,4.560250163817833,5.0,5.0,0.03105862084414421,1,arterial,dry
4.0,103.15168983082114,483,11,2,0,18.06426869392103,3.0,4.610202636225987,5.0,5.0,0.033682916431808735,1,local,post_monsoon
3.0,107.90055698034877,572,8,2,1,15.65205397541503,2.0,3.425271262682579,3.910827740986371,4.465215291500816,0.031416006964358874,1,collector,pre_monsoon
3.0,46.823582932670234,413,7,1,0,15.168485737316391,2.0,3.1729946298535285,3.3559649736931103,3.5494862798349267,0.013167427697263773,0,local,dry
3.0,47.23344040082743,557,15,1,1,11.388780342057537,1.0,3.342511201286002,3.7241270435741316,4.14931211938622,0.02554654821163476,1,collector,dry
2.0,370.2194692780204,450,5,0,0,14.102254258192328,3.0,2.2309492711016112,2.4885673251144054,2.775933730025635,0.02582653764953335,0,arterial,monsoon
3.0,44.7647812177477,553,9,1,1,3.0,1.0,3.2544822029600535,3.530551469794575,3.8300389750269677,0.019179823548261872,0,collector,dry
3.0,292.539380420694,146,11,1,2,18.585447021110255,3.0,3.3870062224917277,3.823937050399228,4.31723286137295,0.028715868906859544,1,highway,monsoon
4.0,39.409590627847756,597,11,0,1,3.0,0.0,4.59721646139347,5.0,5.0,0.033002781899664914,1,arterial,dry
3.0,40.19415970217849,608,3,1,1,9.789384529870425,3.0,3.234739052357064,3.487845578947958,3.7607567676046303,0.01773380274108964,0,arterial,dry
4.0,135.20434192989148,605,18,0,1,4.02144723402983,4.0,4.699680956619357,5.0,5.0,0.0383297316697284,1,collector,pre_monsoon
2.0,69.1755933689446,302,13,0,0,9.495744293842383,1.0,2.1623692402459627,2.337920365580951,2.527723542338422,0.018380247496974075,0,local,post_monsoon
3.0,136.4615199038661,357,11,0,0,11.629413637939473,0.0,3.2591598993748185,3.5407077498976247,3.846577571290661,0.019521439851072478,0,collector,post_monsoon
1.0,23.442037146817874,326,2,1,2,6.016032330418943,1.0,1.083070025511388,1.1730406801612387,1.270485199388129,0.01879434396429551,0,arterial,dry
2.0,107.45253254160507,565,10,2,1,3.0,3.0,2.3406379062387814,2.7392929040609326,3.2058464037679664,0.03737948596641367,1,collector,pre_monsoon
4.0,43.97422901795308,631,1,1,0,13.03532862070529,4.0,4.263424738349919,4.544197624893519,4.843461142480494,0.014992910682898356,0,arterial,dry
5.0,283.94676944877125,360,6,0,0,22.432198910139476,2.0,5.0,5.0,5.0,0.0290774084915649,0,arterial,monsoon
1.0,127.4877742822315,763,7,2,1,10.243599165749966,0.0,1.1418557485439762,1.303834550482924,1.4887909766191778,0.03143680239841401,0,collector,pre_monsoon
3.0,67.00145406444481,760,5,0,2,16.796654781129,4.0,3.3471109359292033,3.7343838724722884,4.166465699503214,0.025875674897517867,1,collector,post_monsoon
4.0,105.54146820494844,527,13,0,1,19.521924187784432,3.0,4.368066237272494,4.770000663299971,5.0,0.02075179493611087,1,collector,post_monsoon
2.0,74.48238418283684,574,7,2,0,3.0,2.0,2.2103944255523738,2.442921758256504,2.6999103182553896,0.023613367822758125,0,arterial,pre_monsoon
3.0,140.02065853364036,164,3,1,1,9.713624242608395,3.0,3.1995889800437487,3.4124565470724653,3.639486120963733,0.015142519701164793,0,collector,pre_monsoon
4.0,98.90287940437955,394,10,1,0,5.618071941555993,1.0,4.42951599429712,4.905152985933501,5.0,0.024084515084519604,1,local,post_monsoon
3.0,66.70310517744328,249,8,0,0,7.96861481010918,1.0,3.3025709324486647,3.6356582546182814,4.0023397573397945,0.022673988419354845,1,collector,post_monsoon
2.0,49.17282503859773,318,1,0,0,20.510058505733145,1.0,2.0664009706773143,2.1350064858080735,2.2058897373380826,0.007650072212820634,0,collector,dry
2.0,42.65992544711715,602,12,0,1,13.118397432120961,2.0,2.230463290958346,2.4874832461563674,2.7741200337128404,0.025774392272361394,0,arterial,dry
4.0,109.24661432079975,651,7,1,1,15.94411800522587,3.0,4.517773626733682,5.0,5.0,0.028809685216761468,1,arterial,pre_monsoon
3.0,43.6150470649354,659,10,0,1,11.780504470181073,2.0,3.206494489460067,3.4272023036459247,3.663101766968502,0.01565331434765246,0,local,dry
1.0,27.54114219494085,548,8,0,1,5.947236771322281,2.0,1.1007624078501412,1.2116778785360407,1.3337694591160831,0.0226534886440791,0,collector,dry
4.0,32.990790697476704,604,5,0,1,15.39057848609353,3.0,4.23269205625991,4.478920510781436,4.73947281665104,0.013280983977124669,0,collector,dry
1.0,259.0651172209673,182,8,1,2,18.262876857214106,3.0,1.1312819762075903,1.279798909692151,1.4478134397048559,0.02920021717803391,0,local,monsoon
4.0,15.78747603241472,242,6,0,0,13.586871080843284,3.0,4.243955764252688,4.502790132233404,4.77741053422802,0.013909518060255137,0,local,dry
2.0,19.811793778599323,458,8,2,0,14.445621808799674,4.0,2.1312996594576576,2.271219119202164,2.420324267654647,0.014947055533025343,0,local,dry
5.0,40.16045810687846,619,9,0,0,5.825993068166078,1.0,5.0,5.0,5.0,0.027612766550005757,0,local,dry
2.0,57.09267382488599,410,7,2,0,15.53431816574613,1.0,2.1741764951825364,2.363521716102109,2.569356680501349,0.019675035806974765,0,arterial,post_monsoon
2.0,105.98603480576479,227,8,1,0,18.730069114631746,2.0,2.2451348923333114,2.5203153423862545,2.8292239574371782,0.02734482325155356,0,highway,post_monsoon
1.0,107.74740449606048,361,5,1,2,14.022927371357268,1.0,1.128852592429104,1.274308175433909,1.4385060873921696,0.02868408643599748,0,highway,pre_monsoon
2.0,98.67924022598967,313,4,0,0,3.0160837706155377,0.0,2.1692388074827544,2.352798501944601,2.5518909083027586,0.019134224428223674,0,arterial,pre_monsoon
4.0,139.80745959174396,155,10,1,0,20.178147503876406,0.0,4.268266180785084,4.554524047508422,4.859980240388149,0.015261734040322151,0,local,post_monsoon
5.0,17.02877526635154,944,12,0,1,7.27588053178118,3.0,5.0,5.0,5.0,0.021372343684748038,0,collector,dry
2.0,39.878851952824455,746,4,1,0,13.938934134449557,0.0,2.1687806872955924,2.351804834793171,2.5502744529939156,0.019083999954191647,0,local,dry
3.0,30.716378130676734,104,8,0,0,16.764881342804593,1.0,3.1493479853616817,3.3061309109672283,3.4707189079322083,0.011400565975527122,0,arterial,dry
4.0,53.77346320716612,115,1,0,0,17.398091610254973,2.0,4.125310024571326,4.254545699707168,4.387830006249702,0.007223554680168397,0,collector,dry
4.0,64.15459918022398,338,14,0,2,3.0,2.0,4.573522114483459,5.0,5.0,0.03175801545022614,1,arterial,pre_monsoon
3.0,93.45087097886154,202,11,2,0,12.58608628036469,2.0,3.5736699816347723,4.257039045879159,5.0,0.04167380767804955,1,collector,post_monsoon
2.0,254.63944173727361,976,4,0,0,12.255108054413045,2.0,2.2908407181639405,2.62397559799894,3.0055550716822736,0.03218721684297822,1,arterial,monsoon
3.0,129.7126520169448,339,5,0,2,19.195140938632555,1.0,3.1922196098223727,3.3967553457781676,3.6143963415206803,0.014596480556346138,0,collector,pre_monsoon
3.0,56.892395787966585,572,11,1,0,14.293617712053148,1.0,3.298657873414969,3.6270479219475225,3.9881300616618662,0.02239112578125748,0,local,post_monsoon
1.0,32.22752065258149,398,7,1,1,19.2405883052248,5.0,1.0731944092552823,1.1517462400567942,1.2360476257097437,0.016619167498057783,0,local,dry
3.0,43.46545488614262,266,9,0,0,14.699587999425768,2.0,3.2162769437395813,3.448145792943607,3.69673060416572,0.01637547250062151,0,arterial,dry
2.0,292.44677612064555,709,3,0,1,11.629168977193913,2.0,2.165224645582906,2.344098882919811,2.537750336490667,0.01869386835863808,0,local,monsoon
4.0,309.4319481373533,630,9,0,1,12.969297107690798,4.0,5.0,5.0,5.0,0.06017705720716674,1,collector,monsoon
1.0,57.86509824626038,488,6,0,0,19.617984585512314,2.0,1.0547298827428855,1.1124551255508208,1.173339664128939,0.012510708656817705,0,local,dry
3.0,133.4574263775554,976,8,0,2,5.515340822493755,0.0,3.379622314056901,3.8072823285571067,4.289058771168705,0.0281921409175984,1,collector,pre_monsoon
3.0,283.95512416168594,547,5,2,1,16.52977255060266,1.0,3.7443446016242055,4.673372165237444,5.0,0.053075227345101596,1,local,monsoon
3.0,351.3512459865434,408,6,0,1,8.861920043896065,1.0,3.4503438790520935,3.9682909612374164,4.563989476134423,0.03317271769072128,1,local,monsoon
1.0,280.81175660420354,883,7,0,1,7.787604578756484,1.0,1.1522364999321273,1.3276489517758392,1.5297655813327506,0.03361716591634135,0,collector,monsoon
3.0,19.0828213285147,580,4,2,1,17.117131833080865,0.0,3.3078082160318236,3.6471983980158784,4.021410942151676,0.0230521732377444,1,collector,dry
3.0,37.850183971534705,825,16,2,1,7.584563724945031,3.0,3.440990124402517,3.9468043454118833,4.526971591837077,0.03251849573594133,1,highway,dry
3.0,135.12463652850835,492,2,0,0,13.885373584626624,2.0,3.1919977749507957,3.3962832650969443,3.6136428750973577,0.014580028554044163,0,local,pre_monsoon
3.0,56.622968446388285,50,8,1,0,9.555292889201176,2.0,3.12989358041646,3.265411274910722,3.4067965955875312,0.009939303600619015,0,collector,dry
3.0,76.94494622398142,188,8,1,0,3.0,2.0,3.273401288955102,3.571718666177641,3.8972228285502966,0.020559192018832925,0,arterial,post_monsoon
4.0,116.34463166066894,716,10,0,0,14.388579900521744,3.0,4.471930755016317,4.999541169415203,5.0,0.026364254664322604,1,local,pre_monsoon
2.0,42.13222018795061,382,1,1,2,12.631606364783948,1.0,2.137042003561085,2.2834742624921875,2.4399402064982376,0.015584462499873478,0,highway,dry
4.0,390.1148218564029,550,1,2,2,3.0,6.0,5.0,5.0,5.0,0.05504533848758323,1,arterial,monsoon
3.0,129.4412982717228,726,4,0,0,8.50705229230569,2.0,3.3258251020674727,3.6870375365140386,4.0874806637344685,0.024349678585633572,1,highway,pre_monsoon
1.0,63.2991878153874,535,10,0,0,3.0,2.0,1.1424696402806158,1.3052368789629196,1.4911935075897604,0.03156616551465855,0,arterial,dry
1.0,109.4392603537366,328,5,1,1,15.658449436482066,0.0,1.0937813944647041,1.1963577388771527,1.3085538359076927,0.021136477922092348,0,highway,post_monsoon
2.0,102.81817032799522,497,5,1,0,18.93996601355048,3.0,2.252838253941257,2.5376400992105457,2.858446345118402,0.02816623409306837,0,local,post_monsoon
4.0,287.16849266705054,521,7,1,1,16.24745302523093,1.0,4.555448876197115,5.0,5.0,0.030805222045849973,1,collector,monsoon
4.0,59.71422764544287,418,3,0,1,16.945650784000456,2.0,4.208284565672387,4.427414746419108,4.657955285796464,0.01191459190731222,0,collector,dry
4.0,294.1402279868112,223,8,2,1,9.41084797166593,2.0,4.509255153021403,5.0,5.0,0.028356721629547218,1,collector,monsoon
3.0,305.68366809712234,428,7,2,1,14.734640055551871,1.0,3.862172164432478,4.9721246092390174,5.0,0.06071592080714485,1,collector,monsoon
3.0,64.67172469324584,481,9,0,0,11.954656849289197,1.0,3.259939314142189,3.542401443963281,3.849337911216653,0.019578324659673442,0,highway,dry
1.0,54.34260153340966,211,13,0,0,12.926572580444098,4.0,1.0855544057935664,1.1784283679378234,1.279248106727026,0.019339151767107727,0,local,dry
2.0,79.70580405440916,316,6,1,0,16.78715730227261,4.0,2.2062530475041546,2.4337762548106845,2.68476313955966,0.023165551435588752,0,collector,post_monsoon
3.0,39.898531095152634,356,7,0,1,17.877437103236183,5.0,3.210411285580207,3.4355802075269195,3.676541823586804,0.015942661680826985,0,highway,dry
1.0,281.6483879749905,127,3,2,0,10.051218051807421,5.0,1.1030714977709168,1.216766729194574,1.3421806984104785,0.023153642485706796,0,collector,monsoon
2.0,68.99637393515215,525,1,0,2,4.961775943224756,0.0,2.179475879467052,2.3750575545893398,2.5881903262867336,0.020254416209016673,0,local,pre_monsoon
3.0,142.070422912792,547,6,1,0,11.06297732653572,2.0,3.4642916101101533,4.000438786626532,4.619562175089846,0.034145731483215834,1,local,pre_monsoon
4.0,52.10590843312779,391,7,1,1,10.903633573430579,1.0,4.275069438616575,4.569054676248361,4.883256502449379,0.015639093334752007,0,highway,dry
5.0,44.680285555218084,226,9,1,0,13.422989400070781,2.0,5.0,5.0,5.0,0.020075598875626467,0,arterial,post_monsoon
5.0,123.42697933507068,581,9,1,2,16.164979592320613,3.0,5.0,5.0,5.0,0.036545718639976764,0,collector,pre_monsoon
3.0,268.5360094036988,609,8,1,0,3.0,2.0,3.528064297513723,4.149079229130334,4.879406098616831,0.03855672405853024,1,collector,monsoon
3.0,296.9124785837558,519,13,0,1,8.64543224404262,4.0,3.4467977392336415,3.9601382183953797,4.549931819405979,0.032924853173478846,1,collector,monsoon
3.0,353.3445306825736,508,5,2,2,7.180559053412797,1.0,3.9904823000668856,5.0,5.0,0.06883573310942545,1,collector,monsoon
4.0,72.25369438273755,618,6,0,0,18.254468943458953,1.0,4.429570442359527,4.905273575956294,5.0,0.024087452305986308,1,local,post_monsoon
1.0,356.3242702857648,480,8,0,1,10.958145533238062,1.0,1.1980006584514027,1.4352055776499946,1.7193772270378191,0.043053648594788094,0,collector,monsoon
3.0,108.83230439622885,316,2,1,1,9.43558215219106,4.0,3.27850143037959,3.582857209667006,3.915467495579702,0.02092999116882688,0,collector,pre_monsoon
4.0,97.97158548851749,485,9,0,0,14.691508462232889,2.0,4.3519038064809275,4.734766685215797,5.0,0.019869261223371345,1,arterial,post_monsoon
2.0,255.60858355597702,421,7,1,1,9.034968245419886,2.0,2.3629524142674687,2.791772056046229,3.298412259959446,0.03967873686606116,1,arterial,monsoon
3.0,49.06456419552378,485,7,0,1,11.924026116015755,4.0,3.2006732762846157,3.4147698071741663,3.6431874888286417,0.015222780070490861,0,local,dry
3.0,20.294209828102588,676,9,0,0,21.070356000560132,3.0,3.3085454301500126,3.6488242877888446,4.024100307594718,0.023105370684615736,1,arterial,dry
2.0,77.07027414838653,259,8,0,1,20.93145161943322,1.0,2.1448777021185306,2.300250178522634,2.466877658603684,0.016452119283810535,0,arterial,post_monsoon
2.0,166.13564853979446,535,8,0,1,9.963078384685906,0.0,2.284062015475183,2.6084696452682774,2.978953217638649,0.031473739551920954,0,collector,pre_monsoon
2.0,342.78198064502675,249,5,2,1,11.088190989202113,3.0,2.5942859601456183,3.365159821504336,4.365093439287417,0.06258536870981676,1,arterial,monsoon
1.0,136.03405605205535,316,13,1,2,8.904857496345972,1.0,1.193026793082977,1.4233129290138522,1.698050459254935,0.04204157350861994,0,arterial,pre_monsoon
1.0,22.41567771392992,814,1,0,1,3.0,4.0,1.070570523224159,1.146121245196449,1.227003621148287,0.01603865834506265,0,local,dry
4.0,246.33028603658047,591,4,1,1,17.18094672548359,0.0,4.675620112769931,5.0,5.0,0.03708691058293669,1,local,monsoon
2.0,15.216346495885329,532,4,2,2,24.106710583358822,3.0,2.1830085960543686,2.382763265223633,2.6007963451728835,0.020640047552732618,0,collector,dry
3.0,149.53709537871595,168,4,0,1,9.782752811746136,2.0,3.2363991104402006,3.4914264006860405,3.7665497657825777,0.017855648269909367,0,collector,pre_monsoon
2.0,339.12850037769533,452,1,0,1,7.916031363553642,3.0,2.3045205192428706,2.6554074118057147,3.0597204337279367,0.03362213907362421,1,highway,monsoon
5.0,109.20478617658837,85,13,0,0,10.635766018299968,1.0,5.0,5.0,5.0,0.008893057505324379,0,arterial,pre_monsoon
2.0,433.7673965752608,507,9,0,0,12.425230239142927,3.0,2.3069322539185557,2.6609682120848737,3.069336697555294,0.03387443682745322,1,collector,monsoon
3.0,100.35807128519443,250,4,2,1,6.322349448965598,2.0,3.4137224454598103,3.884500311545369,4.420201967639351,0.030603522148123303,1,collector,post_monsoon
4.0,253.43266667322683,611,9,1,2,9.707607695079343,2.0,4.755519621484537,5.0,5.0,0.04119529486129681,1,local,monsoon
4.0,53.96230187555979,532,6,0,0,17.07448626969009,1.0,4.2331586037393905,4.479907941103207,4.741040211210366,0.013307043562571811,0,highway,dry
2.0,58.92191205983207,256,5,2,1,12.636903172336357,1.0,2.173521838003635,2.36209859013935,2.5670364345927372,0.019603387184597806,0,collector,dry
4.0,305.4450178226124,576,3,1,0,18.3519301406449,2.0,4.744375161499152,5.0,5.0,0.0406254448799022,1,collector,monsoon
3.0,113.84274599941278,918,7,2,1,13.823839264307509,0.0,3.6100497741797026,4.344153124018308,5.0,0.044138520715655195,1,local,post_monsoon
3.0,116.86734963364205,459,4,1,1,6.555413656135406,1.0,3.2690666794860297,3.562265651641938,3.8817613150867496,0.020243701525572217,0,highway,post_monsoon
1.0,72.63089814436168,676,3,1,1,9.119930116401203,1.0,1.1128225971095194,1.238374132637576,1.3780907184749955,0.02525694154608441,0,local,post_monsoon
1.0,39.658215477433345,79,10,0,0,13.242060317772408,2.0,1.0406710989511034,1.0829963361920976,1.127042987345049,0.0093454164805911,0,local,dry
4.0,115.50101126487417,593,3,0,0,6.387053620194462,3.0,4.305086927821913,4.633443364025779,4.986844114317643,0.017298610281543333,0,local,pre_monsoon
3.0,86.53739989409382,386,12,0,2,5.738401335446967,1.0,3.4035769059831624,3.8614452516473063,4.380908627408372,0.029888020389980664,1,arterial,pre_monsoon
3.0,76.11387132321337,446,4,2,1,6.038997233171373,1.0,3.373475032554731,3.793444598423381,4.265696880053628,0.027755455157211364,1,collector,dry
4.0,23.769226813114038,619,1,0,0,14.57902193906908,1.0,4.170154121332974,4.347546348917597,4.5324845811562104,0.009767743855806737,0,arterial,dry
4.0,98.18725510391914,451,9,1,0,10.168799922887311,2.0,4.523447868705213,5.0,5.0,0.029111045644976352,1,arterial,post_monsoon
2.0,64.6573889513364,176,5,0,0,17.912208155464736,2.0,2.141473530315608,2.292954440521197,2.4551506202978883,0.01607547009540502,0,collector,dry
3.0,30.76027985372722,805,1,2,1,7.5178980852668165,1.0,3.3809712905664235,3.8103222892114625,4.29419675587643,0.028287886962638998,1,local,dry
1.0,45.903709755035734,209,8,1,1,3.0,5.0,1.0780558474175566,1.1622044101511861,1.2529212602579585,0.017691843747623996,0,collector,dry
4.0,109.67818131020064,332,1,2,2,11.346474405983924,2.0,4.461912604174668,4.9771660218231935,5.0,0.02582729200616294,1,local,post_monsoon
3.0,273.3014868196098,525,1,1,2,20.237775151969103,2.0,3.4757886279600587,4.027035528752155,4.6657080984092865,0.0349455243387861,1,arterial,monsoon
5.0,293.39423490589786,527,9,2,1,12.17284708474303,4.0,5.0,5.0,5.0,0.03893196394985315,0,local,monsoon
1.0,76.79678963950546,585,12,1,1,5.1395337843356526,1.0,1.1154341660379508,1.2441933787647788,1.387815803832431,0.025817853545203422,0,collector,post_monsoon
1.0,26.603971652425443,526,5,0,1,3.8786170189662705,4.0,1.0802495633253433,1.166939119064595,1.2605854737967896,0.01817467315279398,0,local,dry
2.0,376.79709849982623,729,11,0,1,17.989509569617454,0.0,2.2779307173740664,2.5944841765781645,2.9550276007841814,0.030827003794129094,0,collector,monsoon
2.0,48.034563826977454,598,10,0,1,7.962816142790443,4.0,2.1512961461814624,2.3140375542876055,2.489090036329051,0.017161032946263713,0,collector,dry
2.0,8.958411111786234,262,9,0,0,19.70897663828265,2.0,2.132929921464753,2.274695024939818,2.425882540450575,0.015128150241805596,0,collector,dry
5.0,33.691437422253095,50,6,2,0,15.270467244256418,1.0,5.0,5.0,5.0,0.015310452461613867,0,collector,post_monsoon
2.0,317.5105337253572,530,4,1,2,8.152156427976575,3.0,2.567153578592839,3.2951387480410106,4.229563614496705,0.059981859646487286,1,arterial,monsoon
2.0,76.05879955147299,793,8,2,1,17.835684221558203,1.0,2.213057091998893,2.4488108462232985,2.709679105099141,0.023900948217716857,0,collector,pre_monsoon
4.0,153.98868494418412,249,9,0,1,7.380514233683655,1.0,4.617100036067157,5.0,5.0,0.03404356198957823,1,collector,pre_monsoon
3.0,358.1931924123959,290,1,0,2,4.763314437775009,1.0,3.5285887271491756,4.150312801788079,4.881582322177443,0.038592743170101335,1,local,monsoon
4.0,34.02124503548708,570,5,0,1,7.666273033277773,0.0,4.374815562927803,4.784752802408827,5.0,0.021119594345171078,1,local,dry
1.0,52.11144775443398,596,6,1,0,15.843683257951096,2.0,1.099336370441208,1.208540455374849,1.3285924777431515,0.022344203967401957,0,highway,dry
3.0,8.85075981702122,724,5,1,1,17.68983494500668,2.0,3.337656530422117,3.713317038356468,4.131258954199394,0.02519880311328896,1,collector,dry
1.0,51.825472011660345,828,4,1,0,10.019863685660443,0.0,1.09125826773616,1.1908446069025247,1.2995190228713978,0.020586362912239104,0,collector,dry
1.0,34.08777903573934,547,1,0,0,3.0,2.0,1.0647602882881104,1.13371447151538,1.2071341475271187,0.014749308101199704,0,local,post_monsoon
5.0,36.64864790887522,314,5,0,2,4.2161676943597195,0.0,5.0,5.0,5.0,0.017581383262999652,0,collector,dry
1.0,43.8038941253621,320,5,1,1,6.661772140703183,4.0,1.0876318399265508,1.182943019222014,1.2866064925247083,0.019793985647832097,0,arterial,dry
3.0,359.2632880436458,391,5,1,2,5.53001560374938,3.0,3.549597546591177,4.199880914255368,4.969295663071987,0.04003231656242933,1,local,monsoon
3.0,79.12598259616549,706,9,0,2,13.32715188032283,2.0,3.44997674866363,3.9674465221065587,4.562532750944671,0.03314706544553858,1,arterial,post_monsoon
2.0,49.37365132703264,399,1,0,1,21.690579223622258,2.0,2.0924231279402634,2.189117273169658,2.290279806076858,0.0105967263395564,0,arterial,dry
4.0,5.209027901553419,692,8,0,2,15.978882870127938,1.0,4.3893113879225325,4.816513615036607,5.0,0.021908065270670626,1,local,dry
1.0,118.19157752916055,195,1,0,1,6.358845775046303,2.0,1.0510360457672472,1.1046767695020507,1.161055103668372,0.011682200601061808,0,local,pre_monsoon
3.0,325.7277224814978,557,6,1,0,8.528121171667223,0.0,3.8068601415713132,4.8307280458281205,5.0,0.05715172384334823,1,local,monsoon
5.0,258.22334173463594,349,1,1,1,9.503546603505963,1.0,5.0,5.0,5.0,0.025430938778868793,0,arterial,monsoon
3.0,94.90833959663685,604,3,0,0,13.946070834965429,1.0,3.3110206696413376,3.654285958264057,4.033138780197465,0.023283917768104827,1,local,post_monsoon
5.0,35.374354023257446,448,6,1,0,19.85627367926005,2.0,5.0,5.0,5.0,0.008897562322625438,0,local,post_monsoon
1.0,382.8172720656926,659,1,0,0,9.66299810274573,2.0,1.1330937278666526,1.2839013961307477,1.4547806191549888,0.029584577020015254,0,local,monsoon
3.0,322.79824199395796,413,1,1,1,19.693886455340945,2.0,3.5694500192749885,4.246991146700739,5.0,0.0413866639451298,1,local,monsoon
2.0,111.47581335933097,494,10,0,0,22.51955479211114,5.0,2.214878852029085,2.452844164582839,2.7163763337287397,0.024097553998349144,0,collector,pre_monsoon
4.0,40.29740730648051,661,1,2,0,10.250465668556373,0.0,4.375587808328068,4.786442167097306,5.0,0.021161649534458246,1,arterial,dry
5.0,40.287421589795684,479,6,1,1,10.121776894693461,3.0,5.0,5.0,5.0,0.017790057645391825,0,local,post_monsoon
2.0,70.20283312484452,511,12,0,1,10.196903163044418,1.0,2.2303580842009794,2.4872485918803315,2.7737275021589,0.025763102503614937,0,local,pre_monsoon
3.0,46.411831070454106,652,7,2,0,12.312449928439433,1.0,3.4005432546675607,3.854564808955015,4.369204786923644,0.029673758306595167,1,collector,dry
2.0,277.66772316329235,484,7,1,2,10.209104516090871,0.0,2.26790020437583,2.571685668503966,2.916163226595269,0.02976609131346653,0,local,monsoon
3.0,49.19434126249412,183,4,0,1,16.42088730694653,2.0,3.1197203909258864,3.244218439186255,3.3736848057823705,0.009172398837085496,0,collector,dry
3.0,359.41392237917887,385,4,0,2,4.2558435980360905,0.0,3.7019671009482704,4.568186805501114,5.0,0.050282114974656476,1,collector,monsoon
5.0,276.65915572309825,115,6,0,0,9.32688952351944,4.0,5.0,5.0,5.0,0.014882501683423898,0,collector,monsoon
3.0,153.12525469631026,450,1,2,2,13.645873365361178,1.0,3.3217349107132517,3.677974272350391,4.072418513723822,0.024055592767673082,1,arterial,pre_monsoon
2.0,49.009829715486944,594,11,0,2,16.350422535802558,2.0,2.18152136906011,2.3795177418329487,2.595484400933118,0.02047776020859972,0,arterial,post_monsoon
1.0,60.35776370461407,524,7,1,1,22.976425318403706,4.0,1.1531270655509949,1.3297020293062485,1.5333153991111175,0.03380351710275715,0,local,dry
2.0,119.9366496004553,778,1,1,2,5.554873861845294,2.0,2.3291484524056165,2.7124662566717395,3.158868291964719,0.03618907098224605,1,arterial,pre_monsoon
2.0,244.22222378796062,756,11,1,1,8.73978792906372,1.0,2.418657113143873,2.924951115480727,3.537226910527783,0.045346666333054224,1,arterial,monsoon
2.0,205.33044048437074,551,9,2,0,3.0,2.0,2.3819471982204203,2.8368362275550556,3.378597052017476,0.04162284905797268,1,highway,monsoon
4.0,285.95316312629893,50,8,1,2,6.450654963235678,0.0,4.539387031565253,5.0,5.0,0.029956030923929355,1,arterial,monsoon
3.0,123.38246814230249,634,15,0,1,3.155373515329787,0.0,3.373842182331132,3.7942703570922993,4.2670897939755354,0.027781553577806713,1,local,pre_monsoon
3.0,441.3304460052427,345,7,0,0,9.393513024678358,3.0,3.44504392116629,3.9561092062549363,4.5429899908261895,0.03280219429798632,1,highway,monsoon
1.0,46.50958120519532,676,13,1,0,10.858172036791844,1.0,1.1070969254390062,1.2256636023165006,1.3569284057470947,0.0240236426827186,0,collector,dry
4.0,123.52145192536088,562,7,1,1,14.347271199187809,1.0,4.648256426773469,5.0,5.0,0.035667513530660354,1,local,post_monsoon
4.0,171.4535465453634,631,8,0,1,10.507002348400391,3.0,4.631670365284493,5.0,5.0,0.03480404758677718,1,highway,pre_monsoon
1.0,179.41765390088955,600,4,0,2,14.34968540206077,1.0,1.1578209137123943,1.3405492682298037,1.5521159786183127,0.034783887283906106,0,local,monsoon
4.0,36.22413489088724,978,1,1,1,12.570370835469713,2.0,4.42447272910822,4.893989732655585,5.0,0.023812334120353804,1,collector,dry
3.0,66.44762394059003,604,1,1,1,6.833383971249083,0.0,3.267309244481403,3.5584365663578783,3.875504229720586,0.02011569688372712,0,collector,dry
1.0,115.25041162213864,243,6,0,1,3.5686314707956104,2.0,1.0864584894188345,1.1803920492302558,1.2824469627287063,0.019537173973964848,0,collector,pre_monsoon
3.0,47.88962432612273,714,6,0,1,14.918409999480328,3.0,3.2253637514193754,3.467657109656689,3.728151847946122,0.01704476974934231,0,local,post_monsoon
3.0,333.6443047394972,413,2,1,1,20.232514925072536,2.0,3.529993713849103,4.153618539938061,4.887415778569482,0.03868922087482595,1,local,monsoon
2.0,70.64566037991406,769,5,1,1,24.67692505841008,1.0,2.2356174425729196,2.4989926747681404,2.7933958062868047,0.026326986571052334,0,local,post_monsoon
5.0,97.36186852820181,808,8,0,2,16.677273506173105,4.0,5.0,5.0,5.0,0.03350739774018418,0,collector,pre_monsoon
4.0,135.09267760009988,624,12,0,1,19.287576059720312,1.0,4.5658099535305965,5.0,5.0,0.03135179586850975,1,collector,pre_monsoon
3.0,18.873262890969333,244,4,0,1,14.307298520194676,1.0,3.189804159674374,3.391616859025314,3.6061978549802274,0.014417295634394891,0,collector,dry
3.0,51.61521690316921,407,8,0,2,13.510046927951057,4.0,3.1964722790423843,3.405811676895471,3.6288608709450765,0.014911703131797807,0,arterial,post_monsoon
3.0,20.517777126033128,768,13,2,2,12.55500511895764,1.0,3.4234998629846976,3.9067837706187474,4.458291234474707,0.031291521580922285,1,local,dry
3.0,123.68093321274728,899,10,1,0,11.470951779895678,1.0,3.469566678599593,4.01263097908287,4.640696912847462,0.03451294515732386,1,arterial,post_monsoon
3.0,93.89328297757505,512,3,2,1,15.035382777145674,1.0,3.3665540632854487,3.7778954203412547,4.2394963926724465,0.027263078084422982,1,collector,post_monsoon
1.0,77.08089696734237,445,7,2,2,9.397014593176381,0.0,1.1476272910120329,1.3170483990756172,1.5114806863628854,0.032650918644567324,0,local,post_monsoon
3.0,272.9407417819847,263,7,0,2,11.26278774206404,3.0,3.3539304045501934,3.7496163861887406,4.191984134346012,0.02636299354654848,1,arterial,monsoon
4.0,361.309758473694,266,9,1,0,6.110168585178057,0.0,4.746130758223191,5.0,5.0,0.04071528190658659,1,highway,monsoon
3.0,305.92954789124656,546,7,0,1,14.374633345324545,3.0,3.659744423275859,4.464576414566251,5.0,0.04747472070058124,1,arterial,monsoon
1.0,13.940079061537112,640,8,1,0,7.204512294267492,1.0,1.0836516083986476,1.1743008083849757,1.272532959750211,0.018921966984058194,0,highway,dry
4.0,350.0677565638746,202,11,0,1,12.168724952401064,4.0,4.889636984153854,5.0,5.0,0.047974091864335024,1,collector,monsoon
2.0,70.96741584765513,665,2,0,2,14.502455468211902,2.0,2.1800747601386172,2.376362979896725,2.5903244767003213,0.020319823740330863,0,arterial,dry
2.0,200.9412137045228,774,1,0,1,14.929457156849066,0.0,2.249928240272483,2.5310885431878156,2.8473837959742023,0.02785619226200595,0,local,pre_monsoon
2.0,36.85302759468204,626,9,1,1,15.857542689077173,0.0,2.2187747589456395,2.4614807154671405,2.7307356405549728,0.02451758764551266,0,local,dry
2.0,50.471854081095344,830,6,0,2,10.933542374259721,0.0,2.174144035899557,2.363451144418808,2.569241604889067,0.01967148370697756,0,collector,dry
4.0,133.14070815984292,571,10,0,1,14.430318896948439,2.0,4.4940704665796884,5.0,5.0,0.02754765748069953,1,local,pre_monsoon
3.0,112.11549530108822,573,11,2,0,9.56687368443898,2.0,3.568590607764846,4.244946308609157,5.0,0.04132815412746921,1,highway,pre_monsoon
2.0,370.7163978225257,569,1,1,1,3.0,0.0,2.382885487362327,2.8390716229409967,3.3825912839441545,0.041718574256350234,1,arterial,monsoon
4.0,22.8658801911959,771,3,0,0,14.651546368707798,0.0,4.199535539662733,4.40902468722259,4.628963967310408,0.011423320317764626,0,local,dry
4.0,410.9190856594281,607,6,0,1,13.492440534320709,3.0,4.856888873337246,5.0,5.0,0.04633216075288358,1,arterial,monsoon
4.0,44.590499235452654,394,2,1,0,17.06661751449568,3.0,4.189948468638577,4.388917042461689,4.597334060261026,0.01088408934277651,0,collector,dry
2.0,420.4562459642678,584,5,0,0,11.873556435641994,2.0,2.397711032888354,2.8745090986172688,3.446121089946292,0.043227269329820246,1,arterial,monsoon
3.0,265.94473288675084,586,1,1,0,3.9841831714129423,3.0,3.4808773516135147,4.038835712325307,4.686230585973665,0.03529887523112954,1,collector,monsoon
5.0,259.23886619789045,457,5,1,1,11.541846078178887,1.0,5.0,5.0,5.0,0.03239040320459635,0,arterial,monsoon
4.0,214.40246707104498,704,3,1,2,16.43290282369864,3.0,4.621526838529829,5.0,5.0,0.034274809423239655,1,collector,monsoon
1.0,48.789762696257775,518,8,2,0,14.380174043982136,3.0,1.1259272077522724,1.2677120771568287,1.4273515192670214,0.028061447284843895,0,collector,dry
1.0,289.77665979023277,641,10,1,2,11.26627713552582,1.0,1.2431693554667653,1.5454700463716524,1.921281001441039,0.052100117459305706,0,collector,monsoon
3.0,77.04810910425775,601,8,0,0,3.6822038604340843,4.0,3.3499957388622565,3.740823816798426,4.177247948703057,0.026081915479518356,1,collector,pre_monsoon
5.0,204.72501028208188,354,17,0,2,6.869915225480387,0.0,5.0,5.0,5.0,0.0449408698679176,0,collector,pre_monsoon
3.0,248.4215977388518,304,10,0,2,14.38619430925684,3.0,3.4702301508035998,4.014165766515459,4.643359691095196,0.034559101179849804,1,arterial,monsoon
3.0,57.62399863942061,356,10,1,0,3.674214239628604,1.0,3.2675897740870194,3.55904764390602,3.876502562238604,0.020136133094903853,0,highway,dry
1.0,297.7122787347389,483,6,2,2,10.408775426215824,2.0,1.254694541992715,1.5742583937063086,1.9752134142695241,0.05436796457723038,0,collector,monsoon
3.0,213.44106518228642,818,5,0,1,12.19211089488211,2.0,3.338422903650158,3.7150224945386494,4.13410539444779,0.025253724985797366,1,arterial,monsoon
4.0,28.17121432108015,490,12,2,1,17.749685779200306,3.0,4.387823356552112,4.813248452076062,5.0,0.02182721885810004,1,collector,dry
2.0,71.15194877994321,574,5,2,1,15.072452755652707,2.0,2.2556453642049417,2.5439680045296216,2.8691448180514683,0.028465021470402453,0,local,dry
4.0,34.97947798035454,674,7,2,0,16.81405616411982,2.0,4.328778490405635,4.684580804749621,5.0,0.01860214574401198,1,arterial,dry
5.0,68.28348726300506,428,6,1,1,13.509266620163046,3.0,5.0,5.0,5.0,0.03012143464616972,0,arterial,post_monsoon
2.0,359.73012523685,417,9,0,0,7.772945088942539,1.0,2.384006033922091,2.841742384888469,3.387365496213132,0.041832855683565554,1,local,monsoon
3.0,25.274639257643834,710,10,0,1,8.931697660457266,2.0,3.3402203776954043,3.719024057190542,4.1407866469890955,0.025382502429894375,1,collector,dry
2.0,110.88232057153883,613,11,1,1,7.336701803793606,2.0,2.271989633307737,2.580968446928912,2.931966777658429,0.03019905763894246,0,collector,pre_monsoon
4.0,398.0661237814456,387,5,1,1,14.953904209631027,0.0,4.692166248432505,5.0,5.0,0.03794209738069296,1,highway,monsoon
3.0,114.43416446952878,417,7,0,1,8.530388905387213,3.0,3.231857297592308,3.4816338640002185,3.7507146036378702,0.017522172796561045,0,arterial,post_monsoon
3.0,54.51668292497443,517,8,1,2,10.029998434857584,1.0,3.3851607322276616,3.8197710610053726,4.31017966727166,0.028585053553574262,1,collector,dry
4.0,49.35539815264287,565,12,0,2,12.11245619093424,1.0,4.50147212347775,5.0,5.0,0.027942290864009865,1,collector,dry
2.0,39.50200492028917,748,1,1,1,20.2065622329064,1.0,2.112451918113329,2.231226553170341,2.3566794059950396,0.01284563776864243,0,arterial,post_monsoon
5.0,42.56310293120473,606,7,2,0,15.285669539716153,2.0,5.0,5.0,5.0,0.026829427081763734,0,arterial,dry
3.0,40.183831459473126,303,4,0,0,8.135732876994453,4.0,3.1744172140243316,3.358974882897999,3.554262563248923,0.013273399912537244,0,collector,dry
2.0,56.587003854862715,342,4,1,2,12.759238286164466,5.0,2.178566708612837,2.373076451938085,2.5849526775926916,0.020155093589480543,0,arterial,post_monsoon
3.0,326.6250828167672,561,3,1,2,20.25655880247919,1.0,3.638430714546203,4.412726021517733,5.0,0.04604812666826668,1,collector,monsoon
4.0,47.36262438239416,528,9,0,0,15.075896642144706,1.0,4.252178270448573,4.5202550109187545,4.805232533578751,0.0143675408063314,0,highway,dry
2.0,38.10756806531741,331,1,0,1,4.0087382025046985,1.0,2.0896180094863843,2.18325171278492,2.281081049138682,0.010280440558201607,0,local,dry
4.0,46.29651445345411,710,6,1,1,7.423802856811178,3.0,4.462011461586026,4.977386570831265,5.0,0.02583259517581334,1,collector,dry
5.0,27.44996832365429,50,1,0,1,7.040322487484399,4.0,5.0,5.0,5.0,0.010244104279566266,0,arterial,dry
2.0,74.21126265136762,567,4,2,2,19.203649126799842,2.0,2.2681241426412035,2.5721935632159476,2.9170271601381974,0.029789816154112664,0,collector,post_monsoon
5.0,105.4461017370039,190,6,2,0,18.281406179318278,1.0,5.0,5.0,5.0,0.0189570625713073,0,collector,pre_monsoon
1.0,375.316182680457,676,5,0,2,8.874815111071925,3.0,1.2306310616204914,1.5144528098251777,1.8637326691292946,0.04961453692318136,0,highway,monsoon
2.0,91.20245533377562,447,9,0,0,8.767098900963353,1.0,2.2652141400808987,2.565597550211223,2.9058139242476884,0.029481379751040752,0,highway,post_monsoon
2.0,147.74478637130213,649,11,1,1,12.223458913311418,1.0,2.302590521096769,2.650961553922346,3.052039472926778,0.033420091159678623,1,collector,pre_monsoon
4.0,23.846153219734816,421,14,1,0,12.3733452304673,3.0,4.275101349055438,4.569122886173907,4.883365853670537,0.015640862239939757,0,arterial,dry
3.0,369.37931552019927,765,6,0,2,7.188370353385014,1.0,3.8429560383356662,4.922770370860186,5.0,0.05948213423533854,1,highway,monsoon
2.0,78.21214976817545,126,11,0,0,10.754346625507285,4.0,2.184432918514579,2.3858735877450616,2.6058904022423977,0.02079539126323546,0,local,post_monsoon
3.0,46.518242112867476,675,12,1,0,4.731983650733953,0.0,3.3198702955374997,3.673846259730748,4.065564356017219,0.02392143431679659,1,collector,post_monsoon
3.0,17.713908014162396,378,5,2,2,18.36160352455518,3.0,3.3256757207032197,3.6867063330916263,4.086929913775206,0.024338942906745018,1,collector,dry
1.0,277.1115644605118,575,11,0,1,3.198347435841603,3.0,1.1413945354085095,1.3027814854604076,1.4869876683358898,0.03133957759179617,0,collector,monsoon
4.0,427.67149090353274,583,1,1,2,3.1428028905362613,0.0,4.6154951342581025,5.0,5.0,0.03395968309876858,1,highway,monsoon
4.0,135.3319479502826,221,8,2,1,14.17519727255965,4.0,4.370381517822344,4.775058652830785,5.0,0.020878013467354392,1,arterial,post_monsoon
3.0,25.805331314126967,699,13,0,0,5.815618810829729,2.0,3.3264808241687605,3.6884915578541593,4.08989881243674,0.024396799381298805,1,local,dry
5.0,401.6604022861864,578,7,0,1,9.4951752093273,4.0,5.0,5.0,5.0,0.04383974027342211,0,arterial,monsoon
3.0,71.59199070426197,523,6,2,0,12.315864305513081,4.0,3.4961371048788834,4.0743248853703005,4.748132803024836,0.036356113217609815,1,highway,post_monsoon
5.0,135.0071505209472,577,6,0,0,15.376504149334185,0.0,5.0,5.0,5.0,0.02111877583791287,0,collector,pre_monsoon
3.0,82.55091594392046,525,12,0,0,10.894589410255628,3.0,3.387011319517428,3.8239485595130622,4.317252352107702,0.028716230127703447,1,arterial,pre_monsoon
3.0,44.538555024036754,666,1,1,2,20.89585898639897,1.0,3.196072732024441,3.4049603027967237,3.6275002591314305,0.014882101012310463,0,arterial,dry
2.0,40.19507145974964,405,5,0,0,11.997805056700454,3.0,2.1145726584934437,2.235708764024015,2.3637843123796767,0.013082804437720329,0,collector,dry
4.0,39.35090216558326,667,10,1,0,17.953973541293713,4.0,4.2562422662943105,4.528899557347532,4.81902342894604,0.014593669080857352,0,arterial,dry
3.0,68.7533424822458,614,8,0,2,13.392778901832468,0.0,3.3624446336264695,3.768677971401147,4.223990340268026,0.026970354485326524,1,collector,post_monsoon
2.0,16.379059399868606,465,11,1,1,22.656048790036657,2.0,2.165076374218523,2.3437778530996125,2.537229028081291,0.018677590915005076,0,arterial,dry
1.0,70.08930065410851,869,9,0,1,17.291817519620942,3.0,1.0928846029140749,1.1943967552866548,1.305337823623315,0.020941062833781103,0,arterial,pre_monsoon
3.0,350.2619039431046,590,5,2,2,12.217348877363067,1.0,4.059445258042267,5.0,5.0,0.07311747733178388,1,collector,monsoon
3.0,35.412708050105536,539,9,1,1,15.144153584537404,0.0,3.3656031317783657,3.7757614802121138,4.235904887550003,0.02719536553930551,1,collector,dry
4.0,90.11865179490323,614,1,1,2,10.69592072234534,3.0,4.390787643298607,4.819754032135934,5.0,0.021988251118953073,1,collector,pre_monsoon
4.0,290.2870941197159,479,1,0,1,10.645500808224412,1.0,4.306288200861373,4.63602951721947,4.991019802211812,0.017364837816872182,0,collector,monsoon
1.0,102.32669567466932,740,4,2,1,5.482945859822073,3.0,1.2135525109619543,1.4727096968620639,1.7872105505449762,0.046197473930701984,0,collector,post_monsoon
4.0,301.22426196859914,495,7,0,1,7.9586919876643565,3.0,4.76401120131913,5.0,5.0,0.04162880817695729,1,collector,monsoon
2.0,357.1133814186755,663,3,0,1,22.30485692577861,1.0,2.1764181269984006,2.3683979317636132,2.5773120953179243,0.019920244850531437,0,arterial,monsoon
4.0,31.643947095665222,286,7,0,0,5.979843143607102,0.0,4.224100255716032,4.460755742585063,4.710669868235081,0.012800684188911901,0,arterial,dry
4.0,71.28061847482827,140,7,2,0,8.722536436081807,2.0,4.278481805087651,4.57635163911652,4.8949593054107705,0.01582819521415207,0,arterial,post_monsoon
3.0,30.954102559030634,580,1,1,0,11.531406615204487,4.0,3.165908263938697,3.3409917118917782,3.525757756809625,0.012639001455512531,0,local,dry
4.0,304.4466912197544,423,4,2,0,11.697953526237148,2.0,5.0,5.0,5.0,0.05702286238233991,1,collector,monsoon
2.0,34.72373797286996,461,10,0,1,13.918629098654803,3.0,2.17180051879956,2.3583587467290186,2.5609423748307814,0.019414919304452202,0,collector,dry
3.0,59.66001864103034,50,8,1,1,9.654396459429686,1.0,3.175643187052002,3.3615698838232655,3.558382166454181,0.01336469681687032,0,local,post_monsoon
4.0,327.2119135247633,840,4,1,1,14.226881834981686,1.0,4.947006270804604,5.0,5.0,0.05083027420052669,1,collector,monsoon
3.0,347.048740179908,520,9,1,2,17.711927205733627,1.0,4.1739888713829645,5.0,5.0,0.08010756408866948,1,collector,monsoon
2.0,66.84826473326282,766,14,1,1,18.3331617199075,1.0,2.2914020373732904,2.625261648439233,3.007764944935811,0.032246224651316255,1,arterial,dry
3.0,151.20080159588062,221,5,1,0,10.6624409968158,1.0,3.404198157781198,3.8628550324803,4.383307995115089,0.02993188037682646,1,local,pre_monsoon
4.0,346.0248565609121,519,9,2,0,15.056717144514822,2.0,5.0,5.0,5.0,0.07396006118062844,1,local,monsoon
2.0,213.68619906521337,581,9,1,0,6.269331889294056,3.0,2.327838543843324,2.7094161431013033,3.1535416646112666,0.036053066490341276,1,local,monsoon
2.0,44.752785080999345,526,5,2,2,8.391419773638347,4.0,2.1337432271190004,2.276430079638103,2.428658632218885,0.01521845515736572,0,local,dry
4.0,43.807330798041114,546,2,1,1,6.131333006547289,3.0,4.187660997141342,4.384126156744705,4.589808528286744,0.010755289283177356,0,local,post_monsoon
4.0,44.75801763350877,222,13,2,2,11.771276556201746,2.0,4.699610146224211,5.0,5.0,0.03832608124645153,1,local,post_monsoon
1.0,43.12340293230345,563,11,1,0,7.703903618200278,4.0,1.111924728791872,1.2363766024988783,1.3747577184181816,0.025063864529186967,0,collector,dry
2.0,101.89934594781448,331,5,1,1,4.396532205976028,0.0,2.2473311486453067,2.5252486458357164,2.837534969930493,0.027579230379367426,0,collector,post_monsoon
1.0,306.6455043665088,376,11,0,1,10.069973887094248,1.0,1.2890237945150786,1.6615823428260519,2.141819176448892,0.06102972593152746,1,highway,monsoon
2.0,57.75120957314091,503,9,2,2,3.3570811210952396,2.0,2.217442501045547,2.4585256227215653,2.725819602866134,0.024374015140733302,0,highway,pre_monsoon
3.0,51.992782736103955,429,11,0,1,18.635965518230712,3.0,3.208519884881566,3.431533283893473,3.6700475923350506,0.015802971152982678,0,collector,dry
4.0,233.62351215207036,441,1,0,1,9.212384693783632,3.0,4.314632355485582,4.654013090750765,5.0,0.0178244699959056,1,collector,monsoon
3.0,328.38928151109263,724,5,1,2,16.926580368190645,1.0,4.237168354413576,5.0,5.0,0.08390039672648525,1,local,monsoon
3.0,121.14253517158477,468,13,1,2,9.539662549825142,2.0,3.3398741905853244,3.7182532029793247,4.139499302230621,0.025357704483629322,1,collector,pre_monsoon
2.0,373.1346249017027,420,17,1,0,6.025310870246996,2.0,2.6657805890932558,3.5531930745931923,4.736016563775559,0.06934709670177623,1,arterial,monsoon
4.0,426.9010871880111,475,5,1,1,17.877619856779596,3.0,4.689793663556927,5.0,5.0,0.0378196125023182,1,collector,monsoon
3.0,238.1194204459675,277,5,1,0,12.443517915538692,0.0,3.3922590830425072,3.8358072288281306,4.337350637597445,0.02908791270535319,1,arterial,monsoon
5.0,23.705662395946728,532,9,2,2,21.434546429561482,0.0,5.0,5.0,5.0,0.03943977740627173,0,collector,dry
3.0,95.83931860204294,644,8,1,2,9.667385368833923,3.0,3.454916622849582,3.978816290280787,4.5821595135186,0.03349205060427837,1,local,post_monsoon
1.0,143.24320170223072,562,9,2,1,9.775348502167835,3.0,1.1835273918978262,1.4007370873724705,1.6578107117524972,0.04009962523053479,0,arterial,pre_monsoon
3.0,28.877729118099495,507,1,0,2,17.023954211095546,3.0,3.313253461736304,3.6592161672358676,4.041303544445229,0.023444888564332404,1,highway,dry
2.0,64.26939526571358,620,6,0,1,17.058763252495226,2.0,2.147273784043191,2.3053923518195822,2.4751542794979327,0.016716955238026097,0,highway,dry
3.0,72.1747102419719,389,10,1,1,12.767151932573258,3.0,3.3148062871495103,3.662646907108641,4.046988331764144,0.02355678885293817,1,local,pre_monsoon
1.0,97.0075723015119,507,1,0,1,28.67634094904072,2.0,1.0877151280898365,1.1831241998754893,1.2869020906137532,0.019812206884769784,0,highway,post_monsoon
2.0,152.47136133970326,779,1,2,1,10.597196038398243,1.0,2.3969247754996106,2.87262418970193,3.442732045498025,0.04314743710858666,1,collector,pre_monsoon
4.0,347.5522508959718,441,1,1,2,5.652683815154912,2.0,4.619841876238469,5.0,5.0,0.03418681034063032,1,collector,monsoon
2.0,29.609804810806004,621,9,1,0,6.987224797096424,1.0,2.2369343080687996,2.5019375493076192,2.7983349703458935,0.02646801556994062,0,local,dry
4.0,97.00560681274293,626,3,0,2,10.626302553203866,1.0,4.265407993320259,4.548426337370089,4.8502235141116925,0.015103060128657506,0,collector,pre_monsoon
2.0,113.17978057004467,348,2,1,0,19.593875027458253,5.0,2.192207490163464,2.4028868399643963,2.6338132642925833,0.021641958712097144,0,collector,post_monsoon
3.0,255.3010960022463,637,7,1,1,11.068280689266599,0.0,3.615391008710879,4.3570173819558216,5.0,0.04449878166754572,1,collector,monsoon
3.0,55.320448523495074,378,2,0,0,19.83026049183069,2.0,3.1146911906380277,3.2337670710127115,3.3573952695528764,0.008792564731540524,0,local,dry
3.0,257.61240652830594,585,8,2,0,14.172125576890624,2.0,3.5532244708540115,4.20846804675859,4.984543882849934,0.040280180276758844,1,local,monsoon
2.0,31.748600622158854,375,16,1,2,17.41684648180258,0.0,2.218407096032797,2.460665021864333,2.729378372731767,0.024477972578139693,0,local,dry
2.0,117.91634586446942,556,5,0,1,13.935843133134021,1.0,2.2585780054365174,2.5505873033207984,2.880350192112997,0.028776865973407863,0,local,pre_monsoon
1.0,336.41960715275013,525,1,0,1,13.896240033109686,3.0,1.2167730474610823,1.4805366490277294,1.8014770903152895,0.04684464450843902,0,local,monsoon
2.0,414.01128243282716,522,5,0,1,15.763553005530374,2.0,2.376127082698006,2.822989956565469,3.3538914449898396,0.04102842834491171,1,collector,monsoon
3.0,42.22742958701659,554,8,0,1,9.166457589571273,2.0,3.2636029036839402,3.5503679709780824,3.8623304064101767,0.01984556847586664,0,arterial,dry
5.0,64.69000350985719,393,8,0,1,9.221432277262561,0.0,5.0,5.0,5.0,0.023080776459062605,0,local,post_monsoon
4.0,261.8909811822863,266,10,0,1,13.747734930822972,2.0,4.638844891515512,5.0,5.0,0.03517784196711585,1,arterial,monsoon
4.0,141.96654219272983,516,4,1,2,21.705557377530113,2.0,4.749762359980104,5.0,5.0,0.04090103663984623,1,highway,pre_monsoon
4.0,366.2030065350551,720,5,2,2,4.2962338736651,0.0,5.0,5.0,5.0,0.0695558621120691,1,local,monsoon
3.0,410.3688344464968,616,1,0,0,3.0,2.0,3.3511157634085427,3.7433256199217393,4.1814391641635975,0.026161951677888737,1,local,monsoon
2.0,293.6690005713097,589,9,0,1,10.681280818856935,1.0,2.437701216662112,2.9711936108579704,3.6214411400635838,0.0472614362798703,1,highway,monsoon
5.0,102.89773982446039,397,1,0,1,17.15423540246872,3.0,5.0,5.0,5.0,0.02323537502791049,0,collector,pre_monsoon
3.0,172.5098341670589,537,7,0,0,12.256880428400907,2.0,3.4346401725657074,3.9322510383340643,4.501955794958465,0.03207358890409199,1,arterial,monsoon
3.0,40.82463807343428,333,3,0,2,6.153350765924775,0.0,3.225765372510943,3.4685207461635548,3.729544705603405,0.017074318147234435,0,collector,dry
1.0,94.98778102910624,415,6,0,0,12.39546748433194,2.0,1.080922667537957,1.168393813197373,1.2629433572961501,0.018322670379217317,0,arterial,post_monsoon
3.0,415.94739445020406,571,10,0,0,3.3351339355842047,1.0,3.79119638036698,4.791056664835898,5.0,0.05613517240104538,1,collector,monsoon
3.0,44.005155001452614,136,5,0,0,15.144585304370874,4.0,3.0875830627738683,3.1777230565093535,3.270494629154763,0.006737066313644893,0,collector,dry
4.0,338.3051242824052,845,4,1,2,10.454459917734543,2.0,4.931667440540032,5.0,5.0,0.050069114177580816,1,local,monsoon
3.0,36.40763732356908,233,7,0,1,11.58983750227285,2.0,3.2100973677673097,3.434908370182203,3.6754634392145977,0.015919481461081093,0,collector,post_monsoon
2.0,97.74002553503699,877,4,0,0,14.135927352555711,3.0,2.243916391490325,2.5175803859994805,2.8246199475193867,0.027214696439703093,0,collector,post_monsoon
5.0,164.18950732889488,332,3,2,1,13.028444586880546,5.0,5.0,5.0,5.0,0.03234144196515762,0,collector,pre_monsoon
1.0,36.159193144071224,330,14,1,0,9.293702131344444,0.0,1.1033414721030401,1.2173624040625035,1.3431664269812185,0.023212067080756002,0,collector,dry
3.0,193.84395848473866,420,1,0,0,17.168064188232353,2.0,3.1901025795916524,3.392251489439105,3.6072100756944385,0.0144394388985958,0,arterial,monsoon
1.0,56.05527753045641,412,9,0,2,15.984662823195267,2.0,1.1166843790222467,1.246984002352301,1.3924875563174552,0.026086017615178873,0,arterial,dry
4.0,66.34448961282045,378,6,0,2,3.1285790388786765,1.0,4.36481149793437,4.76289485312502,5.0,0.0205742746376464,1,local,post_monsoon
5.0,31.030759824732833,425,3,2,2,10.848786642637007,0.0,5.0,5.0,5.0,0.013178738164050659,0,collector,dry
2.0,13.86446160623126,518,8,2,0,6.598566031518613,4.0,2.2360153559483353,2.4998823360183806,2.7948876457005483,0.02636960760223068,0,arterial,dry
4.0,112.3093307144056,320,7,0,1,5.659709504022888,1.0,4.301580562886925,4.6258988347516485,4.974669128362242,0.01710521936909345,0,collector,pre_monsoon
2.0,138.31319997950547,668,12,0,0,14.675668117558097,2.0,2.3364131438267983,2.7294131893233113,3.188518425234603,0.03694228289696011,1,collector,pre_monsoon
5.0,398.8083896795142,782,2,2,1,9.903693596673797,6.0,5.0,5.0,5.0,0.027852570255289626,0,local,monsoon
4.0,174.54836111228465,111,4,0,2,11.28614175526795,0.0,4.327630909292624,4.682097321766227,5.0,0.018539130802098132,1,highway,pre_monsoon
4.0,38.79205525320353,871,11,0,0,8.6515753311147,0.0,4.422325302539138,4.889240270369468,5.0,0.023696367030496494,1,local,dry
1.0,51.380707372478646,654,6,0,1,13.85087726409914,0.0,1.0929941023213299,1.1946361077092098,1.3057302201462755,0.02096492985605436,0,collector,dry
5.0,325.3518917967543,551,9,1,1,15.391734426595157,3.0,5.0,5.0,5.0,0.029679996351473805,0,arterial,monsoon
4.0,55.57447617654401,385,11,0,1,22.851274314881625,2.0,4.282067397453702,4.5840252990839785,4.907276320577615,0.016026772148227206,0,arterial,dry
2.0,327.40514801005764,533,9,0,0,11.095128677509242,4.0,2.3086210128553097,2.664865490498538,3.076082233898948,0.034050981886722016,1,collector,monsoon
4.0,346.67551970438774,679,4,1,0,4.757912626122442,0.0,4.906902519052417,5.0,5.0,0.04883636275965886,1,collector,monsoon
2.0,346.0301144053326,1021,5,1,1,9.48053154784241,3.0,2.6302955824726455,3.4592274255875566,4.549395308145586,0.0660086546866845,1,local,monsoon
4.0,92.16776325813747,938,11,2,1,16.235299606908285,0.0,4.71549194604568,5.0,5.0,0.03914376729579679,1,arterial,post_monsoon
1.0,47.07254508112554,194,7,0,1,8.136774049348459,4.0,1.0460039450620369,1.0941242530853446,1.1444582851153249,0.010549927498391308,0,collector,post_monsoon
4.0,59.306715257585424,458,6,2,0,4.589362002725098,1.0,4.248997598193801,4.513495147364174,4.794457510152439,0.014190446682543264,0,arterial,post_monsoon
3.0,41.49720503232463,515,8,0,0,8.24091156855965,1.0,3.188677992749061,3.389222447147394,3.602379676583338,0.01433371782903633,0,local,dry
1.0,54.40842030224842,768,1,0,2,9.333170411253429,2.0,1.086602598409044,1.1807052068692863,1.2829573457392542,0.019568726614312,0,arterial,dry
2.0,32.01269355850309,483,6,0,0,6.586652260176718,4.0,2.1105150542333067,2.2271368970727092,2.3502029745552036,0.012628874838975398,0,collector,dry
1.0,106.92981260669474,348,6,1,1,13.087382570582188,2.0,1.0951475133204296,1.1993480759319204,1.3134630629624842,0.02143392568183263,0,arterial,post_monsoon
3.0,115.42692583357861,510,6,2,1,11.6048885939664,2.0,3.5805820900683116,4.273522701239319,5.0,0.042143575076935155,1,collector,post_monsoon
2.0,170.07080339527184,422,5,0,0,15.948526204093984,5.0,2.1759561071742417,2.3673924901744403,2.5756710735367547,0.01986972097951412,0,arterial,post_monsoon
3.0,63.029916000649195,697,5,2,1,9.770700825372053,3.0,3.6150578159910562,4.356214337652675,5.0,0.04447632008785708,1,arterial,dry
2.0,115.51002307824639,977,6,1,2,14.790323842842508,1.0,2.381668402021091,2.8361721885928484,3.3774108421312947,0.041594400419331275,1,arterial,post_monsoon
2.0,73.14364284826708,682,12,0,0,9.53864602988167,2.0,2.204266828933006,2.429396126567185,2.677518648065188,0.022950548524437994,0,collector,pre_monsoon
4.0,69.61978543332714,690,1,0,1,6.351938190956321,5.0,4.446676068285798,4.943232014066411,5.0,0.025008854579998758,1,collector,dry
1.0,85.60349508877627,747,9,0,0,9.284904323770336,3.0,1.0719628416751719,1.1491043339323095,1.231797147183334,0.01634683086759202,0,local,pre_monsoon
5.0,32.094745189250396,590,6,1,2,3.908664054748513,0.0,5.0,5.0,5.0,0.022627223992994366,0,arterial,dry
4.0,303.5823433764039,420,6,1,0,20.941078199914894,1.0,4.570751524910296,5.0,5.0,0.03161214177511455,1,arterial,monsoon
3.0,59.56904055020988,439,5,0,0,12.71249873893001,3.0,3.2032691274546803,3.420311034301422,3.6520589141567763,0.01541484214162238,0,collector,dry
3.0,173.41358253877218,719,9,0,0,8.022965548347685,5.0,3.5461666209923424,4.191765901280082,4.954900107377771,0.039797668604096656,1,local,pre_monsoon
4.0,248.39745388740107,557,10,0,0,10.111779188589699,5.0,4.642502277562867,5.0,5.0,0.035368222040263596,1,arterial,monsoon
2.0,119.06871962632529,303,1,1,1,3.0,0.0,2.1329263982909064,2.274687510263109,2.4258705192514007,0.015127758990843761,0,collector,post_monsoon
1.0,381.0774231457616,761,15,0,1,19.171766125359085,1.0,1.3229746122411106,1.7502618246345167,2.3155519587662683,0.06748558472873792,1,local,monsoon
2.0,158.8799301191937,345,7,2,1,18.682740221071167,4.0,2.3364607367162837,2.7295243871083996,3.188713280194177,0.03694721146106764,1,collector,pre_monsoon
4.0,84.35777508816443,274,7,0,2,12.537709520800483,2.0,4.365363904988785,4.764100505744733,5.0,0.02060441122400131,1,collector,post_monsoon
1.0,74.29203934937077,324,1,1,0,13.597311480317032,2.0,1.0694625811423084,1.1437502124635688,1.2231980544033518,0.0157932094077572,0,arterial,post_monsoon
3.0,64.50805417417307,561,4,0,1,5.661616115371698,0.0,3.3473857723394906,3.734997169620283,4.1674921284384014,0.025895329397908395,1,arterial,dry
5.0,270.49004601526775,694,12,0,0,6.025150523697414,1.0,5.0,5.0,5.0,0.03669651948197823,0,highway,monsoon
4.0,24.40853555648995,550,7,0,1,3.5135192540613396,2.0,4.347445842657963,4.725071338711003,5.0,0.01962539640726242,1,arterial,dry
3.0,40.59972901345187,388,8,1,2,11.194659571132046,1.0,3.2934293685745706,3.6155590019298307,3.969196066923289,0.022012771946757072,0,arterial,dry
1.0,249.84108409481186,338,5,0,2,17.305177024329662,1.0,1.1720454496235215,1.3736905359832028,1.6100277418900093,0.037736372739951944,0,highway,monsoon
4.0,51.01794001922893,654,14,0,1,10.083926856488274,5.0,4.3757737511444095,4.786848980301104,5.0,0.02117177481833219,1,local,post_monsoon
3.0,43.40523605433859,481,6,0,2,13.738479150888086,1.0,3.2414777231164043,3.502392609819969,3.784309207446319,0.01822811279531769,0,collector,dry
1.0,28.110123378054084,568,11,0,1,16.89416947446783,1.0,1.094468576886541,1.19786146579205,1.311021733772651,0.021286135088890233,0,local,post_monsoon
1.0,68.87574492532181,471,6,2,2,3.8794966101098094,0.0,1.1770670487542791,1.3854868372631086,1.6308109026251876,0.038772109392273636,0,local,post_monsoon
5.0,36.59894851121516,559,8,0,2,21.22782712689638,0.0,5.0,5.0,5.0,0.019626148922922797,0,local,post_monsoon
3.0,51.57704500411269,578,8,2,0,17.786601937156338,3.0,3.298343484937627,3.626356581543497,3.986989868264893,0.0223683884719341,0,arterial,dry
4.0,60.766721141239884,985,10,1,1,14.56946358880213,0.0,4.629066142600163,5.0,5.0,0.034668257206413984,1,collector,post_monsoon
4.0,25.94289214478436,580,9,2,0,16.620472652680363,3.0,4.5142934478438494,5.0,5.0,0.02862470843665988,1,arterial,dry
3.0,383.341654932989,422,5,0,0,16.85538151637535,2.0,3.5571273545466564,4.2177183388213635,5.0,0.040546686461508184,1,arterial,monsoon
3.0,10.93040028267471,535,11,0,1,13.463199432949061,1.0,3.381409985512759,3.8113111633751338,4.295868541910977,0.028319017817982475,1,collector,dry
3.0,31.613581418425902,310,3,0,0,19.141389764462847,0.0,3.1830218737004308,3.3772094161518007,3.583243814559415,0.013913609746725435,0,collector,dry
2.0,350.1527747872509,308,2,1,0,9.736698256912732,3.0,2.288622932020957,2.618897462486101,2.9968343946285927,0.03195396705056966,0,arterial,monsoon
3.0,131.72609723405878,749,5,2,1,14.309056025976991,1.0,3.462550682077879,3.9964190753193276,4.612601198371994,0.03402444606675474,1,collector,pre_monsoon
4.0,5.0,560,8,0,0,18.6082140062503,1.0,4.282378253209712,4.584690875890867,4.908345126151009,0.016043981926169962,0,collector,dry
3.0,5.0,723,2,1,2,3.0,3.0,3.2838450901540037,3.594546192042853,3.9346442880238994,0.021318020895623485,0,collector,dry
4.0,336.9878493391715,175,6,1,2,14.189816729870788,2.0,4.633435352317195,5.0,5.0,0.03489604494347653,1,local,monsoon
3.0,38.84861480855906,304,1,1,2,15.623024892216772,1.0,3.294119575658688,3.6170745929125916,3.9716920743770157,0.022062744240094023,0,local,dry
3.0,71.4901210821034,559,5,0,2,3.457793170577787,1.0,3.38302989025185,3.814963746112482,4.302045461108566,0.02843394335965108,1,highway,post_monsoon
3.0,54.17732103500245,335,10,0,1,13.409100430082919,1.0,3.322400146400372,3.6794475776004036,4.074865723497358,0.024103442283721237,1,collector,dry
3.0,33.93325476296334,215,3,0,1,8.031470098201806,1.0,3.2124124132242367,3.439864504212387,3.683421144380435,0.016090387482663015,0,local,dry
4.0,105.13053741361978,284,2,0,0,13.984031407956182,0.0,4.369158360104691,4.7723861939181775,5.0,0.0208113388789483,1,local,pre_monsoon
2.0,141.50638604458354,435,8,0,0,11.525003517946246,1.0,2.165113478896367,2.3438581882493636,2.5373594780001576,0.018681664400076826,0,local,pre_monsoon
3.0,63.237452232452235,582,3,0,1,7.268359154148534,2.0,3.2762158120519547,3.5778633490464165,3.9072841591690097,0.020763872985280603,0,local,pre_monsoon
1.0,44.412188258336585,843,16,0,1,17.548318318007254,1.0,1.111782486412744,1.2360602970941033,1.3742301904593572,0.025033265853822383,0,collector,dry
2.0,124.15606024179635,289,7,1,0,9.908174880052474,3.0,2.255821366743513,2.544365019328286,2.8698164876977597,0.028483745591147636,0,arterial,post_monsoon
3.0,358.40159710305977,299,11,2,0,13.349818970107915,2.0,3.7143921904968753,4.5989031149413915,5.0,0.051103584975391414,1,local,monsoon
3.0,33.09166640268078,209,1,2,0,18.57023811742049,3.0,3.169083684276705,3.3476971326496052,3.5363774543265905,0.012875902741183783,0,local,dry
5.0,186.09929445773273,614,8,0,0,7.416527528084093,1.0,5.0,5.0,5.0,0.03552937198194087,0,local,pre_monsoon
3.0,74.04389245253864,524,2,0,2,12.040246239864137,1.0,3.2236913467997677,3.4640619664772325,3.7223555287036136,0.016921695880200423,0,arterial,post_monsoon
4.0,44.24589319763368,307,6,2,1,9.523364274783303,2.0,4.411216295917226,4.864707302341424,5.0,0.023095759039007246,1,collector,dry
3.0,21.86333066517173,333,3,0,0,10.63910177731138,1.0,3.1127214731502155,3.2296783231368162,3.351029689265249,0.008643672200865074,0,collector,dry
3.0,410.5351336560142,475,11,2,0,22.780426039532287,0.0,3.7209451055278544,4.615144159450565,5.0,0.05153597491911252,1,local,monsoon
1.0,387.1002882075877,486,8,1,0,14.283879420351397,2.0,1.226297568109867,1.503805725552174,1.844113304154325,0.04875095417854337,0,local,monsoon
2.0,234.83693865223756,292,7,2,1,13.567963383111032,2.0,2.299033556326171,2.64277764655688,3.0379172456714865,0.03304737873790424,1,arterial,monsoon
2.0,50.50493755909304,535,12,0,0,14.620436669657302,1.0,2.1899463384620583,2.3979324826716883,2.6256717301530488,0.021395981239405296,0,local,dry
3.0,26.10214350488598,224,7,1,1,14.151298137912331,2.0,3.279946823298371,3.586017054555025,3.920648415460512,0.02103499615196049,0,arterial,dry
1.0,357.1316198086781,509,11,1,1,3.0,3.0,1.2247405901143709,1.4999895130736975,1.8370980414072484,0.048440106777410556,0,collector,monsoon
1.0,44.01431578843997,464,14,0,0,23.48380410261104,5.0,1.0766482596431441,1.1591714749926112,1.248019951178771,0.017381641609930193,0,collector,dry
2.0,494.8465529461017,580,7,1,1,4.6781523743067766,1.0,2.557334080988104,3.2699788008916353,4.181214115814397,0.05903442252112532,1,local,monsoon
5.0,243.37492626013287,742,8,0,1,20.66297133013141,3.0,5.0,5.0,5.0,0.02457401227013909,0,local,monsoon
2.0,48.92857546082746,425,10,0,2,15.090076825111257,3.0,2.1405750326272193,2.29103073515351,2.4520615953255933,0.01597598068274068,0,collector,dry
3.0,58.51147946644716,500,12,2,1,12.903895090672359,0.0,3.4305625478485435,3.922919798233698,4.485940579344698,0.03178755916076003,1,collector,post_monsoon
2.0,52.576205071134225,103,7,1,1,10.472575119616792,1.0,2.079527298449901,2.162216892499172,2.2481945265607712,0.009139983154021508,0,collector,post_monsoon
3.0,269.82830895774975,894,4,0,1,25.02580275546649,1.0,3.4324578010987397,3.9272555187745315,4.493379614108573,0.03192053631267379,1,collector,monsoon
2.0,32.088264506118186,127,10,0,0,15.022447800872131,4.0,2.060858165001173,2.1235681881260002,2.188186419718107,0.007018753570207184,0,highway,dry
2.0,39.095009163699004,483,9,0,2,12.088440324591996,2.0,2.1497605959083192,2.310735309860046,2.4837638583555632,0.01699157996922314,0,local,dry
3.0,143.83923610720976,50,10,0,1,9.3236864774483,1.0,3.284268039649194,3.595472185420386,3.9361647953412717,0.021348712683533912,0,arterial,pre_monsoon
1.0,16.24765898330325,334,9,0,1,8.724258656264572,1.0,1.0978562745499016,1.205288399568589,1.3232334321085844,0.022022869404150346,0,collector,dry
1.0,73.14885027785661,847,7,1,1,12.253054235861072,2.0,1.1523945582621116,1.3280132179121273,1.5303952056220913,0.033650247738563115,0,arterial,post_monsoon
2.0,33.95991160086697,728,8,1,0,7.346984841693784,2.0,2.162104922397649,2.337348847728072,2.526796724516669,0.018351200332857413,0,collector,dry
1.0,117.5000339812696,697,9,0,2,15.39825523972373,1.0,1.1215579271478722,1.2578921839482315,1.4107989504044884,0.027129175541220844,0,local,pre_monsoon
1.0,170.57232575921884,461,1,0,2,8.771788163818314,2.0,1.1210667177606952,1.2567905856707382,1.4089460967904364,0.027024192360881407,0,arterial,pre_monsoon
2.0,338.4201836003217,830,12,0,0,17.02477757222912,5.0,2.4377061807820777,2.9712057119115722,3.621463264150927,0.04726193389474313,1,local,monsoon
4.0,35.34274653531116,551,8,0,1,16.912936906556432,1.0,4.2193727241298165,4.4507765462826665,4.694871290145447,0.012536085677342199,0,collector,dry
3.0,142.7320234262971,637,3,1,0,11.722821604379039,3.0,3.282798040282182,3.592254324426845,3.930881818807881,0.02124202754823134,0,highway,pre_monsoon
3.0,38.23048623746974,1029,7,2,0,14.901511149274885,1.0,3.465566919912767,4.00338469213122,4.624665852245039,0.034234548975653485,1,arterial,dry
2.0,116.17836996112112,718,12,2,0,15.15181954763399,1.0,2.422700460363414,2.9347387603225488,3.554996472839897,0.04575416456900513,1,local,post_monsoon
5.0,47.43379213764561,486,8,0,2,4.688341954275998,3.0,5.0,5.0,5.0,0.020756449854145004,0,local,dry
2.0,103.95088171572074,602,4,0,1,20.65846494326812,1.0,2.251265666067997,2.534098549608291,2.852464529582927,0.0279987238859327,0,arterial,post_monsoon
1.0,81.17800679527309,780,1,1,1,10.721281428564229,1.0,1.0836088416048948,1.1742081216043019,1.272382302454697,0.018912583993200015,0,collector,post_monsoon
3.0,27.874167441560978,624,16,0,2,15.477867567078501,1.0,3.4270098082195357,3.9147987418776324,4.472017895206714,0.031538135533766706,1,local,dry
1.0,320.60126910443415,656,1,0,1,15.61811755526412,2.0,1.1789753908939484,1.3899829723335386,1.638755718142866,0.039164828805018044,0,collector,monsoon
2.0,44.45937441558109,757,8,1,0,3.0,1.0,2.154640094672582,2.3212369687853367,2.500715121090568,0.017529727960836117,0,collector,dry
3.0,88.99414260415048,1006,4,1,0,8.715354026252653,2.0,3.5112640415366654,4.109658389796133,4.8100319090302115,0.03740066325713387,1,highway,post_monsoon
4.0,344.1509725841193,313,11,0,0,16.20184410213028,3.0,4.873120110654563,5.0,5.0,0.04714702300418253,1,arterial,monsoon
3.0,35.95884072500998,640,2,0,0,12.311262297176015,1.0,3.15433609357511,3.3166120637435625,3.4872363803509847,0.011774118503874387,0,collector,dry
4.0,148.17959670697365,591,13,2,2,15.444846681690349,1.0,4.711545227319205,5.0,5.0,0.03894076498769394,1,local,pre_monsoon
5.0,61.0414646587105,422,6,1,1,12.46183280722592,3.0,5.0,5.0,5.0,0.018620711157827367,0,collector,dry
1.0,59.42741022558814,370,6,2,0,18.146908969015726,1.0,1.0846191814475796,1.1763987687640176,1.2759446696327692,0.0191341756912924,0,arterial,post_monsoon
2.0,49.7717207630666,830,5,2,1,12.570169442222053,2.0,2.2548724919955894,2.5422249775792,2.8661965852037214,0.02838278580093338,0,collector,dry
2.0,155.57441467790412,295,4,2,0,19.12044548390238,3.0,2.268243422420537,2.572464111677015,2.917487400362139,0.029802452358115315,0,local,monsoon
3.0,126.37140258070468,218,5,2,0,7.099857113939778,2.0,3.2719888684799323,3.568637051818863,3.8921802363987883,0.020456425514218012,0,collector,pre_monsoon
3.0,109.4159387154186,387,9,1,0,11.361799652605278,6.0,3.391835560428576,3.8348494896626106,4.335726289309672,0.02905793229045117,1,local,post_monsoon
5.0,11.034077619489814,143,1,0,2,9.03300215708981,1.0,5.0,5.0,5.0,0.012378757936688314,0,arterial,dry
4.0,308.08584878714237,330,4,0,0,13.943180320311326,2.0,4.936907106032232,5.0,5.0,0.05032932637297978,1,local,monsoon
3.0,100.14930387101042,289,12,0,2,10.606660275587117,1.0,3.513118598691978,4.114000762825162,4.817657531638021,0.037528487176047655,1,collector,pre_monsoon
2.0,345.82175849038987,517,6,0,1,10.852429064531817,2.0,2.435600732402067,2.966075463838743,3.612087786042722,0.047050809128952625,1,highway,monsoon
4.0,24.31174258723395,789,4,0,1,8.476168183748765,2.0,4.266269996307874,4.550264920349197,4.853164676234504,0.015150923300277522,0,arterial,dry
5.0,41.7598524525141,382,1,2,2,9.696322415357281,4.0,5.0,5.0,5.0,0.01959552339596339,0,collector,dry
4.0,59.84227403725632,673,2,0,0,11.948614680416613,2.0,4.232140429008441,4.477753152711937,4.73762003717805,0.013250169314637936,0,arterial,dry
1.0,325.2056645277588,650,10,1,2,3.0,0.0,1.3135312835663213,1.7253644329073876,2.266320158176519,0.06570277865079709,1,collector,monsoon
3.0,31.49518129235983,55,3,2,0,3.0,4.0,3.1850747966445456,3.3815671534067646,3.590181437825642,0.014066156657845157,0,arterial,dry
1.0,270.84401214863766,389,10,0,2,12.295729711537414,3.0,1.2216102880973794,1.4923316959853623,1.8230477530695295,0.04781423051991061,0,local,monsoon
2.0,56.98933686657624,424,3,0,2,3.0,3.0,2.1331440569444733,2.275151783838764,2.426613253171138,0.01515192920898798,0,local,dry
1.0,47.55714938462404,576,6,2,2,11.034288615959644,4.0,1.1148962875768407,1.2429937320526214,1.3858090973467498,0.02570241056129889,0,arterial,post_monsoon
3.0,61.9140694209228,614,6,0,2,10.11418119404393,1.0,3.388808969888176,3.828008744798187,4.324130123727492,0.028843601731586014,1,arterial,post_monsoon
3.0,253.75846199165687,566,3,0,0,14.710189349304368,3.0,3.2281801036381097,3.4737155938416526,3.737926521912354,0.01725191730126666,0,local,monsoon
1.0,145.6999535960822,321,7,0,2,8.639908104740353,2.0,1.1304376687992077,1.2778893230401873,1.4445742273209472,0.029020937661744926,0,collector,pre_monsoon
2.0,42.52388653531887,373,1,0,0,19.84757384645983,1.0,2.1237398874462903,2.2551355547651912,2.3946606646265773,0.014105901180211516,0,collector,dry
3.0,36.74352906509987,199,6,1,1,16.240814366152172,2.0,3.131296883200692,3.2683400569141234,3.4113810111517227,0.010044941375815462,0,arterial,dry
2.0,64.33537238145048,513,8,1,2,4.4385298417424295,3.0,2.24847157228156,2.5278122056791545,2.841856942267963,0.02770087888473474,0,collector,dry
1.0,229.65513196615,426,3,0,0,10.578268212628288,1.0,1.110961654432513,1.2342357976194265,1.3711886436831104,0.024856632736484384,0,arterial,monsoon
3.0,370.39667238452165,606,7,1,0,19.635925720919374,3.0,3.614473470945605,4.354806157389857,5.0,0.04443692369912334,1,local,monsoon
4.0,38.918274135743054,639,7,0,2,8.51184047300233,4.0,4.441658026667313,4.9320815064645425,5.0,0.024738837570248643,1,collector,post_monsoon
1.0,149.70374360678449,433,7,0,0,11.735538374872943,0.0,1.0743398333042862,1.1542060774242817,1.240009564818797,0.0168722402371997,0,local,pre_monsoon
1.0,291.2867439969369,556,1,1,0,19.020637879273885,2.0,1.1150882659505463,1.2434218408605962,1.3865251043702784,0.025743619111521347,0,collector,monsoon
2.0,138.69033087893246,456,7,1,1,9.29702191968611,2.0,2.2391955749522965,2.506998411442973,2.806829874657771,0.02671003630515871,0,collector,pre_monsoon
5.0,417.31242486710306,277,1,0,2,17.614899700414462,1.0,5.0,5.0,5.0,0.03232267751296321,0,arterial,monsoon
3.0,26.018031773297025,339,4,1,2,7.4500019869319045,3.0,3.2257058865884884,3.4683928222572096,3.729338381252114,0.017069941777876352,0,highway,dry
3.0,131.02587142684237,50,6,2,1,3.0,1.0,3.243856162877208,3.507534268478814,3.792645551102667,0.018402393322479612,0,collector,pre_monsoon
2.0,80.25416088449282,420,7,2,1,18.142646582203135,1.0,2.2945345615741837,2.632444427129215,3.0201173597356683,0.032575323044213234,1,arterial,pre_monsoon
3.0,367.94408438853793,381,2,1,2,14.193675200287379,0.0,3.627844173435638,4.387084448910303,5.0,0.04533715321082761,1,arterial,monsoon
1.0,67.33993954314165,280,5,0,1,14.522821376672328,1.0,1.1077664399611726,1.22714648550425,1.3593916935579078,0.024168106960897405,0,arterial,post_monsoon
3.0,55.85776807826637,663,10,1,1,6.535186043473628,1.0,3.279333138508818,3.584675277774032,3.918448143065895,0.020990417480577395,0,arterial,dry
5.0,44.55955266841501,605,3,0,0,6.933236917515683,2.0,5.0,5.0,5.0,0.017116868712629275,0,collector,dry
3.0,134.4343767229556,610,1,0,2,17.752182598680697,2.0,3.3239739893701197,3.6829343606697034,4.0806593398078554,0.02421661747176974,1,collector,pre_monsoon
4.0,273.89386898579045,638,9,2,1,13.216036537021315,2.0,5.0,5.0,5.0,0.06478813840803203,1,highway,monsoon
4.0,48.218128554920526,499,3,2,1,11.412719713311201,2.0,4.207731659379457,4.426251429336049,4.656119567897718,0.011883568538809074,0,arterial,dry
1.0,238.8975480785212,497,4,0,0,13.10463331057082,1.0,1.1448681278137927,1.3107230300838584,1.5006050215345283,0.032071079566968495,0,local,monsoon
5.0,88.84942212659189,666,7,0,1,19.5425276500615,1.0,5.0,5.0,5.0,0.02443418332662728,0,collector,post_monsoon
1.0,127.31634270842784,633,7,1,1,15.618441135262849,4.0,1.118478297435355,1.2509937018338906,1.399209305729522,0.026470401815156513,0,arterial,post_monsoon
3.0,52.6323675456984,705,11,2,0,9.626774013074211,5.0,3.381593880411361,3.811725724011856,4.296569460708352,0.02833206652410673,1,highway,dry
1.0,94.57070173640348,491,6,1,2,4.982560694399741,3.0,1.0684697828421146,1.1416276768466755,1.2197946759669154,0.015573103284765055,0,local,post_monsoon
1.0,322.41846195981486,302,7,2,2,14.940268809138926,3.0,1.2841402929039503,1.6490162918594433,2.117568264031772,0.06009042143515719,1,collector,monsoon
3.0,151.35622746096752,547,1,2,0,7.380159946828856,0.0,3.4144129265384127,3.8860718776375354,4.422884684154334,0.030652158199829152,1,local,pre_monsoon
2.0,355.4654318795133,384,9,1,0,6.088115311906172,1.0,2.5773163413919526,3.3212797618030003,4.2799943022146225,0.060959495536797276,1,highway,monsoon
3.0,22.65844944073347,630,4,1,0,18.57874593437034,3.0,3.2586270174149727,3.539550012875601,3.844691100482649,0.019482541990091154,0,collector,post_monsoon
3.0,129.21928061209016,557,19,1,1,16.362028733790734,1.0,3.4418685819815673,3.948819778543934,4.530439577225925,0.03257999494022655,1,arterial,pre_monsoon
1.0,175.03293999420262,510,6,1,1,13.928429633402489,1.0,1.1431188665237564,1.3067207430025576,1.4937371346041646,0.03170291657102477,0,arterial,pre_monsoon
1.0,132.45934431721003,421,8,1,1,5.808014695313753,1.0,1.053773281425914,1.1104381286471385,1.1701500306449466,0.012296361770342183,0,local,pre_monsoon
3.0,312.51691050581087,700,9,1,0,20.94633030383541,1.0,4.250988591602353,5.0,5.0,0.08472427611551209,1,local,monsoon
2.0,50.017808699317335,684,6,1,0,17.144341573579247,2.0,2.08027245143168,2.1637667360927857,2.250612166209032,0.00922434564039837,0,local,dry
4.0,73.59585234385416,387,8,1,1,10.48107199468803,4.0,4.3833357605584995,4.80340809744774,5.0,0.021583275385065912,1,arterial,post_monsoon
3.0,297.9786431167015,254,16,1,2,9.423599709195672,2.0,3.7763905922392373,4.753708635051006,5.0,0.055171337373304805,1,highway,monsoon
4.0,296.575448814702,535,3,0,2,12.392448706544673,1.0,4.707704087432435,5.0,5.0,0.03874306797822702,1,collector,monsoon
3.0,66.31064575490296,737,1,1,1,9.607906667306745,1.0,3.4281059394766253,3.9173034440916394,4.47631040114093,0.03161511165907779,1,collector,dry
3.0,376.38412890482624,247,1,0,0,23.05926978392554,3.0,3.3801028237297093,3.8083650329951846,4.290888467273503,0.028226249318778398,1,arterial,monsoon
3.0,42.002267431217675,594,10,0,0,10.072358126475676,2.0,3.2958119768420877,3.620792195565249,3.977816761266768,0.02218524330958882,0,highway,dry
2.0,32.25403773008844,335,5,2,1,6.660585642298864,2.0,2.166162963501903,2.3461309922236735,2.5410510314394466,0.01879685843800745,0,collector,dry
2.0,327.10100393931066,296,16,0,0,19.94207929166539,4.0,2.314987246888703,2.679582976628669,3.1016002089377195,0.03471562745268198,1,collector,monsoon
4.0,54.378572550718715,686,9,1,0,9.154690833564468,2.0,4.309456850712395,4.642854587037997,5.0,0.017539461122149262,1,highway,pre_monsoon
3.0,328.24047947390625,630,4,1,2,15.932150540583645,2.0,3.511932356406981,4.111222958659431,4.812778977639766,0.037446732307247155,1,highway,monsoon
4.0,57.26054912000093,469,3,1,0,15.376938030430352,2.0,4.229431762006258,4.472023257366841,4.728529301284501,0.013098814724854834,0,arterial,dry
4.0,128.49674875832156,657,5,0,2,11.707189747274729,1.0,4.480609391890749,5.0,5.0,0.026828675733764875,1,highway,pre_monsoon
4.0,30.26067007958483,636,1,0,0,7.135016177386519,1.0,4.226519630570703,4.465867046899878,4.718768685310287,0.012936008051759427,0,local,dry
5.0,86.46150435797672,202,8,0,0,11.759085365108048,1.0,5.0,5.0,5.0,0.022688756079008093,0,arterial,post_monsoon
3.0,333.9971024652723,516,9,0,1,6.150694468338906,3.0,3.848618114732526,4.93728713101578,5.0,0.05984616290608201,1,arterial,monsoon
2.0,327.28871475974347,782,3,0,0,11.881411187315484,1.0,2.3576913248272837,2.7793541915829163,3.276429633058695,0.03913814731158158,1,collector,monsoon
3.0,67.26052494672771,594,1,1,2,15.86390733229829,3.0,3.469758904906249,4.013075619392071,4.641468288815933,0.03452631853392981,1,collector,dry
2.0,30.595243393425438,50,3,0,1,20.588900330959987,0.0,2.0629244234932047,2.127828588522385,2.1947747821349504,0.007254249845533958,0,local,dry
3.0,31.457648812676368,285,10,2,1,6.560754420278558,1.0,3.1979666667804985,3.4089969339463897,3.633952853972492,0.015022395985039745,0,arterial,post_monsoon
4.0,52.62784944094722,699,10,1,1,10.74770698002036,2.0,4.382951195634439,4.80256529582834,5.0,0.02156236172246195,1,local,dry
3.0,136.90213081344157,388,7,1,2,9.375944578873597,1.0,3.339189958052397,3.7167298586526565,4.136955673602152,0.025308685996289607,1,local,pre_monsoon
2.0,260.0857768110536,724,13,1,2,13.36869688753744,3.0,2.5028519770480417,3.132134009506646,3.91963389903656,0.053726429051565584,1,collector,monsoon
2.0,35.47735990449808,909,1,0,1,4.3909581184459,3.0,2.1491575514956427,2.3094390905753728,2.4816742306146455,0.016925006674944197,0,highway,dry
3.0,105.88912669443525,452,6,0,2,7.356686614375167,0.0,3.250516328348491,3.521952133620052,3.8160543059979286,0.018889897224212842,0,local,post_monsoon
1.0,309.54397793198444,376,9,2,1,3.5399172096568225,1.0,1.2165230728559329,1.4799283867908413,1.8003670287055178,0.04679445886054434,0,arterial,monsoon
4.0,36.99736544802233,298,10,1,1,4.8084772966744795,2.0,4.462811682899272,4.979172029255558,5.0,0.02587551943988081,1,local,dry
2.0,53.34623564221102,651,10,1,0,8.697811030439572,2.0,2.2101722964645107,2.4424307900296047,2.699096434077681,0.023589364845067264,0,highway,dry
2.0,47.704560835003065,379,9,2,0,20.35441306412944,2.0,2.208265800603416,2.438218923057323,2.6921177310857893,0.02338327530945547,0,arterial,dry
1.0,131.78138635387154,419,12,1,1,13.738002384663165,2.0,1.137773684430959,1.2945289569835992,1.4728809809897958,0.030575245451721734,0,highway,post_monsoon
3.0,385.1888073734229,278,10,0,0,12.324979367999031,4.0,3.6150794459463675,4.356266466834633,5.0,0.0444777782800284,1,arterial,monsoon
3.0,58.55696061683045,413,2,0,1,18.734430020142423,3.0,3.1542359097533943,3.3164013914592756,3.4869041200323245,0.011766620334126728,0,collector,dry
2.0,27.62360539997475,358,5,0,1,13.917989405917096,4.0,2.115766408310421,2.238233747267389,2.367789888207549,0.01321622368075874,0,local,dry
1.0,261.35815295097734,103,1,2,0,14.387880556985037,4.0,1.074400937654486,1.1543373748328387,1.24022115789002,0.016885734965969033,0,local,monsoon
3.0,433.2575072375603,332,10,0,1,9.634877674100995,2.0,3.9788327741295397,5.0,5.0,0.06810685117424206,1,local,monsoon
2.0,111.64005685726237,649,11,0,1,8.81335822195459,0.0,2.3965835920174654,2.871806456763669,3.4412621168648125,0.043112788980840186,1,collector,pre_monsoon
3.0,136.88159580246239,769,2,2,0,5.444365251342905,0.0,3.3993335840264782,3.851822938496768,4.3645436915185405,0.029588280278094715,1,local,pre_monsoon
3.0,35.264416716595605,478,5,0,0,8.99455216979304,3.0,3.1816528523898326,3.3743049577067863,3.5786223311736505,0.013811839708265354,0,local,dry
2.0,320.881645732662,506,1,0,0,10.597382929504738,1.0,2.351172273076777,2.7640055288425085,3.24932658102271,0.03846701463964083,1,collector,monsoon
2.0,29.167522223996826,557,6,2,1,13.723594737584602,3.0,2.151473259390359,2.314418592935888,2.4897048568687117,0.017180572000851754,0,collector,post_monsoon
5.0,37.27495645574663,892,3,1,1,11.816207924776482,2.0,5.0,5.0,5.0,0.01950346365102285,0,local,dry
3.0,362.83264664540826,298,2,1,0,10.174652670661557,1.0,3.4073953702318716,3.8701144030258647,4.395669966379339,0.030157504562166683,1,collector,monsoon
3.0,119.32067609590877,247,6,0,0,7.441616240516253,3.0,3.2665642423150323,3.5568139830570606,3.8728537912067673,0.02006141792930436,0,collector,pre_monsoon
1.0,114.11119146762701,489,14,1,0,13.995634039776052,3.0,1.120567439237945,1.2556713858802855,1.407064469400233,0.02691744846710836,0,arterial,pre_monsoon
3.0,40.44507737466167,578,10,2,2,9.511169564830796,4.0,3.4097457732815513,3.875455412803801,4.40477257111629,0.03032326673224692,1,local,dry
1.0,77.1007186809634,493,5,1,1,13.768982539959946,1.0,1.1260608841107231,1.2680131147242233,1.4278599690303508,0.02808992599964577,0,arterial,post_monsoon
3.0,101.36522269664313,227,6,1,1,3.0,3.0,3.4324336302697596,3.9272002087356133,4.493284689755512,0.031918840762866184,1,collector,pre_monsoon
5.0,374.92417822909624,676,14,0,1,13.682105814849471,2.0,5.0,5.0,5.0,0.06679763801072955,0,arterial,monsoon
2.0,34.576143012039054,472,12,2,1,15.734534513981194,2.0,2.217133874044294,2.4578413077173296,2.7246816101827083,0.024340746116556518,0,arterial,dry
1.0,32.41515582732293,610,5,1,2,15.097654296818739,2.0,1.0769490779104003,1.1598193164120612,1.24906634335264,0.017447961612582726,0,collector,dry
1.0,49.225564416415665,810,9,2,2,11.016397873246527,4.0,1.1430973684093761,1.3066715936644409,1.493652860093108,0.03169838922643598,0,collector,dry
2.0,443.6253619066819,207,3,0,1,16.576591577121885,2.0,2.281376477304847,2.6023393155999366,2.968457850287645,0.0311906301888745,0,collector,monsoon
2.0,38.37752130198105,156,7,1,0,5.635205585220763,2.0,2.109878246851413,2.2257931082683955,2.348076230563639,0.012557573618280415,0,arterial,dry
1.0,355.94505111768933,613,10,2,1,11.553969673967348,4.0,1.307583219683838,1.7097738763987522,2.235671630232797,0.0645747936725498,1,highway,monsoon
4.0,199.43652640671263,93,11,0,1,11.033020994196505,5.0,4.349851156470917,4.730301270862844,5.0,0.019756998533541167,1,arterial,pre_monsoon
3.0,133.61807665211325,420,4,2,0,17.181998445205434,1.0,3.370609020647512,3.787001723356793,4.25483405665136,0.027551653106215147,1,local,pre_monsoon
2.0,106.04263712492757,385,11,0,1,3.0,1.0,2.282030338962563,2.603831233972796,2.971010936732124,0.03125958378905552,0,local,pre_monsoon
5.0,103.15929787428159,571,7,0,0,6.709351410363501,1.0,5.0,5.0,5.0,0.02473401490248794,0,arterial,pre_monsoon
1.0,26.41256855774391,366,5,2,0,20.736254043152577,5.0,1.0964511371230403,1.2022050960984083,1.3181591446722138,0.021717501142480344,0,collector,dry
5.0,62.4893163771353,598,14,0,0,3.0,2.0,5.0,5.0,5.0,0.021450745469403922,0,highway,dry
2.0,350.9697813755882,286,5,1,1,16.072119858437503,3.0,2.4419324763158974,2.981517109443145,3.6403317291203576,0.04768530593894434,1,collector,monsoon
4.0,383.92548341585484,251,2,0,0,8.49836418486429,1.0,4.380267396475715,4.796685616157036,5.0,0.021416370410596595,1,arterial,monsoon
3.0,62.20738229003621,503,4,1,2,13.2735130182305,3.0,3.676324926036812,4.505121653933191,5.0,0.04858010779638412,1,collector,dry
4.0,95.77859831147666,521,9,1,0,19.068912019296768,3.0,4.735581998034013,5.0,5.0,0.04017509906847203,1,collector,pre_monsoon
5.0,35.11806202386371,559,3,0,0,13.466034355394152,8.0,5.0,5.0,5.0,0.014474877172643851,0,local,dry
2.0,58.6989447143298,795,10,0,2,19.172666883805086,4.0,2.144691970752656,2.2998518247054553,2.4662368711833174,0.016431581156309296,0,highway,dry
5.0,46.70290174594013,756,3,2,1,9.538254096065993,3.0,5.0,5.0,5.0,0.013933616671844729,0,arterial,dry
2.0,66.3743106769392,590,6,2,0,10.199118720785462,3.0,2.3957434178939603,2.8697932621911173,3.4376441593054032,0.04302745084603984,1,collector,post_monsoon
2.0,43.383430256536265,661,15,2,0,15.934211244238625,3.0,2.1784307127279763,2.3727801850782595,2.5844686148634266,0.0201402339495963,0,arterial,dry
2.0,46.97857325821741,552,3,0,0,9.802847698588343,3.0,2.129835973276556,2.268100636531447,2.4153411633480655,0.0147843740987778,0,highway,dry
3.0,47.58538751946179,735,1,1,1,14.986731905190013,3.0,3.295915757975851,3.621020227891176,3.9781925430186114,0.022192753606961393,0,collector,dry
2.0,72.93959579343935,572,12,2,1,17.919021082888417,5.0,2.3862001425226613,2.846975560087585,3.396726743619764,0.042056507506088164,1,local,dry
3.0,292.9555833618349,389,1,0,1,16.341684471436942,0.0,3.2303543603757308,3.478396431199499,3.745484359546894,0.01741174287512423,0,collector,monsoon
3.0,37.53929217777694,349,3,2,1,4.10544217276709,2.0,3.1350769552533624,3.276235838453564,3.423750492370316,0.010329317047195377,0,local,dry
4.0,21.446602186439293,730,9,0,0,10.293096114752391,1.0,4.385548834534081,4.808259645020809,5.0,0.02170360089650373,1,arterial,dry
4.0,261.9122841288604,463,9,1,2,13.409162420274109,2.0,4.579849274147222,5.0,5.0,0.032090891432109594,1,highway,monsoon
3.0,67.94330349317228,883,1,0,2,10.78053230185304,4.0,3.307785562978493,3.647148443549649,4.02132832253767,0.023050538447138124,1,collector,dry
2.0,279.59514562640766,279,5,1,2,12.396830066957666,2.0,2.241977304621903,2.5132311172198474,2.817303563038224,0.027007504661833354,0,local,monsoon
2.0,373.2682361347309,750,10,0,1,13.4753537213463,2.0,2.466795501311814,3.0425400226461026,3.752662020212276,0.05016466670322746,1,arterial,monsoon
2.0,40.45062046781928,414,15,0,2,9.367159396412152,2.0,2.1576766811869907,2.3277843302690537,2.511302984127007,0.017864154181577826,0,local,dry
1.0,366.87052017725597,581,2,0,1,11.032805597720682,3.0,1.1638072457525332,1.3544473052660975,1.5763155878586776,0.036029797827024056,0,collector,monsoon
2.0,25.463209835525404,239,11,0,1,6.094826359965724,2.0,2.1384764863632713,2.286540841364301,2.444856912183424,0.015743486766626416,0,arterial,dry
2.0,328.46686980233557,132,4,0,1,9.610791065463392,3.0,2.2634931718933315,2.561700669603868,2.8991959870414656,0.029298828262484068,0,collector,monsoon
5.0,93.33225572820689,795,11,0,1,4.366606986170923,3.0,5.0,5.0,5.0,0.03799901261027099,0,collector,pre_monsoon
3.0,24.33100315932373,412,2,2,1,12.582483478463455,1.0,3.195803297343811,3.404386238437859,3.6265829220772012,0.014862137210245213,0,arterial,dry
2.0,268.37369191599004,697,6,0,0,11.033888978207251,0.0,2.2969393956869526,2.6379652937293714,3.029623203810948,0.03282773774074429,1,arterial,monsoon
3.0,78.95800554676464,368,8,2,0,7.4210239397568545,0.0,3.2813482306019157,3.589082070158108,3.9256760334661234,0.021136771798070806,0,collector,post_monsoon
1.0,36.131039543093536,697,10,0,2,20.926299044144237,1.0,1.0731434431084428,1.1516368494866436,1.2358715338686563,0.016607902104074486,0,collector,post_monsoon
3.0,349.98929815842854,414,9,0,0,10.772942584765795,2.0,3.64771828905202,4.4352829054282,5.0,0.04667055896913977,1,collector,monsoon
3.0,109.45459869723304,257,5,0,0,13.4327647203981,1.0,3.314275379784305,3.661473764348133,4.045044116968393,0.02351853492897455,1,collector,pre_monsoon
3.0,16.176022848377084,629,4,2,0,8.80683417577269,2.0,3.1772098359737946,3.364887447269542,3.56365116480318,0.013481324171957543,0,arterial,dry
3.0,11.966328902940194,688,14,2,0,9.928259896313499,1.0,3.3450649677738653,3.7298198795426565,4.158829938388227,0.025729321749594674,1,arterial,dry
5.0,71.60949559269093,628,8,0,1,13.62206735424268,0.0,5.0,5.0,5.0,0.028682206551103095,0,local,pre_monsoon
4.0,122.08434348663236,471,5,0,1,10.338744750965562,2.0,4.414494567303629,4.871940571188315,5.0,0.023273119142706977,1,arterial,pre_monsoon
3.0,130.08279700955114,150,9,1,1,12.01651678444134,1.0,3.2373976283636425,3.493581134711513,3.770037093337006,0.017928914764065104,0,local,post_monsoon
3.0,148.98836217704016,286,9,0,0,16.034123076767322,2.0,3.324137514797552,3.683296739094815,4.081261622852188,0.024228374243593136,1,collector,pre_monsoon
3.0,76.57811723823178,359,1,2,0,9.409869102405738,1.0,3.3300583366659806,3.696429508532867,4.103108633596003,0.024653757395325094,1,highway,pre_monsoon
2.0,103.73749334856363,448,8,1,1,5.339194083810567,1.0,2.1774989431302942,2.3707508236667736,2.581153706479837,0.020038404671284038,0,arterial,pre_monsoon
2.0,72.07732378485746,726,1,2,0,4.368678551607932,1.0,2.2959306375228583,2.6356487461580596,3.025633353026498,0.03272188177696759,1,local,post_monsoon
1.0,352.29269632953543,476,4,0,2,19.192195181934316,4.0,1.1407723648376706,1.3013615883773315,1.4845573366821159,0.031208374849523254,0,collector,monsoon
3.0,237.8321735206365,78,3,0,1,16.655733502877847,3.0,3.250541743944084,3.5220072097076818,3.816143819208949,0.01889175610132094,0,arterial,monsoon
3.0,21.58811930181557,50,6,2,1,15.278998335938697,0.0,3.1864101111990717,3.3844031322505597,3.594698786992331,0.014165339657284542,0,arterial,dry
2.0,83.05230241127711,361,5,0,0,9.819735970639936,1.0,2.1583740420254935,2.3292892526447337,2.513738729638678,0.017940905172870624,0,collector,post_monsoon
5.0,36.40558178826229,397,6,0,2,5.33459994506083,3.0,5.0,5.0,5.0,0.010611499649641271,0,collector,dry
5.0,119.56547609335128,571,1,1,1,10.588491932519261,2.0,5.0,5.0,5.0,0.02876211490227691,0,collector,post_monsoon
4.0,286.07900284993434,209,6,0,1,11.533228143569772,2.0,4.414197008532776,4.871283807534927,5.0,0.02325702487051089,1,highway,monsoon
3.0,69.11051294651332,223,2,2,1,6.342241666263606,4.0,3.3035235442408997,3.6377559357846505,4.005804127355559,0.022742810813980517,1,collector,pre_monsoon
4.0,130.7622416432491,590,16,2,2,4.6517184347569,0.0,5.0,5.0,5.0,0.0573539185560089,1,collector,pre_monsoon
1.0,377.6367939502091,766,5,0,0,3.348436967980337,3.0,1.3032817907220753,1.6985434260277392,2.213680717892641,0.06375662141555807,1,local,monsoon
4.0,48.89535215819621,107,5,0,0,15.286965937719222,1.0,4.158399192751707,4.323070961569513,4.494263699199753,0.009102875029988572,0,local,dry
1.0,118.81200934462683,346,9,0,0,5.973208423984929,2.0,1.1081231797265827,1.2279369814473524,1.360705432385302,0.024245055033467616,0,arterial,post_monsoon
4.0,86.11543267213787,722,12,0,1,13.54705160357969,7.0,4.622077002428643,5.0,5.0,0.03430353703511994,1,local,pre_monsoon
2.0,32.37077658867014,686,2,0,0,10.011000732963758,2.0,2.1205737676512753,2.248416552025362,2.3839665794889555,0.013752933896378923,0,collector,dry
4.0,49.80395025918952,314,9,0,1,14.948189543880682,3.0,4.275561190137606,4.570105872652725,4.8849418259834865,0.015666351686043054,0,arterial,dry
5.0,66.16669244733296,731,10,0,1,13.679122559845085,3.0,5.0,5.0,5.0,0.04109094663869866,0,arterial,pre_monsoon
1.0,86.36161225554645,508,7,1,1,10.840312910543568,1.0,1.1179762901466659,1.2498709853301022,1.3973261273413058,0.02636288400462688,0,arterial,pre_monsoon
3.0,146.64471965230325,632,7,1,1,12.652267126046086,4.0,3.430153829492003,3.9219850979928843,4.484337401030286,0.03175887476478855,1,collector,pre_monsoon
5.0,311.8799459646134,359,4,2,1,11.448319458116437,2.0,5.0,5.0,5.0,0.049246898372246856,0,arterial,monsoon
3.0,73.54250899135823,558,5,0,2,8.923264246834641,1.0,3.339212834612678,3.7167807849473453,4.13704070017932,0.025310324999786585,1,collector,pre_monsoon
4.0,67.09879609745553,266,6,1,0,16.900413927289314,4.0,4.476563783733268,5.0,5.0,0.02661226844900494,1,collector,post_monsoon
3.0,428.6933463916348,390,5,1,1,9.884631233790008,4.0,3.635489917588364,4.405595646962217,5.0,0.045850787185979514,1,local,monsoon
2.0,82.38160160941788,440,10,0,1,11.5657492687426,1.0,2.1305757178063582,2.2696764446530397,2.4178587601274164,0.014866603730714457,0,collector,post_monsoon
2.0,72.7340171454324,528,3,1,0,4.924374501712469,2.0,2.1989814546228694,2.417759718887655,2.6583043917840774,0.022377696340325017,0,local,dry
2.0,139.35550489442707,981,10,0,0,13.370223019224063,1.0,2.2250035403346744,2.4753203772509176,2.7537983014229273,0.025187964847917004,0,local,pre_monsoon
4.0,74.5067496507739,1011,12,0,2,8.947092014272695,0.0,4.530259912908221,5.0,5.0,0.02947245245706356,1,local,dry
2.0,298.442881741615,422,8,0,1,9.615756704210488,1.0,2.308816627657231,2.665317110073254,3.0768642308582237,0.03407142531377186,1,local,monsoon
3.0,62.94945462839871,795,1,0,0,7.802195695577791,1.0,3.2148189567937804,3.4450203083202178,3.691705531242463,0.01626794819648621,0,arterial,post_monsoon
3.0,5.0,278,9,0,2,11.380017760558257,2.0,3.282464912844089,3.5915253013508512,3.929685261758654,0.021217845749711455,0,arterial,dry
3.0,39.996467726278254,579,4,0,1,3.0,3.0,3.2915913492664637,3.6115245368552724,3.962554307725462,0.021879656714446537,0,collector,dry
4.0,96.40963252103306,362,4,0,1,15.411785064566297,3.0,4.37139316971017,4.777269561047181,5.0,0.020933148019130324,1,collector,post_monsoon
5.0,52.56835142494415,409,8,0,1,11.80667612660386,0.0,5.0,5.0,5.0,0.016173718976571234,0,arterial,dry
3.0,207.81610028270052,1032,11,0,0,9.663571993988963,1.0,3.5553846878229356,4.213586759468598,4.993640615142706,0.04042771717540136,1,arterial,monsoon
4.0,316.2018066331198,422,1,0,0,4.258846671045411,1.0,4.638475310992028,5.0,5.0,0.0351585975730395,1,highway,monsoon
4.0,85.00379162018561,370,7,1,0,14.165333432399851,3.0,4.37629793388908,4.787995901540458,5.0,0.02120031675955619,1,collector,post_monsoon
3.0,37.53854123331405,299,14,0,0,8.828362198524621,2.0,3.2466353794721057,3.5135470957466604,3.8024021028308574,0.01860591675429135,0,collector,dry
5.0,33.50016670965049,346,2,2,2,18.530434351241574,0.0,5.0,5.0,5.0,0.022732451274655438,0,arterial,dry
2.0,294.70506131358246,215,6,0,0,14.43159481164891,0.0,2.1441555624927413,2.2987015380842823,2.464386844697017,0.0163722576094609,0,local,monsoon
1.0,51.64513942211826,544,4,0,0,19.673278443435617,2.0,1.0636296333492905,1.131307996938746,1.2032927099890787,0.01449777760637145,0,collector,post_monsoon
4.0,117.0843136852969,540,9,0,1,12.68485020394286,2.0,4.551284398397158,5.0,5.0,0.030585266449503327,1,arterial,pre_monsoon
3.0,56.30977567987942,567,1,1,2,17.389113805810776,1.0,3.2410068363766085,3.501375104479971,3.782660216779482,0.01819359687369539,0,highway,dry
4.0,389.29985363249705,497,1,1,0,14.313855226491086,2.0,4.6465558671028955,5.0,5.0,0.035579091628949934,1,local,monsoon
4.0,85.4089133647822,386,10,2,2,9.745092938981017,1.0,4.861849767278522,5.0,5.0,0.04658143542836206,1,local,post_monsoon
1.0,104.29315774401257,368,7,0,0,12.936050092420672,0.0,1.0750016082253033,1.1556284576869889,1.24230245052444,0.017018360108140673,0,highway,post_monsoon
4.0,72.53336523550755,531,2,0,0,7.830068667705319,1.0,4.325560990288949,4.677619470177378,5.0,0.018425436870602833,1,collector,post_monsoon
3.0,24.386472032906664,489,6,2,1,22.34389716487186,1.0,3.328079039662599,3.6920366980805097,4.095796649515618,0.02451161879906905,1,local,dry
3.0,46.73276247012257,372,1,1,0,11.495674451472931,1.0,3.1727993173763713,3.355551836114657,3.5488308583485373,0.01315287548893302,0,arterial,dry
3.0,320.214956109967,442,10,0,2,12.131051457593255,3.0,3.4651857777576467,4.002504158124623,4.6231401613830965,0.03420800739197206,1,local,monsoon
5.0,88.68813735066777,807,8,2,2,13.949929308167594,5.0,5.0,5.0,5.0,0.02408633398601938,0,arterial,post_monsoon
1.0,52.20680117383145,894,4,1,1,6.565273378416361,0.0,1.0810008206733446,1.1685627742964444,1.2632173180227766,0.018339849539937517,0,arterial,dry
3.0,38.93277156713447,455,4,0,0,18.606855528332876,0.0,3.205037506976305,3.4240884737082955,3.6581106618134456,0.01554561284378747,0,collector,dry
3.0,371.29423535818415,353,5,0,0,6.873352246159745,2.0,3.546785607406732,4.193229381635847,4.9574952064470175,0.03984001520413645,1,arterial,monsoon
4.0,16.270185329446935,491,2,0,1,5.74264718819303,2.0,4.176379183367332,4.360535770815995,4.552812705391135,0.010119256934728661,0,collector,dry
3.0,141.6748730832881,727,12,1,0,11.16737993648487,3.0,3.4893231877677904,4.058458769564659,4.720424763747166,0.03588446422955081,1,collector,pre_monsoon
1.0,343.8516653943892,491,11,0,1,5.603512511052078,1.0,1.2321383045189034,1.518164801462718,1.8705890044545512,0.04991435526331184,0,collector,monsoon
2.0,320.8052291233076,571,5,0,0,19.80970268095688,4.0,2.3067684391785455,2.660590315995112,3.068682885260799,0.03385730614990634,1,arterial,monsoon
2.0,319.2030146624588,368,5,0,1,10.846483651584725,2.0,2.316147773140228,2.6822702535112186,3.106267137315142,0.03483663730149233,1,arterial,monsoon
4.0,125.08132409828121,266,2,2,0,3.0,0.0,4.222487211139401,4.457349562058949,4.705275380342931,0.012710428100857546,0,collector,pre_monsoon
2.0,350.41494320817867,652,6,0,0,12.99974259062521,4.0,2.2977263718647074,2.6397732399812757,3.03273829462386,0.03291029584206084,1,local,monsoon
2.0,317.58771592781727,538,8,1,1,14.767529934270202,3.0,2.2945646533369866,2.632513474171742,3.020236183633915,0.0325784827698222,1,arterial,monsoon
5.0,289.88048238912774,631,11,1,1,9.89283875804891,3.0,5.0,5.0,5.0,0.03128807072738281,0,collector,monsoon
1.0,386.38770624872427,157,3,1,1,5.220534871193957,0.0,1.1473206016834243,1.3163445630472148,1.5102692360980348,0.03258652061001639,0,local,monsoon
5.0,51.44248962511726,866,1,1,0,11.48346491666751,4.0,5.0,5.0,5.0,0.013601070257927233,0,arterial,dry
3.0,37.62873058063133,550,2,1,0,9.591472663865778,5.0,3.124577666679732,3.2543285317045862,3.3894674167342647,0.009538802828236784,0,collector,dry
4.0,43.06219906762083,138,9,0,0,7.122140400704819,2.0,4.223102662489742,4.4586490244819865,4.707333141599292,0.012744868104555369,0,collector,dry
2.0,48.02822721414543,697,6,0,1,6.680874649526247,1.0,2.1730474214283504,2.3610675478882013,2.565355873378307,0.01955145456359096,0,highway,dry
1.0,317.12846434083457,425,10,0,0,12.781178744686922,3.0,1.206950980519659,1.456730669377366,1.7582025097580711,0.044866761865334386,0,arterial,monsoon
4.0,85.49004204533871,506,7,1,2,16.51510900194828,3.0,4.467881346090883,4.99049093068672,5.0,0.026147321638658395,1,collector,post_monsoon
4.0,330.76485026293045,404,13,0,2,14.307719189985486,4.0,5.0,5.0,5.0,0.058296454821708095,1,local,monsoon
4.0,229.00024722284473,480,1,0,2,3.3600107070581,2.0,4.344785277231455,4.719289776311801,5.0,0.0194797636407667,1,collector,monsoon
1.0,174.43947501969234,490,1,1,2,15.077390022779912,2.0,1.1436468031177374,1.3079280102814208,1.4958076876664903,0.031814075651246256,0,collector,pre_monsoon
4.0,123.02411611379323,165,12,0,1,15.862370060135245,2.0,4.386393372665788,4.810111704941587,5.0,0.021749506422084976,1,arterial,pre_monsoon
4.0,169.6400494760012,673,3,1,2,18.968483754238832,0.0,4.588089408357772,5.0,5.0,0.032523882075677496,1,highway,pre_monsoon
3.0,53.91573878125127,522,7,2,1,7.2505612195405265,3.0,3.2245955496995378,3.4660054863806877,3.7254886222057824,0.01698824312052126,0,local,dry
4.0,43.00051243195258,589,7,1,0,11.716986803176862,5.0,4.38081242677298,4.797879379642142,5.0,0.02144602411179105,1,collector,dry
4.0,314.77908660091174,663,8,0,1,14.83762125151916,2.0,4.77077751523435,5.0,5.0,0.04197381907949646,1,arterial,monsoon
3.0,45.771683440457586,524,5,1,1,9.362231509301944,4.0,3.285573634322558,3.598331368851848,3.940860891018477,0.021443435463730197,0,arterial,post_monsoon
1.0,47.50275132302386,566,3,0,0,14.75954925173314,1.0,1.0672244838779787,1.1389680989886184,1.2155346415966108,0.015296795271960395,0,collector,dry
3.0,52.79750229526283,205,2,0,1,11.879868368910461,1.0,3.135019573239963,3.2761159081992255,3.423562498802463,0.010325002150878206,0,arterial,dry
1.0,366.4128569064211,333,9,1,2,7.767725916722268,2.0,1.399006769625286,1.9572199414573777,2.738163947744477,0.08149526843678691,1,collector,monsoon
3.0,77.368724950109,517,10,0,1,8.193788806547268,4.0,3.4250718100710795,3.9103723013811935,4.4644353121144995,0.03140199286788722,1,collector,dry
3.0,93.30930028241809,537,5,1,1,18.24644678137428,1.0,3.3368966018493693,3.7116263104779565,4.128437740922869,0.025144333547248085,1,local,post_monsoon
1.0,306.4566421032719,580,4,1,1,7.017906688016641,4.0,1.2978498939709011,1.6844143472802795,2.1861169820207755,0.06272046038256793,1,arterial,monsoon
2.0,91.26495828197831,781,9,0,1,6.159998579151932,3.0,2.380742435781997,2.8339672727665977,3.373473073946406,0.04149989558723828,1,collector,post_monsoon
1.0,132.6643107658579,481,1,0,0,13.721894323659047,0.0,1.0408522718633932,1.0833734518431872,1.1276317186274678,0.009386414926203948,0,local,pre_monsoon
4.0,374.93922825550067,572,14,0,1,11.847136078287528,2.0,4.757029034955636,5.0,5.0,0.041272396994068344,1,collector,monsoon
5.0,145.04968282135758,511,8,0,0,5.441893112866308,1.0,5.0,5.0,5.0,0.020277104958356516,0,local,pre_monsoon
1.0,260.667659141865,450,6,2,0,9.402899129552377,4.0,1.2229728312295656,1.4956625459256596,1.8291546583547242,0.04808680993271121,0,arterial,monsoon
5.0,169.14843549409267,457,10,0,2,7.916092608697233,1.0,5.0,5.0,5.0,0.033852364932784165,0,local,pre_monsoon
3.0,31.067929170075743,343,9,1,0,8.791662268765485,2.0,3.3223668370360375,3.6793737999456146,4.074743164666192,0.02410104656024919,1,highway,dry
2.0,477.9431722806499,476,7,2,2,24.62485198403323,2.0,2.5531749096046683,3.2593510595174036,4.160846673376614,0.05863228264097578,1,collector,monsoon
1.0,294.2059936875268,456,1,1,2,10.487100476629855,3.0,1.0862526367994978,1.1799447909538616,1.2817181404514644,0.019492097010178264,0,collector,monsoon
3.0,58.33174416665706,469,8,0,0,7.593745279139259,5.0,3.2175014337268926,3.4507718253448703,3.700954431837162,0.016465747894114046,0,arterial,post_monsoon
4.0,244.00208029360343,151,12,1,2,22.108937453998248,3.0,4.552628090032888,5.0,5.0,0.030656253185817273,1,collector,monsoon
4.0,260.62094203013817,480,4,0,1,16.441273990961978,1.0,4.4217973032196065,4.888072847690046,5.0,0.023667846966085652,1,collector,monsoon
1.0,35.13134890323034,324,10,1,0,15.624127802927047,3.0,1.0705668340137175,1.146113346090155,1.2269909363446054,0.016037841375758904,0,arterial,dry
1.0,269.25864131320867,487,10,2,1,7.834528528493166,1.0,1.160058589813808,1.345735931800801,1.5611325273066083,0.035250182301136884,0,local,monsoon
3.0,303.9260759504901,281,8,0,2,17.957416788432532,1.0,3.517093250866332,4.1233149784298355,4.834027760610546,0.03780226285640019,1,local,monsoon
2.0,55.52048909306002,509,7,0,1,16.081372941164194,3.0,2.1855176959752725,2.388243799710532,2.609774543285296,0.020913650417756717,0,highway,post_monsoon
2.0,81.99202449613534,440,9,1,1,12.735447909190073,1.0,2.2120419226882584,2.4465647338651837,2.705951878940214,0.02379133650244918,0,collector,post_monsoon
2.0,48.03268817297972,374,8,0,0,3.4184843856387648,3.0,2.124910338250045,2.2576219728009606,2.398622134932612,0.014236283950431512,0,collector,dry
4.0,92.99093670671476,557,14,2,1,11.90039998761086,0.0,4.806106039583027,5.0,5.0,0.04376913434538392,1,local,post_monsoon
5.0,24.212366337909412,575,10,2,0,20.649653570826892,1.0,5.0,5.0,5.0,0.025922124037531004,0,collector,dry
3.0,136.53849998326763,490,9,1,0,13.101914098710203,3.0,3.2365849989246067,3.4918274850879323,3.767198819022745,0.017869289195119726,0,local,pre_monsoon
5.0,325.56458394677315,613,11,0,1,10.117667364590686,0.0,5.0,5.0,5.0,0.06556477883528168,0,collector,monsoon
2.0,62.18691832683164,417,9,0,1,10.857713284556652,5.0,2.179404283498293,2.3749015154653543,2.5879352678458907,0.020246595840108187,0,collector,dry
3.0,262.8105497146945,579,1,0,0,11.203738465930916,1.0,3.294486458713058,3.617880342214568,3.9730192655566854,0.02208930399697891,0,arterial,monsoon
2.0,30.388370888701292,491,6,0,1,8.001928931115305,4.0,2.1226348428825483,2.2527893381095105,2.3909245713727802,0.013982753791895033,0,arterial,dry
3.0,46.38907166422883,300,4,0,0,11.793775853185924,0.0,3.1829843058750527,3.3771296971489635,3.5831169416432402,0.013910817484916838,0,collector,dry
5.0,260.3647442494764,339,8,0,1,19.213672647727748,1.0,5.0,5.0,5.0,0.02915044300693109,0,collector,monsoon
3.0,389.1747953722886,733,4,1,1,18.647274394554895,1.0,3.842335239992077,4.921180032161658,5.0,0.05944219659043201,1,local,monsoon
2.0,29.503753680903984,815,9,1,1,8.22832044837968,0.0,2.2035455605076004,2.4278065186163778,2.6748911379342664,0.02287243636179465,0,collector,post_monsoon
3.0,343.5977082899889,642,5,2,1,18.379486922753472,5.0,3.6487921984460696,4.437894835813633,5.0,0.04674245156043553,1,arterial,monsoon
1.0,386.3874291376786,383,13,0,0,15.805706563263751,3.0,1.2456636285312508,1.5516778754456422,1.932868692639281,0.052592285942354246,0,collector,monsoon
4.0,112.0194991331896,785,13,0,1,15.16669268805831,3.0,4.523976030014898,5.0,5.0,0.029139081679224844,1,arterial,pre_monsoon
3.0,35.338342318184836,622,1,0,2,14.15955940820067,3.0,3.204846074056932,3.4236794527993757,3.6574552177111546,0.015531459154099179,0,arterial,dry
3.0,35.1090951632197,567,8,2,2,7.3481181061027225,1.0,3.2789447937954,3.583826320252653,3.9170562182197877,0.020962204431340104,0,arterial,dry
3.0,354.15735939620384,868,5,0,1,9.972109075214421,1.0,3.538796473828923,4.174360161061339,4.924070339485266,0.03929302016512006,1,collector,monsoon
3.0,324.3001132328146,328,8,2,2,16.16459201560663,4.0,4.04720270693887,5.0,5.0,0.07236145963022185,1,arterial,monsoon
1.0,73.66136494177759,654,9,2,1,5.965648280625262,2.0,1.1343826317881898,1.2868239553026997,1.4597507450643645,0.029857728926882602,0,arterial,pre_monsoon
3.0,377.73263471486587,337,1,0,0,6.79612447302062,1.0,3.2895404245017446,3.607025401477039,3.955151956787785,0.02173105490029118,0,local,monsoon
2.0,260.85601799435153,378,3,0,1,13.53098712382953,2.0,2.1841512222952733,2.385258280926968,2.6048823948882793,0.020764674230446513,0,arterial,monsoon
4.0,59.938834443701225,1020,3,0,2,8.052336696704483,1.0,4.380752761603341,4.797748689573823,5.0,0.021442778020747483,1,arterial,dry
4.0,49.337250018423426,600,4,0,0,16.119471768503836,2.0,4.237499832631718,4.489101207888459,4.755641404273547,0.013549422753150235,0,highway,dry
4.0,99.96096814956383,869,4,0,0,8.228910218717274,2.0,4.289262999732671,4.599444270218928,4.932056531895621,0.016424894006726195,0,collector,post_monsoon
3.0,254.7264192734445,608,10,0,2,13.221900724315734,1.0,3.46163830061588,3.994313241430265,4.6089559003973894,0.033960864419228305,1,arterial,monsoon
3.0,76.18637630907205,580,7,1,1,13.640357823253655,2.0,3.357598495330598,3.757822551948765,4.205753115380854,0.02662480087816294,1,arterial,post_monsoon
1.0,32.110419108940235,374,3,0,0,9.589526610512616,1.0,1.0389628431846762,1.079443789518386,1.1215019886160635,0.008958578189731748,0,collector,dry
4.0,69.04712681737708,695,5,0,1,10.801766851727033,2.0,4.6959855339867875,5.0,5.0,0.038139168591662616,1,collector,post_monsoon
2.0,41.82701983470054,505,1,1,0,8.599942599800226,5.0,2.1830537406393415,2.382861817259711,2.600957701797736,0.020644972438556886,0,arterial,dry
3.0,44.49745696191615,516,15,0,0,11.906976471738817,1.0,3.3329272037364355,3.7028012484687913,4.113722337016957,0.024859663457005615,1,arterial,dry
2.0,84.37308668604909,447,7,0,0,7.191563799560367,1.0,2.1909549224253793,2.40014173605,2.629301175558672,0.021505723235906746,0,highway,post_monsoon
1.0,39.813529717273006,479,10,0,0,10.882461242514706,3.0,1.0797796773406019,1.165924151597774,1.2589412042158594,0.018071316152854358,0,collector,dry
3.0,412.47926868807923,504,10,0,1,15.742455038976079,4.0,4.043009644698425,5.0,5.0,0.0721021211956595,1,collector,monsoon
1.0,66.04485713274833,524,6,1,0,6.316244604696645,2.0,1.1213764449069774,1.2574851311922113,1.4101142059397058,0.027090392557770612,0,arterial,dry
4.0,366.6641028348713,489,1,1,2,9.56465294011053,1.0,4.5734619500377685,5.0,5.0,0.03175484846554099,1,arterial,monsoon
2.0,80.66072265501232,188,4,0,1,14.591312049924746,3.0,2.1949450165116358,2.408891812754632,2.64369253986073,0.02193949803343395,0,collector,post_monsoon
1.0,42.86184905030182,608,8,0,0,3.0,0.0,1.082789496081522,1.1724330928244766,1.2694982377687154,0.018732765574593885,0,highway,dry
3.0,365.8279863417956,475,7,0,0,21.277920181996684,3.0,3.6446035523009224,4.427711684481501,5.0,0.04646195188481038,1,arterial,monsoon
1.0,12.791762942957334,50,11,0,2,17.22628957015467,4.0,1.0850405865917627,1.1773130745513964,1.277432469013399,0.019226553154307848,0,highway,dry
2.0,207.0487549119522,182,6,1,1,4.308322098813399,1.0,2.124731416076041,2.2572417952302493,2.3980162780027965,0.014216356418949765,0,arterial,monsoon
4.0,32.02266587153168,405,14,0,1,3.0,3.0,4.268717065647747,4.555486346638079,4.8615205775548205,0.01528675773181262,0,collector,dry
1.0,30.748729837721015,755,2,0,0,12.148087936670308,4.0,1.056439708393389,1.1160648574703087,1.1790552325740422,0.012893460491326829,0,arterial,dry
4.0,43.68494862065874,621,9,0,0,6.398779020489423,3.0,4.394315504640676,4.827502188581359,5.0,0.02217979048428695,1,collector,dry
1.0,48.25604467494891,362,2,1,1,16.80746645099206,2.0,1.0705593594472902,1.146097342100192,1.2269652364230235,0.01603618613926933,0,collector,dry
2.0,103.576016039026,461,10,0,1,13.97001081065844,2.0,2.233186036866938,2.4935599376287305,2.784291617401637,0.026066429050069666,0,local,post_monsoon
4.0,79.07900505482058,720,3,2,2,12.616895081686353,0.0,4.6874076389327355,5.0,5.0,0.037696385875135276,1,collector,pre_monsoon
2.0,62.51104573986912,376,1,0,2,9.148718074881987,2.0,2.191271330375193,2.400835021662134,2.6304404759644697,0.021540142968585398,0,collector,dry
1.0,176.51433093554408,282,1,0,0,20.000038198946765,2.0,1.103673749378382,1.2180957450669352,1.344380298059878,0.023283959484783817,0,local,pre_monsoon
2.0,54.531018601326835,676,5,2,2,15.767260503608426,2.0,2.2209995245145584,2.4664194439469473,2.738958206129816,0.024757195129542293,0,arterial,dry
2.0,396.34899985092557,723,13,1,2,15.015829045103228,3.0,2.702331593252632,3.651298019945654,4.933508997839961,0.07275039560635811,1,collector,monsoon
4.0,54.12987091386556,379,9,0,1,18.000279823137213,2.0,4.347378574430186,4.724925117353659,5.0,0.01962171515303455,1,arterial,post_monsoon
2.0,125.74326142033827,597,8,1,0,6.9056956825356535,5.0,2.284155196477791,2.608682480798248,2.9793178222379466,0.0314835581087238,0,collector,pre_monsoon
4.0,60.69588282838371,491,6,0,0,18.423689345195452,5.0,4.2587116737469355,4.534156280027106,4.8274160700861035,0.014730990657489111,0,local,post_monsoon
4.0,328.73701980961346,381,2,1,0,10.676958518186813,1.0,4.657135862361242,5.0,5.0,0.03612880416958557,1,arterial,monsoon
3.0,25.660271258331314,733,3,0,0,13.673648483012249,3.0,3.1176290529041903,3.239870303837426,3.366904595628362,0.009014506031408846,0,highway,dry
5.0,316.2718360118415,367,4,2,2,11.217684951640333,1.0,5.0,5.0,5.0,0.04657555479827443,0,local,monsoon
2.0,333.7089306630915,651,4,0,2,3.0,2.0,2.5480953598096305,3.2463949813416857,4.136061994033011,0.05814047185774707,1,collector,monsoon
5.0,314.8302737540303,513,4,1,1,16.786741304861238,3.0,5.0,5.0,5.0,0.04350962421344265,0,arterial,monsoon
1.0,138.28715231392093,465,3,1,1,3.0,1.0,1.0861317446894276,1.1796821668221,1.281290250029492,0.01946562138086769,0,local,post_monsoon
3.0,104.42922843245555,388,7,0,1,7.167396999937125,2.0,3.2376365429502143,3.494096794748871,3.7708718224280524,0.017946442611005555,0,local,pre_monsoon
3.0,83.5291562346998,302,3,2,1,9.735876847859394,0.0,3.3435694512724607,3.72648555849414,4.153254424663,0.025622300343828015,1,arterial,post_monsoon
2.0,321.848428099877,450,11,0,1,3.0,2.0,2.4447811760357983,2.9884774993494903,3.6530867677080847,0.04797035954483624,1,highway,monsoon
3.0,160.75071499291815,397,11,0,0,6.496886885981461,2.0,3.4200025357842385,3.898805781590206,4.444641886522918,0.031045601313642986,1,highway,pre_monsoon
4.0,288.4110587123046,518,9,1,1,13.224100453920157,1.0,5.0,5.0,5.0,0.05526634655728148,1,collector,monsoon
1.0,53.00729693560897,260,8,2,0,10.266744042322316,1.0,1.0872813001487833,1.1821806256532286,1.2853628876709444,0.01971728513135241,0,local,dry
2.0,87.27524068118606,469,1,0,0,10.679235631374247,3.0,2.1550958655275,2.322219094806862,2.5023023850336408,0.017579946085680226,0,collector,post_monsoon
4.0,222.62150227978617,581,16,2,1,7.4249677450570495,1.0,5.0,5.0,5.0,0.07631508974352054,1,collector,monsoon
3.0,44.96613836485735,365,5,0,1,12.230906618789447,3.0,3.2538306197633045,3.5291379007030823,3.8277389875582926,0.0191322079866,0,collector,dry
5.0,17.954314529893665,648,10,2,1,10.373759874017004,2.0,5.0,5.0,5.0,0.023350476884273788,0,arterial,dry
4.0,249.6839642466083,669,10,1,1,3.7951729949081656,2.0,4.970236517484498,5.0,5.0,0.05197959275664235,1,local,monsoon
5.0,43.727098269956386,258,2,0,0,10.99540665214536,1.0,5.0,5.0,5.0,0.012170846267158478,0,arterial,dry
4.0,46.87826288177659,348,4,2,2,5.7904408654092965,2.0,4.494501672206886,5.0,5.0,0.027570661690916643,1,collector,dry
2.0,97.1352461092134,231,8,0,1,16.488485559712824,0.0,2.143844829968625,2.298035327491601,2.4633155779640625,0.016337887245022175,0,local,pre_monsoon
1.0,20.968031312066636,584,1,1,2,10.042466326506979,1.0,1.0671954879074632,1.1389062094100486,1.2154355678321964,0.015290358676816938,0,arterial,dry
4.0,122.96472135049295,525,6,2,2,24.607622153653928,0.0,4.653964030548064,5.0,5.0,0.035964103566204775,1,collector,pre_monsoon
3.0,69.51049166637242,179,1,2,0,16.83451268260726,0.0,3.2471650834552146,3.514693693070236,3.8042635463926433,0.01864469208774798,0,collector,dry
1.0,27.71128730906997,369,7,1,2,11.348654123564156,1.0,1.0768204460672663,1.1595422730685063,1.248618827719481,0.01741960448738765,0,arterial,dry
2.0,346.90479496874656,561,12,0,2,14.897394166119593,2.0,2.584949487637525,3.340981926818751,4.3181347599681805,0.06169184601197655,1,local,monsoon
5.0,341.25856289113165,522,6,1,0,3.0,0.0,5.0,5.0,5.0,0.04101893824311481,0,collector,monsoon
3.0,40.68199789349791,742,1,1,0,16.811897034548778,3.0,3.2261472900825097,3.469342112435574,3.730869551467719,0.017102414285309474,0,collector,dry
3.0,29.802280980198233,269,4,2,2,7.898547514212539,2.0,3.3320177661581782,3.7007807979979117,4.11035578919536,0.024794405468307624,1,arterial,dry
3.0,362.75026652552964,498,9,0,0,12.448665185221769,3.0,3.527265644254056,4.147200975044996,4.876093173031046,0.03850186271059132,1,arterial,monsoon
2.0,42.92485438149244,299,7,0,2,8.361887435749942,0.0,2.11641961054265,2.2396159839447507,2.369983594252721,0.013289204287884606,0,arterial,dry
2.0,27.113440297145374,522,8,0,0,8.893408123783189,2.0,2.171613511810289,2.3579526223385088,2.5602808874394047,0.019394436943659485,0,arterial,dry
2.0,30.11795760442336,463,6,0,1,11.094339550102873,1.0,2.1495384448418795,2.3102577629266228,2.4829939394525864,0.016967057192098636,0,collector,dry
1.0,84.5071193247559,554,3,0,1,12.38416387503309,3.0,1.080895042704864,1.1683340933439499,1.2628465297185574,0.018316597823744864,0,collector,post_monsoon
4.0,380.57515807347164,418,7,0,2,11.865420596053537,1.0,4.91416320621798,5.0,5.0,0.0491982794590945,1,arterial,monsoon
3.0,229.1255894564866,652,7,1,1,11.990076879309859,2.0,3.587004918278016,4.288868094583559,5.0,0.04257946677173091,1,arterial,monsoon
4.0,336.4423304389582,357,11,0,0,3.8715864625927843,3.0,5.0,5.0,5.0,0.05382704284071948,1,collector,monsoon
4.0,304.044548355654,296,5,1,1,23.660248021320545,4.0,4.9491758475893795,5.0,5.0,0.05093778916768782,1,local,monsoon
2.0,20.763001425078343,545,7,2,0,13.159901645340051,1.0,2.180439903213387,2.377159085762602,2.5916262634415164,0.02035969655639998,0,collector,pre_monsoon
3.0,401.81643771198196,870,6,0,1,14.18783672818566,0.0,3.5532113459877097,4.2084369564185975,4.9844886474735155,0.04027928367421201,1,arterial,monsoon
3.0,28.669887704091614,195,16,0,1,10.300044446024696,2.0,3.2818705236195047,3.590224711267519,3.9275508843597393,0.02117469422314712,0,local,dry
4.0,356.696093692981,271,3,0,0,7.629226527211892,2.0,4.462152331429337,4.977700857220068,5.0,0.02584015193136679,1,highway,monsoon
2.0,322.2538010828667,546,5,1,1,12.755178654850873,1.0,2.2994767058731105,2.643796560426526,3.039674302884124,0.03309383774644753,1,collector,monsoon
3.0,310.87886566203815,725,3,1,0,13.446384553205137,0.0,3.3886296906957094,3.8276037268881655,4.323443877716929,0.02883090132123551,1,collector,monsoon
3.0,177.74515086239597,561,12,0,2,18.509044387273665,5.0,3.358808342133194,3.7605311597278455,4.210301143381901,0.026711104729607422,1,collector,pre_monsoon
2.0,65.25990006278606,378,12,1,0,22.38808841757399,3.0,2.2971364136974373,2.638417851567362,3.030402860692374,0.032848408041305906,1,highway,dry
1.0,397.3479101262467,584,6,0,1,19.385112019951077,0.0,1.308934379392763,1.7133092095563176,2.242609326918504,0.0648313710459231,1,collector,monsoon
3.0,359.38439392939836,603,11,2,2,3.1673553829002046,5.0,4.254135924743872,5.0,5.0,0.08491161403774936,1,highway,monsoon
4.0,45.29238729216266,363,8,0,2,9.697909295951035,3.0,4.199326774336934,4.40858633941576,4.628273663021164,0.011411588234651868,0,arterial,post_monsoon
2.0,15.81726474011985,664,9,2,1,13.679085599771838,1.0,2.324994326685008,2.7027993095587366,3.14199653044611,0.03575755648411183,1,collector,dry
3.0,209.1133932566878,493,3,0,0,9.99857173793783,1.0,3.3034508462981655,3.637595831302689,4.005539675802516,0.02273755921447296,1,local,monsoon
2.0,288.6940005620557,150,7,0,1,11.78086591627132,2.0,2.2227808199754344,2.470377286825333,2.7455536256291513,0.02494890822484481,0,local,monsoon
4.0,24.49359212900965,473,14,1,2,3.0,4.0,4.442659791618793,4.934306506016583,5.0,0.024792760459263187,1,local,post_monsoon
2.0,344.72500789228764,386,12,0,0,16.571065004916523,1.0,2.281803548184124,2.603313716252829,2.9701252373910516,0.031235669068734914,0,local,monsoon
4.0,253.21615392876936,760,10,0,0,3.0,0.0,4.779008999334318,5.0,5.0,0.04239303283588626,1,local,monsoon
2.0,345.98383680447915,234,10,1,1,4.137552379263335,0.0,2.3274759068658906,2.7085720485205997,3.1520680924710427,0.03601540444053354,1,collector,monsoon
2.0,308.81381505070675,403,16,0,1,6.926646078541771,3.0,2.4339247645385,2.961994879716896,3.604636345089594,0.04688265066914568,1,collector,monsoon
1.0,99.23643277007258,551,10,0,0,11.512330231156003,1.0,1.1576616257149945,1.340180439653084,1.5514754665202255,0.03475066794311199,0,collector,post_monsoon
1.0,47.596367454210196,983,4,0,1,3.8863732241057036,4.0,1.0982873416668313,1.206235084865595,1.324792724782299,0.022116490010307712,0,collector,dry
3.0,48.449378436567955,890,11,2,0,6.698038829675848,1.0,3.283054404572569,3.5928154077944487,3.9318028164585854,0.021260635810975818,0,collector,dry
2.0,76.4208416591117,490,6,0,0,17.744725211547724,3.0,2.1357499483545,2.280713920948124,2.4355173194381723,0.015441157440599365,0,collector,post_monsoon
4.0,488.0823793780987,569,8,1,2,11.438198234872878,2.0,5.0,5.0,5.0,0.05732520571220072,1,arterial,monsoon
1.0,290.76996901825135,620,7,0,1,14.167734893490309,1.0,1.222888560969817,1.4954564325508297,1.8287765647951404,0.04806995825921735,0,arterial,monsoon
2.0,75.6668367674005,297,4,0,0,5.818786078751277,0.0,2.197744064560264,2.4150394866549347,2.653819348737275,0.022243430074743494,0,highway,pre_monsoon
2.0,34.90904776950073,502,8,0,2,11.730819877213852,1.0,2.2667683168018815,2.5691193010284175,2.911799116827706,0.02964614750644937,0,arterial,dry
1.0,243.9633986976362,771,10,0,0,11.320666968443158,0.0,1.16466442299476,1.356443218189717,1.5798011580380822,0.03620779619737968,0,arterial,monsoon
1.0,369.56873696243093,528,9,0,0,8.023647645468053,3.0,1.2888580180021056,1.661154990568316,2.1409929287381866,0.060997884849759265,1,collector,monsoon
3.0,52.830268105016295,889,8,0,2,11.744614479410707,1.0,3.250464031604278,3.5218388069177124,3.8158701223313822,0.01888607224552143,0,arterial,dry
3.0,61.71519985706678,410,6,0,0,3.0,1.0,3.222031903555827,3.4604965291771954,3.7166100730510436,0.016799527458417205,0,collector,dry
3.0,92.49481688697495,482,1,0,2,14.193043721680658,1.0,3.2050438042650966,3.4241019290860275,3.658132224329779,0.015546078426007212,0,arterial,post_monsoon
3.0,40.58979035166748,483,6,1,1,10.002536412234285,0.0,3.2402449173610846,3.4997290414947804,3.7799930796148136,0.01813774018925005,0,arterial,dry
3.0,40.44562221391982,239,9,1,1,10.713903040882611,2.0,3.3431471971047744,3.725544393836503,4.1516810993146365,0.025592076558061536,1,local,post_monsoon
1.0,56.0523780161881,721,1,0,1,16.258829010583916,2.0,1.0605794921595035,1.1248288591893105,1.1929704202453526,0.013818205799138525,0,local,dry
3.0,370.1200061218901,433,6,1,1,14.160167387290047,2.0,3.7882377329042622,4.7835817069998745,5.0,0.05594279981147425,1,arterial,monsoon
5.0,80.07659093601686,551,6,2,2,10.40830405469444,0.0,5.0,5.0,5.0,0.0511489291594243,0,local,post_monsoon
3.0,350.006769777252,380,3,2,0,6.417069854439833,4.0,3.6070677789481955,4.33697932064209,5.0,0.0439372103119052,1,collector,monsoon
3.0,132.1322446221425,845,10,1,2,18.643307023937954,4.0,3.556455915218258,4.216126225630312,4.9981556848165845,0.040500853581907297,1,local,pre_monsoon
2.0,373.0665462429043,746,10,0,2,5.299389990361572,2.0,2.504281068747834,3.135711835644397,3.9263518935263915,0.05386678620566109,1,collector,monsoon
4.0,20.915424801070262,511,14,0,1,15.146834513005757,2.0,4.501697719949066,5.0,5.0,0.027954311153118146,1,arterial,dry
4.0,52.88759141010981,255,6,0,0,4.0130302789681735,3.0,4.188553384009321,4.385994862673983,4.592743406075152,0.010805543092547288,0,local,dry
3.0,42.278782909262596,648,12,1,0,16.589366515725626,2.0,3.333062380187059,3.703101610072742,4.114222888847862,0.024869362070325834,1,collector,post_monsoon
5.0,280.0972449198133,716,3,0,0,17.053004264417844,1.0,5.0,5.0,5.0,0.018524889820068027,0,arterial,monsoon
1.0,268.65544520290956,314,5,0,0,3.0,0.0,1.090869521845686,1.1899963136918357,1.298130709715142,0.020501518328226918,0,collector,monsoon
1.0,163.18793782290408,471,9,2,0,14.246675263439673,4.0,1.1833447779859603,1.4003048635866413,1.6570434479135945,0.04006217685701218,0,local,pre_monsoon
4.0,32.565584892839084,515,4,2,1,13.832518238749273,1.0,4.491425352651772,5.0,5.0,0.02740650735393535,1,collector,dry
4.0,51.90144489553718,717,6,2,1,15.51524652343013,2.0,4.518568480014694,5.0,5.0,0.0288519175471516,1,arterial,dry
1.0,347.72924576358065,469,10,0,2,13.826201375091593,2.0,1.2420641905885306,1.5427234535423415,1.9161615576260111,0.05188180491860952,0,local,monsoon
2.0,313.44841432996685,692,6,2,1,7.188421536048888,2.0,2.5324123463750325,3.2065561460363488,4.060161186783596,0.0566172571987234,1,local,monsoon
1.0,388.0783819892634,345,3,1,0,10.913835162650646,2.0,1.1194294002457457,1.2531221821345497,1.4027818127815193,0.02667400360938753,0,collector,monsoon
2.0,30.811572865771936,288,4,1,0,20.323232682169845,2.0,2.1548790441112624,2.3217518473749337,2.5015472007674275,0.01755605710287205,0,collector,post_monsoon
4.0,25.57766201407803,866,5,0,1,6.460932620252134,3.0,4.3712373808347085,4.776929059901671,5.0,0.020924658236000922,1,collector,dry
3.0,119.86554610869626,237,9,2,1,13.614289791755862,2.0,3.484330764350596,4.046853625133338,4.700192194958608,0.035538447856293114,1,arterial,pre_monsoon
2.0,45.385416586089704,349,5,0,1,17.75626936977525,1.0,2.143765615921483,2.297865508003607,2.4630425330350416,0.016329124707178747,0,local,dry
2.0,132.83513581608133,656,1,0,0,7.046235955696775,4.0,2.226513648007488,2.478681512381806,2.7594091081909657,0.02535027456967629,0,local,pre_monsoon
1.0,57.175022177829774,393,10,0,2,4.9160667644209335,4.0,1.1081883907621424,1.2280815094199868,1.3609456716488781,0.02425911887362456,0,collector,dry
2.0,68.023750661571,388,9,1,0,5.669488331744377,1.0,2.167352135246624,2.3487076390790502,2.545238258314018,0.01892733318534732,0,arterial,post_monsoon
3.0,37.98922845704484,460,2,1,0,13.974856807881999,1.0,3.1910128415000516,3.3941876515394114,3.610298794174388,0.014506972068239808,0,arterial,dry
5.0,83.22506895034459,68,2,2,1,5.626981135041529,3.0,5.0,5.0,5.0,0.020440498109857284,0,collector,post_monsoon
4.0,195.81031254985817,724,12,0,1,11.323199796839617,5.0,4.624558672926535,5.0,5.0,0.03443308851250167,1,arterial,pre_monsoon
1.0,96.3220092868072,535,6,0,1,18.8563569815161,3.0,1.141714726194908,1.3035125160103138,1.4882394353083512,0.03140707775370875,0,collector,post_monsoon
4.0,294.73218591193495,337,10,1,0,11.743459377956844,2.0,5.0,5.0,5.0,0.05495142973996519,1,collector,monsoon
4.0,128.32407938671335,156,4,0,0,8.110936059195982,2.0,4.269868749082851,4.557944783598587,4.865456497883201,0.015350665896597337,0,arterial,post_monsoon
4.0,57.73714849674528,226,9,0,0,12.627048363566928,4.0,4.281729063857717,4.583300944070971,4.906113215158798,0.01600804003745396,0,collector,dry
3.0,401.1655418368858,181,3,0,1,11.656635729658372,1.0,3.289512033863325,3.6069631403105418,3.955049551917658,0.021728997329686847,0,collector,monsoon
2.0,74.92727553541847,545,8,1,1,14.263288194016212,1.0,2.268237971096389,2.572451746761732,2.917466365409097,0.02980187486946423,0,collector,post_monsoon
2.0,47.95568037756682,547,8,1,1,20.09572276909426,2.0,2.1220344050390123,2.251515008084638,2.388896155308646,0.013915819724082325,0,arterial,dry
1.0,47.83719734641191,622,1,0,2,13.983844294184879,4.0,1.0475198391995562,1.0972978135166638,1.1494412291690002,0.010891457597403627,0,arterial,dry
2.0,137.60554616354602,646,7,0,0,22.16891255882952,0.0,2.2260291650686534,2.477602921868123,2.7576081817688767,0.025298210466460472,0,local,pre_monsoon
2.0,94.78300401434609,625,4,0,1,14.276509517387712,2.0,2.2338962388409986,2.4951462029539804,2.786948859068648,0.026142559132106214,0,local,post_monsoon
3.0,428.6313487052596,807,11,1,0,8.16334353645978,2.0,3.9229233639285166,5.0,5.0,0.06458579302228748,1,local,monsoon
4.0,392.89664641129815,739,7,1,1,23.441514971143004,3.0,4.9165830516417675,5.0,5.0,0.049318808150558474,1,arterial,monsoon
3.0,38.47630616915747,691,6,2,1,11.375909913273915,3.0,3.326813944375028,3.6892303401627107,4.091127646554913,0.0244207349791619,1,arterial,dry
1.0,26.74890759496948,547,13,2,1,6.725538840544975,2.0,1.1555486673370805,1.3352927225845026,1.5429957260874239,0.03430968084495897,0,collector,dry
5.0,95.25610644473798,644,1,2,0,23.618643318149672,0.0,5.0,5.0,5.0,0.013598452395347441,0,local,post_monsoon
5.0,28.85830043900114,417,14,0,0,8.334415569097603,3.0,5.0,5.0,5.0,0.013720995982382531,0,local,dry
4.0,253.08696632174485,455,14,1,2,8.138052839820523,4.0,4.671465973477313,5.0,5.0,0.03687183964016015,1,local,monsoon
5.0,111.51073498058146,844,5,1,2,9.242647459777956,4.0,5.0,5.0,5.0,0.030674936157724635,0,arterial,post_monsoon
3.0,30.019033535228882,388,10,1,0,12.823132066611025,4.0,3.1739942812782567,3.358079899195692,3.5528421320408636,0.013241898290579883,0,local,dry
5.0,292.3764600406007,373,8,2,1,16.654306987244436,0.0,5.0,5.0,5.0,0.030423799350621006,0,local,monsoon
1.0,52.09617643392639,427,1,0,0,3.0,2.0,1.055871536019558,1.1148647005763008,1.1771539038514833,0.012766325381088064,0,arterial,dry
2.0,336.4168748699423,390,6,0,1,16.632502426557508,1.0,2.398254608567248,2.875812583757022,3.4484653911854815,0.043282449260782424,1,collector,monsoon
2.0,58.784199182738384,407,1,0,1,9.227326988351845,3.0,2.047038412860039,2.0951831318622745,2.144460176449238,0.005439012669965292,0,collector,dry
2.0,384.157022383711,548,1,0,0,9.935527784199333,5.0,2.298613169951564,2.641811252537389,3.0362510688043396,0.03300329983363268,1,arterial,monsoon
1.0,14.08658443545496,555,5,1,1,20.575959054606585,0.0,1.0874291567190142,1.1825021708826262,1.2858873385012979,0.019749639478240665,0,collector,dry
3.0,133.96152230457528,682,5,0,1,13.066540799344999,1.0,3.2874405463723133,3.602421781977564,3.9475824770692816,0.021578832508753264,0,local,pre_monsoon
4.0,333.57753603460617,937,11,1,0,14.238506739325508,2.0,5.0,5.0,5.0,0.055404271851457194,1,local,monsoon
3.0,47.964802440430034,426,3,0,1,11.757199425902185,3.0,3.174605645451287,3.3593736680437285,3.5548955372506725,0.013287433957922815,0,highway,dry
1.0,340.1096339921071,486,5,2,0,15.818212919411678,1.0,1.2502369256607146,1.563092370285555,1.9542357995495319,0.053492726988129694,0,collector,monsoon
4.0,44.98088681423633,132,12,2,2,20.09005286477439,3.0,4.3308712870150945,4.689111526172946,5.0,0.018717030541003984,1,collector,dry
3.0,228.35231863287777,241,6,1,0,3.0,2.0,3.4378703904832975,3.93965094058726,4.514669772494871,0.032299991558160684,1,local,monsoon
2.0,7.669559934131236,470,4,0,0,17.423089953681213,3.0,2.1230637530290983,2.253699849713,2.3923742305663986,0.01403055784807848,0,collector,dry
3.0,334.09568750528695,592,10,0,0,19.735165319376765,2.0,3.379050162266471,3.805993333037688,4.286880796528703,0.028151522561409643,1,arterial,monsoon
2.0,42.53001640028937,598,9,1,2,14.505316239502962,2.0,2.231624725093443,2.4900744568241926,2.7784558625862465,0.025898998995125915,0,local,dry
2.0,131.57464459296668,623,7,2,1,8.613187886475755,5.0,2.231489312111786,2.4897722750345657,2.7779501106659397,0.025884473510539425,0,arterial,pre_monsoon
5.0,37.948316994113945,751,10,1,1,6.238637760499113,1.0,5.0,5.0,5.0,0.024947046111562354,0,arterial,dry
2.0,407.27230765326544,841,2,2,0,23.80922843456631,2.0,2.3949926594339566,2.867994919371268,3.434413389594034,0.04295117542186483,1,arterial,monsoon
3.0,37.30106270601904,451,4,1,0,7.475081566885678,1.0,3.1935262026817544,3.3995365357383154,3.6188363346180896,0.014693363990864999,0,highway,dry
4.0,119.99260502620257,339,14,1,1,19.58820785528126,3.0,4.431174771549252,4.908827464003642,5.0,0.024173986034163857,1,arterial,post_monsoon
4.0,61.25560312420473,630,1,1,0,13.952556622378857,1.0,4.343971445209779,4.717521979199485,5.0,0.019435202834859663,1,collector,post_monsoon
1.0,42.53970585780786,686,4,1,2,22.229154030074106,3.0,1.1048465868068256,1.2206859803786925,1.3486707389843422,0.0235375851610143,0,highway,dry
1.0,404.25897691969715,527,2,1,1,10.408699178450671,4.0,1.1549193534472624,1.3338387129670426,1.5404761439828254,0.03417821978312216,0,collector,monsoon
1.0,51.7514677996582,464,7,0,0,3.962095381915562,5.0,1.0536135729497957,1.1101015611040348,1.1696180721319682,0.012260561156164126,0,arterial,dry
3.0,126.48916233744949,399,9,2,0,12.010854235979712,3.0,3.2693421115131107,3.5628659473710025,3.882742559805359,0.020263758126850384,0,collector,pre_monsoon
3.0,217.09439916904768,491,11,2,0,4.567761810497916,2.0,3.590616928763737,4.2975099763749105,5.0,0.04282433667510268,1,arterial,monsoon
1.0,360.6582261154933,638,5,1,0,25.385302656037986,1.0,1.1607381186958725,1.3473129801936334,1.5638775339244877,0.03539164847277492,0,arterial,monsoon
5.0,319.5395561789298,366,3,1,0,15.147491120404379,1.0,5.0,5.0,5.0,0.03185641750529031,0,local,monsoon
3.0,35.35635589630374,339,1,0,0,15.890652246772287,2.0,3.167827403140497,3.345043485362622,3.5321734725427714,0.012782200029061294,0,arterial,dry
2.0,56.819813958505996,619,7,2,2,15.893851415130273,2.0,2.2973575047160306,2.6389257522375327,3.031277940645646,0.032871602362216215,1,local,pre_monsoon
3.0,22.26313079132,330,15,2,0,8.532051596883367,3.0,3.2717052602069296,3.5680184365552305,3.8911682291310177,0.020435786319028468,0,collector,dry
3.0,283.9502216542451,530,4,1,2,11.339847537414725,1.0,3.642629755468822,4.4229171784756165,5.0,0.04632968760834531,1,arterial,monsoon
1.0,366.78177093076965,519,6,0,1,12.551823156798857,1.0,1.2197899064853392,1.4878874159635125,1.814910051978846,0.04744969566264613,0,collector,monsoon
2.0,316.39073003569234,500,7,1,2,21.719442317097283,2.0,2.2675093328296927,2.570799287234879,2.9146556883185046,0.02972467664552927,0,arterial,monsoon
4.0,57.20468951171431,371,5,0,1,6.2145410070883385,0.0,4.188847818868227,4.386611512409276,4.593712016494463,0.010822122074880064,0,collector,dry
3.0,48.884759531911925,846,12,1,0,8.357080551226002,1.0,3.3479241145188565,3.736198625525623,4.169503158343147,0.025933824520590003,1,collector,dry
3.0,22.865762369103358,579,11,2,2,10.185344468869923,2.0,3.530592414933741,4.155027600129223,4.889902976285526,0.03873032356895781,1,arterial,dry
3.0,67.65080746107787,397,10,0,0,8.631766704446793,2.0,3.181883803619253,3.3747948465781747,3.5794016876216057,0.013829010469372748,0,local,dry
1.0,26.085472736687343,566,10,0,0,4.705367727412246,4.0,1.0954768778746444,1.2000695899579787,1.3146484876394715,0.02150559631460039,0,arterial,dry
2.0,72.82706060155812,866,4,0,2,3.0,1.0,2.27341042837405,2.5841974879199414,2.9374707590076095,0.03034934378443378,0,collector,post_monsoon
3.0,87.79072059311825,517,2,0,0,3.0,4.0,3.212789607538334,3.440672354102108,3.6847187940679023,0.01611822454637509,0,local,post_monsoon
2.0,368.2913562908048,806,4,0,1,17.49514966290745,1.0,2.3659962157193304,2.7989690463990957,3.311175085847901,0.03999107351965858,1,collector,monsoon
1.0,96.89319050669573,270,8,1,2,11.958905495103897,2.0,1.0923378392915408,1.1932019551481121,1.3033796455249307,0.020821860140756782,0,local,pre_monsoon
4.0,33.99567278006366,329,5,2,1,16.177694581270348,3.0,4.215655126508501,4.442937036414353,4.682472573578664,0.012327853174746748,0,collector,dry
5.0,86.68478251993515,71,9,2,1,9.08743202045819,4.0,5.0,5.0,5.0,0.018960108603341824,0,highway,post_monsoon
4.0,78.01798852909204,895,7,0,1,11.508321698704533,0.0,4.541666101177431,5.0,5.0,0.03007666563300899,1,arterial,dry
4.0,98.86164572337798,159,1,1,1,20.065787504794418,4.0,4.220547441408654,4.453255176295285,4.698793685063228,0.012601855461477074,0,highway,post_monsoon
2.0,127.29309174985244,534,11,2,2,19.763613028287082,3.0,2.480496328965384,3.0764310190053727,3.815537924479031,0.05152274632431921,1,collector,pre_monsoon
5.0,29.296652635918697,847,4,1,1,16.70986066296137,5.0,5.0,5.0,5.0,0.012191633586135798,0,local,dry
2.0,56.78041575041459,694,10,2,1,13.012088936452095,2.0,2.283016546082687,2.6060822748436605,2.974864476960443,0.03136355654813797,0,highway,post_monsoon
5.0,42.97034200867106,575,3,2,1,14.589847137746203,3.0,5.0,5.0,5.0,0.02220790089669616,0,collector,dry
5.0,289.6731674207884,756,3,0,1,13.853191493226962,2.0,5.0,5.0,5.0,0.013105869668546552,0,local,monsoon
4.0,289.35896370826094,366,3,2,2,11.16536603172941,2.0,4.521893719862948,5.0,5.0,0.029028533239022013,1,collector,monsoon
5.0,66.4530625366353,603,1,1,0,9.97815095279801,1.0,5.0,5.0,5.0,0.022572737275193554,0,collector,dry
3.0,112.66800493387468,477,1,0,0,17.61183972650563,2.0,3.2680512549300613,3.56005300161665,3.878145226516942,0.02016974843846897,0,collector,pre_monsoon
2.0,314.6857359638726,473,8,1,1,5.521862255519323,0.0,2.2847518962025375,2.610045613600545,2.9816533324244805,0.03154642555773154,0,arterial,monsoon
3.0,361.0828912429935,538,3,1,0,19.43679138624321,1.0,3.6760741856323107,4.504507139424085,5.0,0.04856341995404145,1,collector,monsoon
3.0,44.42047541238442,735,8,1,2,10.622785966260928,2.0,3.3226512703468405,3.6800038214458244,4.0757897907360645,0.02412150338461717,1,highway,dry
1.0,28.74652393611617,813,7,2,2,5.429732476511587,0.0,1.0929347787008163,1.1945064304938027,1.3055176212684463,0.020951999619350226,0,local,post_monsoon
3.0,32.11835512848715,446,10,2,0,9.27247571151694,3.0,3.3513173855781053,3.7437760729593546,4.18219394700667,0.02617635728380404,1,local,dry
5.0,18.10714938916561,282,2,2,0,7.627960564543631,0.0,5.0,5.0,5.0,0.021265736663573436,0,collector,dry
2.0,41.46692174229512,336,11,0,1,9.12162823948075,2.0,2.1520134798561097,2.3155810087412014,2.491580772254937,0.017240161279010142,0,collector,dry
4.0,46.44654432857466,889,3,2,0,9.030232406564174,4.0,4.281787703609115,4.583426484694557,4.906314790640377,0.01601128675559476,0,arterial,dry
5.0,67.90714529788443,796,1,1,2,8.831526143123885,2.0,5.0,5.0,5.0,0.020518381991982523,0,arterial,dry
5.0,36.60922810362453,281,7,2,0,10.460214659300824,0.0,5.0,5.0,5.0,0.02489142682708922,0,arterial,post_monsoon
5.0,33.254738150540206,832,3,1,2,11.676133339694637,0.0,5.0,5.0,5.0,0.015152355388632868,0,local,dry
3.0,19.604813684708652,357,12,2,1,15.819298175904837,2.0,3.2570692238720262,3.536166643031441,3.8391798478335213,0.01936880246125127,0,local,dry
5.0,21.680694915017824,632,8,0,1,10.775236840064501,2.0,5.0,5.0,5.0,0.016173218602939337,0,arterial,dry
4.0,321.93588864627515,357,6,2,0,13.630104033137972,1.0,4.753035490432946,5.0,5.0,0.04106836246195028,1,arterial,monsoon
2.0,69.9944261900108,932,7,0,2,12.037656560242688,0.0,2.22761407539054,2.481132234439025,2.7635025441707763,0.025468497794128298,0,collector,post_monsoon
3.0,44.31715745389555,385,5,2,0,14.702903852464797,5.0,3.202103132762848,3.417821490949883,3.6480723011316036,0.01532858718815929,0,arterial,dry
4.0,31.25550671107161,290,13,2,0,12.2333766982793,3.0,4.330790380547163,4.688936330059962,5.0,0.018712589943329465,1,collector,dry
2.0,25.602105922701035,408,4,0,0,8.76589112341515,0.0,2.1263906489535542,2.260768595978559,2.4036386009683324,0.01440110483975254,0,arterial,dry
3.0,27.158382394091177,1025,8,2,1,7.409001736797069,2.0,3.5219506316386755,4.1347120839000215,4.854083945178582,0.038136519362678235,1,collector,dry
3.0,30.86050908240432,552,3,2,0,13.051147992521074,2.0,3.18426088865378,3.3798391356700526,3.5874298565518483,0.01400568647286727,0,highway,dry
2.0,100.30269109959235,294,7,2,1,18.366892449503194,0.0,2.1876680312394665,2.3929457074535816,2.617485412343955,0.021147940502940967,0,collector,pre_monsoon
3.0,39.55084829413376,342,2,0,2,10.854376864951327,2.0,3.1884547359364976,3.388747867705294,3.6016230625598844,0.014317146270332365,0,local,dry
4.0,228.89505807027905,150,7,1,1,8.495681730858987,4.0,4.434798218473538,4.916858809644016,5.0,0.024369337854121365,1,collector,monsoon
3.0,74.65688912095558,608,7,0,0,10.719146623642153,6.0,3.424994207067907,3.9101951061495734,4.464131862355856,0.03139654009548598,1,collector,dry
1.0,59.0225444357238,249,9,0,0,9.193027445487555,2.0,1.0956057647313076,1.2003519917124732,1.3151125618268922,0.021533637951807284,0,local,post_monsoon
1.0,93.8999262892861,721,8,1,0,8.665097404440429,1.0,1.0795931149637443,1.1655212938771202,1.2582887642133738,0.018030269980006296,0,collector,post_monsoon
2.0,332.08367352291685,658,7,0,2,4.782027092498742,3.0,2.2807879771280084,2.6009968983058367,2.9661612271015967,0.031128556389099442,0,arterial,monsoon
5.0,145.914820324673,479,15,2,0,10.777958568690558,3.0,5.0,5.0,5.0,0.034728433127588644,0,arterial,pre_monsoon
2.0,137.92418801690283,747,6,1,0,13.178885769216937,2.0,2.2629730212956325,2.5605234475559415,2.897197741106989,0.02924363241101494,0,local,pre_monsoon
3.0,88.50977652729615,685,7,0,2,6.590479214009741,0.0,3.510317760254811,4.10744359265345,4.806144064178744,0.03733542160684355,1,collector,pre_monsoon
2.0,324.2772356329677,531,6,0,1,7.60830124866073,3.0,2.477751163130315,3.069625413196815,3.8028839689613916,0.05125109628164082,1,collector,monsoon
2.0,124.7069622359554,346,7,0,1,7.259690027558935,1.0,2.172792373362492,2.3605133488711045,2.5644527008237454,0.01952353180607451,0,arterial,pre_monsoon
4.0,104.7761761731863,582,5,0,2,5.066610164768991,0.0,4.631345712254879,5.0,5.0,0.03478712259795913,1,arterial,post_monsoon
4.0,109.04752824891264,581,5,1,1,7.222039481803665,1.0,4.408954416663669,4.85971976205452,5.0,0.022973328569607897,1,local,post_monsoon
1.0,37.77018057052986,598,10,2,0,11.010717855870206,2.0,1.16716858360799,1.3622825025614815,1.5900133389886324,0.036727226602135565,0,local,dry
3.0,182.5224315869561,515,6,1,1,5.289710969775807,3.0,3.5463263102535536,4.192143432932194,4.955569517521364,0.039808593937575444,1,collector,monsoon
1.0,24.23915207208519,565,11,1,0,11.31228766267582,4.0,1.0835778942345764,1.1741410528738387,1.2722732896074025,0.01890579399470983,0,arterial,dry
3.0,44.39704159335834,560,1,0,1,8.482666037697925,2.0,3.159532159349139,3.327547821987145,3.5044981184468558,0.012162763398421178,0,highway,dry
3.0,78.11312609291427,772,13,1,2,7.355089705898525,1.0,3.5418151590731846,4.181484873680201,4.9366821710119195,0.03949981280559238,1,collector,pre_monsoon
1.0,37.558124773756475,245,10,1,2,13.886044081865663,5.0,1.0969321950265596,1.2032602404857862,1.3198948967842594,0.021822079703359535,0,local,dry
2.0,130.72724649872663,299,6,1,1,8.799371973430489,1.0,2.2096962844552754,2.4413788347677254,2.697352870066996,0.023537921383127318,0,arterial,post_monsoon
2.0,41.24501578079273,515,6,1,1,9.64993066966175,3.0,2.131786570051218,2.272256990125369,2.4219834676271326,0.015001154235780283,0,collector,dry
5.0,166.35679337654457,348,9,0,0,18.490034050001086,2.0,5.0,5.0,5.0,0.030190475317230275,0,local,pre_monsoon
5.0,410.498644924853,542,2,0,1,7.399721831290144,2.0,5.0,5.0,5.0,0.04430192965426916,0,collector,monsoon
1.0,259.9837686333927,277,7,0,0,19.82937273796182,4.0,1.0980955044801406,1.2058137369594946,1.3240986437956197,0.022074829644429982,0,local,monsoon
4.0,121.97793325736701,308,7,2,1,10.261044354736697,1.0,4.54145731101443,5.0,5.0,0.030065615975443126,1,local,pre_monsoon
2.0,56.55193768492289,912,1,0,1,6.319326835640175,1.0,2.159750501986399,2.332261115415251,2.5185510573907233,0.01809234150539725,0,arterial,post_monsoon
2.0,378.315820606438,454,8,2,1,9.230258294689916,2.0,2.5463113593963036,3.241850769495326,4.127380719916799,0.05796756350455318,1,local,monsoon
4.0,123.02026509296802,265,1,0,0,12.343874533111855,1.0,4.212089079017233,4.435423602394062,4.670599829114826,0.012127977062936645,0,arterial,pre_monsoon
5.0,47.830683043670625,477,11,0,0,18.272519299203566,1.0,5.0,5.0,5.0,0.01787971534853646,0,local,dry
5.0,128.69009436414422,707,12,1,0,15.994124042816402,4.0,5.0,5.0,5.0,0.040961685189810526,0,highway,pre_monsoon
3.0,75.42582398583747,741,13,0,0,12.31953424917854,0.0,3.4288048312006043,3.9189008568215353,4.479048730288623,0.03166418167582054,1,highway,post_monsoon
2.0,315.6218340871233,207,5,2,0,18.299779907445618,4.0,2.5450664784727164,3.2386816899227573,4.121330101732889,0.0578468525040804,1,local,monsoon
4.0,50.96632823206882,346,5,2,2,3.0,1.0,4.467394870103322,4.989404231356371,5.0,0.026121250235457735,1,collector,post_monsoon
2.0,148.1396880087402,544,1,1,1,13.24720765029927,1.0,2.158393558953416,2.3293313776657962,2.5138069211109704,0.01794305291727097,0,local,pre_monsoon
3.0,52.94226332845499,493,9,2,2,13.549698633128004,1.0,3.4843421936929246,4.046880174249608,4.700238447985761,0.035539240438526014,1,local,dry
2.0,31.42368621463503,179,1,2,1,13.61071233789492,1.0,2.122991125883674,2.2535456602904147,2.3921287192851075,0.014022463731370137,0,arterial,dry
3.0,44.05481868765054,212,1,1,0,3.9492441700564545,2.0,3.1523116683997205,3.3123562849096757,3.4805264556059736,0.011622566742731147,0,arterial,dry
2.0,385.97506785966016,286,5,1,0,6.915437991607633,3.0,2.463760979944886,3.0350590831494926,3.7388300704455104,0.04986309114942264,1,collector,monsoon
2.0,185.09020793002068,145,2,0,0,11.167627889211369,3.0,2.124475892467874,2.256698908838585,2.397151214193065,0.01418789514015157,0,arterial,monsoon
5.0,47.54327027678157,408,3,1,1,17.57395752480739,1.0,5.0,5.0,5.0,0.01330990307034587,0,highway,dry
1.0,116.35538683678767,738,7,0,0,21.57632247858831,4.0,1.0872458886858822,1.182103622464354,1.2852373035250573,0.01970953580522921,0,collector,pre_monsoon
3.0,94.19992574633095,366,10,0,0,8.677823742082886,4.0,3.2524737734685027,3.526195215700147,3.82295248639828,0.019033030646382572,0,arterial,pre_monsoon
2.0,117.53590009337861,716,9,0,2,5.45076604014452,2.0,2.3234002640857194,2.6990943935767957,3.135538313414306,0.03559181449626543,1,collector,pre_monsoon
1.0,51.835862021248026,505,7,1,0,16.078807182125608,3.0,1.0773842504204012,1.1607568230539298,1.2505811197263244,0.017543876940412085,0,local,dry
1.0,21.69099839159754,463,11,0,1,25.071850056504417,2.0,1.056841703801968,1.1169143868950466,1.1804017036470915,0.012983379930506357,0,highway,dry
2.0,44.1907674010091,166,7,0,0,17.53470316650592,5.0,2.0914434783082347,2.1870679114790237,2.2870644600400074,0.010486304774387294,0,arterial,dry
4.0,40.82427840442226,733,4,1,2,8.256836380029869,1.0,4.436114413124823,4.9197777715834485,5.0,0.02444026789490758,1,local,dry
2.0,34.472023345436504,523,3,1,1,26.305696466086058,1.0,2.1519664808677446,2.315479867389152,2.4914175308727726,0.017234977488504735,0,collector,dry
5.0,69.3500268582301,180,9,0,1,15.433998102344567,3.0,5.0,5.0,5.0,0.019552853491496384,0,collector,dry
3.0,416.0544795133349,576,2,2,2,8.044933932041532,2.0,3.8247816516728674,4.8763182276578085,5.0,0.05831087351091598,1,local,monsoon
3.0,51.33450224023098,382,8,0,1,21.671510831688554,1.0,3.210008301651346,3.434717765556853,3.6751575137556203,0.01591290435265752,0,arterial,dry
3.0,76.36080875642789,512,5,2,2,7.6500409430057985,0.0,3.549924338489473,4.200654269666641,4.970668276489778,0.04005465745184043,1,collector,post_monsoon
3.0,36.52690865323778,548,3,0,2,8.894557406690282,2.0,3.2350826437318014,3.488586570591581,3.7619552885588905,0.01775902571573882,0,collector,dry
4.0,39.713668746460876,743,3,0,0,15.63310411170562,2.0,4.20742673629149,4.425609935315116,4.6551073915605174,0.011866458079522753,0,arterial,dry
2.0,117.35219309594876,274,10,2,0,11.875473410553726,5.0,2.2074938672818543,2.436514587043498,2.6892955042206506,0.023299791598501297,0,arterial,pre_monsoon
2.0,56.321579389006445,614,3,0,1,12.185035660023836,4.0,2.138336435700833,2.2862413561228707,2.444376596301809,0.01572796459708581,0,arterial,dry
4.0,114.44699104546183,765,5,0,1,12.193457508213985,3.0,4.4875505356760765,5.0,5.0,0.027199621984815025,1,collector,post_monsoon
5.0,43.32463139459326,1004,5,0,2,17.572399629350805,3.0,5.0,5.0,5.0,0.027483270582968594,0,arterial,dry
4.0,119.8049478509545,709,11,0,0,3.0,5.0,4.642273079706344,5.0,5.0,0.03535629484684618,1,collector,post_monsoon
3.0,46.91856608078631,572,13,2,1,13.42256942943235,1.0,3.3857909773348998,3.8211935140674718,4.312587507526763,0.028629733864871918,1,collector,post_monsoon
4.0,439.64742444406636,555,10,2,1,10.54898311459741,3.0,5.0,5.0,5.0,0.07215795900808525,1,highway,monsoon
3.0,332.99328430269236,810,5,1,1,8.23751983734692,1.0,3.8071127743673276,4.83136922558363,5.0,0.057168092983487316,1,collector,monsoon
3.0,225.6661673553122,442,8,2,0,8.22431791033333,4.0,3.3614781144685457,3.766511704683669,4.220348887727923,0.02690146738941831,1,highway,monsoon
2.0,116.14346896844611,659,3,2,0,3.0,5.0,2.224826441787567,2.4749263480385637,2.753140790296468,0.025168924370757035,0,arterial,pre_monsoon
3.0,343.3967359630062,938,7,1,0,8.007909481994028,2.0,3.645888942422582,4.4308353934930835,5.0,0.04654805645146753,1,local,monsoon
2.0,31.440982922675268,478,1,0,1,18.452313624696686,2.0,2.1270970264175846,2.2622708798972653,2.4060348307902824,0.014479723381466057,0,arterial,dry
2.0,31.351136117712855,97,7,1,1,16.160274390137698,3.0,2.093965928348695,2.192346654542606,2.2953495988707324,0.010770543316314878,0,local,dry
4.0,117.54789971905518,327,6,0,0,11.043091188027537,2.0,4.360951773263419,4.75447509218234,5.0,0.02036362558898264,1,collector,pre_monsoon
2.0,275.53023988191023,558,8,0,1,4.943721390796719,3.0,2.30098546590194,2.6472670571459838,3.0456615114269545,0.03325196200703852,1,collector,monsoon
1.0,94.1810426701726,332,6,1,2,16.109348861295643,1.0,1.0581077675498316,1.1195920477492882,1.1846490422105438,0.013266405317984648,0,collector,post_monsoon
1.0,31.188363348639676,430,10,0,0,18.54924205830209,1.0,1.0660045114705818,1.1363656184756339,1.2113708759750839,0.015025866940509,0,arterial,dry
5.0,66.671568306506,440,3,0,1,17.170973353988323,1.0,5.0,5.0,5.0,0.01757024581762318,0,local,post_monsoon
3.0,65.58576642067204,612,10,1,0,7.156372225068151,3.0,3.3492932716704074,3.7392551398855534,4.174620693692557,0.026031707178925403,1,highway,dry
3.0,136.531803726478,310,8,0,2,7.675606595686565,0.0,3.312812519800422,3.65824226378214,4.039690257306837,0.02341310591123503,1,arterial,pre_monsoon
4.0,53.80001476772564,383,11,1,2,20.27955629422107,4.0,4.504698682080875,5.0,5.0,0.028114165272533406,1,highway,dry
4.0,85.40219481974225,781,11,2,0,5.953644792515197,2.0,4.8235692964428525,5.0,5.0,0.04465284295676335,1,arterial,pre_monsoon
2.0,48.9865244961652,403,3,0,1,14.391066827577854,2.0,2.0670344124531215,2.1363156311327103,2.2079189627064104,0.0077221377458775225,0,local,dry
3.0,290.1768507898591,645,9,0,0,3.1113192646340266,3.0,3.5950973355148834,4.308241617275405,5.0,0.04312781570007182,1,highway,monsoon
4.0,96.15202344094324,502,2,2,2,10.498423163130422,0.0,4.603214549660376,5.0,5.0,0.03331710701148974,1,arterial,post_monsoon
3.0,138.68584454884487,495,11,1,1,14.925752003671779,3.0,3.3839376396163265,3.8170113162707064,4.3055094213233005,0.02849832597878966,1,collector,pre_monsoon
2.0,110.88409711556609,647,3,0,1,11.850170214289436,2.0,2.0979211000059395,2.200636470925065,2.3083808428981505,0.011215697921214213,0,collector,pre_monsoon
4.0,60.7982411133908,127,5,0,1,14.619566605275537,1.0,4.314381617289044,4.653472184900407,5.0,0.017810668185734513,1,collector,post_monsoon
3.0,205.7744356613244,588,7,1,0,5.868974621731272,3.0,3.4246693320455224,3.9094533446177087,4.462861658125021,0.03137371173465408,1,local,monsoon
2.0,126.9500981705618,610,9,1,0,7.8999901775217225,3.0,2.2987332873408537,2.6420873631644435,3.036727084884365,0.033015895170529684,1,local,pre_monsoon
3.0,36.81980661498187,669,8,0,0,14.409091892494345,3.0,3.1781061477468917,3.366786228782197,3.566668003947424,0.013548029231833882,0,highway,dry
1.0,57.73329666885748,424,10,0,1,15.484440710261875,2.0,1.0692072507210095,1.1432041449943797,1.2223221608823032,0.015736616916990798,0,arterial,post_monsoon
1.0,285.93152946895367,500,7,1,1,13.099064265314313,3.0,1.1701799090727103,1.3693210195974164,1.6023519462038556,0.037350726396871335,0,collector,monsoon
4.0,51.40114168582621,50,7,1,2,16.735288708291563,1.0,4.302105927819612,4.627028853545163,4.976492064757258,0.01713420317124208,0,collector,dry
1.0,51.872916050916594,366,1,0,1,3.713960307143619,1.0,1.0491923704377573,1.1008046301848002,1.1549558193324494,0.011267838561522072,0,highway,dry
3.0,67.36376196611214,535,11,2,1,9.669010248265701,3.0,3.753036289171846,4.695093795946926,5.0,0.05364510074514487,1,arterial,post_monsoon
3.0,30.72353249208197,794,5,0,0,21.11341886613092,0.0,3.2025132529699656,3.4186970451494236,3.6494741983267636,0.015358928749874585,0,highway,dry
1.0,96.2983350257507,869,5,0,1,18.4173441449686,1.0,1.1073211334118618,1.2261600925005303,1.3577529833720805,0.02407202854265369,0,collector,post_monsoon
5.0,51.931067098613994,431,14,0,0,15.168190825037723,1.0,5.0,5.0,5.0,0.012036131921191481,0,collector,dry
2.0,319.2859506143463,674,1,2,0,11.223165133222484,2.0,2.4590740492762913,3.023522589912048,3.7175329691266796,0.04939673645651408,1,collector,monsoon
2.0,146.61926887379238,470,7,2,1,17.174078141749845,3.0,2.246422760012109,2.523207608350211,2.834095499816817,0.027482299081903486,0,local,pre_monsoon
2.0,121.04223700617072,176,1,0,0,14.145707598308034,3.0,2.0950141861011096,2.1945422199824467,2.2987985414305236,0.010888587477293115,0,collector,pre_monsoon
2.0,14.986601814274408,621,8,0,1,4.412798176963856,4.0,2.1505342324795236,2.312398742533147,2.4864463274800683,0.01707696488083494,0,local,post_monsoon
1.0,172.41177433660542,866,4,1,2,16.978812235280646,2.0,1.149363973847098,1.3210375443775926,1.518352961607042,0.033015335273568175,0,collector,pre_monsoon
4.0,313.9896338727946,423,1,1,1,7.669782928388835,3.0,4.716752119604203,5.0,5.0,0.03920855778995393,1,collector,monsoon
5.0,37.947352377128524,318,11,0,0,15.798441250090887,2.0,5.0,5.0,5.0,0.016593871956056782,0,arterial,dry
2.0,24.287008284445,513,1,2,1,3.9201360562785066,6.0,2.198496206212103,2.4166927843645047,2.6565449590027637,0.02232505008968103,0,local,dry
3.0,64.18468210035553,475,10,1,2,19.995096660501044,5.0,3.344625127523682,3.7288390812209355,4.157189629181287,0.025697849929517323,1,arterial,dry
4.0,325.760556079823,1022,3,0,1,10.625518105989403,0.0,4.92609406501257,5.0,5.0,0.049792096540977625,1,local,monsoon
4.0,29.33884030167875,701,5,0,2,6.453318338894116,1.0,4.517151559980335,5.0,5.0,0.028776629446707246,1,collector,dry
3.0,19.13791498337194,525,1,1,0,8.55747383464613,0.0,3.166471340964146,3.3421802510490926,3.527639327094435,0.012681022932126173,0,collector,dry
2.0,142.2902908215023,50,8,1,1,10.315754513431473,0.0,2.1344621277099707,2.2779642873140875,2.4311142497738776,0.015298255892387737,0,collector,pre_monsoon
2.0,260.55578487552293,471,4,0,0,11.971151417863652,2.0,2.2085958626239033,2.4389478421997115,2.6933250567188893,0.023418964313308737,0,collector,monsoon
4.0,316.1477723028372,870,5,1,1,18.590728181698324,1.0,4.758992392424326,5.0,5.0,0.04137265891437629,1,local,monsoon
4.0,31.230071819886362,516,6,0,1,12.350713082387038,1.0,4.439203395600549,4.926631696877861,5.0,0.024606670545644235,1,local,dry
2.0,61.71182248519307,664,1,0,1,3.0,0.0,2.099467788166922,2.203882496775254,2.3134901554422678,0.011389602692570933,0,arterial,dry
2.0,81.54579180045299,578,9,1,1,5.851307439155444,4.0,2.2356131124793523,2.498982994344809,2.793379575010085,0.026326522736979965,0,highway,post_monsoon
5.0,22.282744133474765,402,4,1,1,25.787673962080504,3.0,5.0,5.0,5.0,0.018525749937726634,0,collector,dry
4.0,113.55633815759026,838,16,2,2,12.676943978314629,1.0,4.8257000041576426,5.0,5.0,0.044760497064616545,1,local,post_monsoon
5.0,71.74579843732923,537,5,0,0,16.753950570052424,2.0,5.0,5.0,5.0,0.023853679518427887,0,arterial,post_monsoon
4.0,286.8325449472892,358,5,0,1,10.458269302530807,2.0,4.510732430571572,5.0,5.0,0.02843532177158464,1,arterial,monsoon
2.0,26.71377907186124,504,1,2,0,6.976943428965688,3.0,2.1699203673936465,2.3542772004148884,2.5542970238353804,0.019208929922492887,0,collector,dry
3.0,96.37750679056327,785,1,0,0,9.59358888809098,1.0,3.259063669557965,3.5404986674108745,3.8462368596923895,0.019514415890662377,0,collector,post_monsoon
3.0,337.0740074284716,204,10,1,0,12.641630420292008,0.0,3.6054171291955113,4.333010891832134,5.0,0.043825722346778624,1,highway,monsoon
1.0,286.3369488786639,554,11,0,1,9.698818313864663,1.0,1.1940501779531165,1.4257558274698694,1.7024239995080905,0.042250074376808396,0,arterial,monsoon
3.0,29.705823915728473,514,4,2,1,21.59233883264882,1.0,3.309391702569288,3.650691147011484,4.027188996854321,0.02316642658723314,1,arterial,dry
4.0,43.326366196500835,191,7,1,0,8.918736028866878,0.0,4.253360271791644,4.522768400413873,4.809240858208753,0.014433326637018122,0,arterial,dry
2.0,27.467794095369072,653,11,1,2,6.725821948748695,3.0,2.209785350498814,2.441575647639583,2.6976790491443023,0.023547547554475724,0,arterial,dry
4.0,278.64340261085675,551,8,2,0,16.044013798511592,4.0,4.831734123661004,5.0,5.0,0.04506517362970405,1,collector,monsoon
3.0,278.9002309924164,675,8,2,2,16.660012519224733,2.0,3.813245411131156,4.846946855170939,5.0,0.05756519704851331,1,collector,monsoon
5.0,142.13804778786465,727,7,0,0,12.149885607692427,1.0,5.0,5.0,5.0,0.01765695736041115,0,collector,pre_monsoon
1.0,100.65573190819549,488,4,0,1,8.989281887296361,1.0,1.075387539903898,1.1564583609805577,1.243640911816176,0.017103541971177194,0,arterial,pre_monsoon
2.0,121.53228913395235,388,8,0,1,3.0,4.0,2.274791021316012,2.587337095329972,2.9428255967872357,0.030495308541925132,0,arterial,pre_monsoon
3.0,252.54799418318132,215,14,0,1,18.10360761222055,1.0,3.400528770276547,3.8545319724928415,4.369148956137572,0.029672734945091074,1,arterial,monsoon
2.0,82.31401542928587,371,4,0,1,16.34280454960855,2.0,2.195994367240568,2.411195630476151,2.6474860114203485,0.02205347560995278,0,local,post_monsoon
4.0,62.529078231977,502,10,2,1,9.800558401254522,1.0,4.727337749498413,5.0,5.0,0.039752283489832674,1,local,dry
4.0,150.55873530101434,307,7,0,1,12.297862392148634,3.0,4.509716903592108,5.0,5.0,0.028381291686326256,1,local,pre_monsoon
1.0,23.273844423852793,616,4,2,2,10.866614087391941,2.0,1.108176790734955,1.228055799523624,1.360902934759539,0.02425661718198064,0,highway,dry
3.0,396.2052815152938,319,10,0,0,20.1436512064317,1.0,3.6116420739469497,4.347986156767941,5.0,0.04424596247921891,1,local,monsoon
3.0,397.7004289963051,147,10,0,0,6.8104084852288675,2.0,3.339406737713375,3.7172124532951623,4.137761437348642,0.02532421694628425,1,collector,monsoon
2.0,51.270026632798434,384,9,1,2,8.8996925299004,0.0,2.1879938796214486,2.393658608630459,2.618655192793319,0.021183427953801442,0,collector,post_monsoon
5.0,46.692564166648694,536,13,1,0,8.416368804680108,4.0,5.0,5.0,5.0,0.013433306113836634,0,highway,dry
4.0,46.46975470332382,248,14,0,0,13.550806432211369,1.0,4.2889766758350145,4.598830231464193,4.931068899718717,0.016409061921720616,0,collector,post_monsoon
3.0,22.027585738796688,322,7,1,0,12.280647268486362,1.0,3.2170350344884158,3.449771471041961,3.6993452277735424,0.016431365766234145,0,arterial,dry
4.0,307.7175659886627,373,6,2,1,13.00034081731408,3.0,5.0,5.0,5.0,0.06135669807573682,1,collector,monsoon
3.0,49.6545956129967,400,1,1,1,7.596964372294169,1.0,3.220171667875162,3.4565018568619683,3.7101764498082668,0.01666251931110129,0,highway,dry
5.0,73.64460874279837,559,13,0,0,19.424484152051974,2.0,5.0,5.0,5.0,0.026626781558917463,0,local,post_monsoon
3.0,273.82001545931666,627,6,0,0,9.729774463893817,3.0,3.497427696295032,4.077333496937192,4.753393033073204,0.03644536659703296,1,arterial,monsoon
4.0,339.2034914895947,405,4,0,1,17.937949746982625,3.0,4.549350757692757,5.0,5.0,0.030483084717030765,1,highway,monsoon
4.0,53.16141391190277,292,3,1,0,27.69556998640672,1.0,4.192811926982665,4.394917963762023,4.6067661141429435,0.0110452453842654,0,highway,post_monsoon
2.0,50.12007303411494,527,3,2,0,7.633319730928111,1.0,2.2059782298500292,2.433169975286134,2.6837599975029724,0.023135811998860323,0,arterial,dry
4.0,24.846611064218006,603,14,0,1,13.711924499356483,0.0,4.409171230695852,4.8601977353989945,5.0,0.022985066315056642,1,local,dry
2.0,79.30040018323012,822,10,1,0,11.341981808720401,0.0,2.3000660877107255,2.645152003918461,3.04201221052646,0.03315561685312798,1,local,post_monsoon
2.0,22.551402568745647,729,1,2,0,22.154407774614153,2.0,2.1484661209151756,2.307953336360151,2.4792797759114658,0.01684865833323429,0,arterial,dry
2.0,56.38359162851125,248,1,0,1,10.596730362574501,3.0,2.1491543008427167,2.3094321044153734,2.481662969854273,0.01692464777919718,0,local,dry
5.0,59.723539679233156,471,7,1,2,13.24345738759043,2.0,5.0,5.0,5.0,0.020441955529077762,0,collector,pre_monsoon
4.0,316.995164068612,591,2,0,0,13.134341597556633,2.0,4.826961788398637,5.0,5.0,0.044824231593882186,1,local,monsoon
4.0,43.38981190156458,329,5,2,0,11.498006150260792,2.0,4.2824160899638235,4.584771891895262,4.9084752296665375,0.016046076601268933,0,highway,dry
4.0,42.96561161063193,429,13,0,1,15.777368839334224,5.0,4.2615113960108815,4.540119844582653,4.836943114236033,0.014886606928936712,0,collector,dry
3.0,50.117487976518554,634,11,0,0,12.466982002275223,4.0,3.225770826449537,3.4685324749243094,3.72956362273455,0.01707471938948741,0,collector,dry
5.0,121.89052976697685,549,1,0,1,14.409258690225405,2.0,5.0,5.0,5.0,0.02377714913830979,0,highway,pre_monsoon
3.0,73.43757848848114,500,2,0,2,13.068013524284819,0.0,3.342225338433135,3.723490070954827,4.148247620849804,0.025526082292531223,1,highway,post_monsoon
2.0,59.72486901340281,369,7,2,0,8.977311371446808,2.0,2.185665900369839,2.3885677140197488,2.610305501628651,0.02092980371784504,0,arterial,post_monsoon
2.0,336.915081245063,210,11,1,1,10.65518970137395,2.0,2.582356849308212,3.3342834485845176,4.305154850493617,0.06144328547136402,1,highway,monsoon
4.0,44.046986118369816,437,3,1,2,14.7771142637148,2.0,4.2688689123837635,4.555810447779134,4.862039397809374,0.015295184628622727,0,arterial,dry
4.0,85.43551606090739,481,8,1,2,14.75680150951673,3.0,4.348409886223406,4.727167134651364,5.0,0.019678148901125424,1,collector,post_monsoon
2.0,405.1438648014513,206,5,0,1,18.225045244058474,3.0,2.5222293622753114,3.1808204779618623,4.011379402821,0.05562435693874028,1,local,monsoon
1.0,35.6524016098405,509,14,0,0,21.296220739193345,1.0,1.1016165010454557,1.2135589153756325,1.3368765261686226,0.022838580720846362,0,local,dry
4.0,73.57775040187778,578,9,1,1,9.394655613794955,2.0,4.70290319672409,5.0,5.0,0.03849580025472786,1,local,post_monsoon
1.0,379.02416263421384,361,6,1,1,12.674370791398196,2.0,1.2384785256848578,1.5338290585825392,1.899614351125897,0.051172471301425916,0,arterial,monsoon
4.0,239.6765776318656,580,1,1,1,11.032970952240968,1.0,4.351531316455544,4.73395619952333,5.0,0.01984889216757097,1,arterial,monsoon
5.0,266.85990895961504,555,2,1,2,6.463461813005618,3.0,5.0,5.0,5.0,0.029645078423085006,0,highway,monsoon
3.0,45.04421246136034,439,1,1,1,14.82277569402211,0.0,3.2008742549935025,3.415198665426736,3.64387382795087,0.015237654365614401,0,arterial,dry
2.0,47.75659565514114,416,8,0,1,15.889185820029278,0.0,2.1313596005150894,2.2713468733539206,2.420528482311405,0.014953715857321578,0,arterial,dry
4.0,291.0969769438684,433,9,1,1,6.615043869067424,0.0,4.677306770765257,5.0,5.0,0.03717419158086221,1,local,monsoon
4.0,51.50838195474377,328,9,0,0,10.127503304123405,0.0,4.3745586286649685,4.784190798906781,5.0,0.02110560087433867,1,collector,dry
3.0,105.2266766276335,568,4,1,0,9.639552387853282,2.0,3.3631302970770713,3.7702151317059034,4.226574911979514,0.027019214838843255,1,collector,pre_monsoon
5.0,384.8790174661122,330,12,0,1,4.457876483874159,0.0,5.0,5.0,5.0,0.07012129079964716,0,arterial,monsoon
1.0,269.73061632993307,343,13,0,0,11.818113349174386,5.0,1.1395262517905391,1.2985200785197952,1.479697717950419,0.030945430647136257,0,local,monsoon
3.0,117.75544738948244,599,4,0,0,6.273791617807154,2.0,3.374997994520985,3.796870487673557,4.271476760451391,0.027863698947006525,1,highway,pre_monsoon
4.0,398.9493104009734,451,11,2,0,12.794968456276631,1.0,5.0,5.0,5.0,0.06159672979539848,1,arterial,monsoon
4.0,99.65240800260938,512,7,0,2,13.345607624798953,0.0,4.4556685011324175,4.9632454479959005,5.0,0.025492146700010862,1,collector,post_monsoon
2.0,324.9718905121398,157,4,0,1,13.965113916523629,2.0,2.195537847234387,2.4101932193193027,2.645835216081609,0.02200389480089534,0,arterial,monsoon
4.0,61.54852527590256,395,11,1,0,14.206610888649399,0.0,4.476256489811543,5.0,5.0,0.026595824585745928,1,local,dry
3.0,11.391713934881203,836,2,0,2,19.654703582987676,4.0,3.2977128082293596,3.6249699218533227,3.9847032469139605,0.02232277144838779,0,collector,dry
2.0,42.08425859582641,143,1,0,1,7.9567692959220455,3.0,2.068995029230712,2.1403702154906976,2.214207668281861,0.007945086342612978,0,local,dry
1.0,50.731210618660654,849,5,0,0,8.207590919913816,3.0,1.0819275601923826,1.1705672455038414,1.2664689639690887,0.01854348739297539,0,collector,dry
4.0,43.779454061920994,552,6,0,1,15.275819485880708,1.0,4.3092774304258175,4.642467993094335,5.0,0.017529575955697586,1,collector,dry
2.0,45.67233903410445,393,1,1,1,11.34009237342143,1.0,2.1241583034095974,2.2560242489719697,2.3960763205736058,0.014152517095900444,0,local,dry
2.0,95.62246457234198,459,8,0,1,17.626633035291384,2.0,2.242139627482352,2.5135950545633508,2.8179155396400772,0.027024854156296227,0,collector,pre_monsoon
2.0,110.69969523964002,746,3,2,0,14.808443961830221,1.0,2.2282235183782495,2.4824900239269727,2.7657713277267315,0.025533953377573172,0,local,post_monsoon
4.0,75.52068388233164,50,1,0,0,21.590556641464307,2.0,4.17110810252869,4.349535700745123,4.535595900903946,0.009821638785024924,0,collector,dry
3.0,264.4092047132151,783,9,0,1,11.543357751136543,1.0,3.7647675060392936,4.724491458176441,5.0,0.054412659626558384,1,arterial,monsoon
4.0,287.9873824506151,553,5,1,0,4.589802140067078,1.0,4.543389691135476,5.0,5.0,0.03016786711951093,1,collector,monsoon
2.0,30.297404843718592,702,11,2,1,13.703307099895733,0.0,2.2960143707456484,2.6358409953352684,3.025964402145145,0.032730669839459804,1,collector,dry
3.0,49.55491736693537,150,8,0,1,11.641629210429606,2.0,3.0984951037453285,3.2002239693112577,3.305292766599791,0.007566139061061735,0,collector,post_monsoon
3.0,315.04918886531635,454,6,1,2,14.672437432572853,3.0,3.846810108590284,4.932649337184131,5.0,0.05972996643932345,1,local,monsoon
4.0,95.78166689968887,50,11,1,1,15.313035933376021,0.0,4.557575506060206,5.0,5.0,0.030917484988742683,1,collector,pre_monsoon
5.0,269.91020536719964,739,8,0,0,9.327257424520386,2.0,5.0,5.0,5.0,0.031031392473031733,0,local,monsoon
1.0,30.896979759333178,303,6,1,1,6.954971707374224,1.0,1.058990883189888,1.121461690679299,1.1876177062760955,0.013463669938855623,0,collector,dry
3.0,287.4186832168526,300,9,0,1,11.27028324993807,3.0,3.5431048931507583,4.184530761289615,4.942077138621701,0.039588123819184924,1,arterial,monsoon
1.0,24.035039310943958,113,9,1,2,3.0,3.0,1.0695169400325764,1.1438664850166456,1.2233845828608216,0.015805256399621218,0,arterial,dry
3.0,81.09131835757402,588,2,2,1,12.403336293931089,0.0,3.537661824344025,4.171683727807032,4.919335422366703,0.039215256930745256,1,local,post_monsoon
2.0,110.90217666999882,514,16,0,0,9.962809624319181,1.0,2.266081057747084,2.567561680140071,2.9091514439813455,0.029573297666537924,0,arterial,pre_monsoon
2.0,233.81885257765038,350,7,0,0,16.308375222463404,3.0,2.1684509654871222,2.3510897948610165,2.549111467806646,0.0190478469729474,0,arterial,monsoon
2.0,44.53058984633741,552,7,1,1,3.0,2.0,2.1914819007980375,2.4012964607626897,2.6311988661059096,0.021563047290459086,0,arterial,dry
3.0,271.98240310355743,344,1,0,0,12.031726549003187,2.0,3.310226247708755,3.652532603673328,4.030236431763816,0.023226624682099645,1,collector,monsoon
2.0,318.92432190501205,148,7,0,0,19.881121423585697,0.0,2.1892883046784055,2.396491640500823,2.623305560404009,0.021324361014990106,0,collector,monsoon
4.0,72.29426030237106,427,7,0,1,15.377006639755093,1.0,4.469352645308657,4.993778267031872,5.0,0.026226158814588,1,arterial,pre_monsoon
3.0,288.37603290561356,828,2,0,0,16.903359978439312,1.0,3.338220699278094,3.7145724790295747,4.133354246155089,0.0252392350181667,1,collector,monsoon
1.0,102.40152793320743,694,2,1,0,13.698667613149738,3.0,1.0884642450843105,1.184754412826958,1.2895628175680005,0.01997604571851387,0,collector,pre_monsoon
4.0,65.1916948786493,591,3,0,0,3.6923296504967027,1.0,4.377977256167324,4.791671213879593,5.0,0.02129173882341164,1,local,post_monsoon
2.0,123.9805385739923,548,5,1,1,12.832645865512387,0.0,2.2453670362262885,2.5208365636858137,2.830101661907039,0.027369608349119487,0,local,pre_monsoon
3.0,96.81817444391724,427,7,1,1,14.042446800320022,2.0,3.274547634318828,3.5742207364743432,3.9013186857184525,0.020642574136488078,0,local,post_monsoon
3.0,56.931285910890765,647,6,1,0,6.608877279046131,3.0,3.1642482287751283,3.337488951102178,3.520214500693875,0.012515082510410051,0,collector,post_monsoon
2.0,155.64185628753182,613,8,1,0,11.367230783203333,2.0,2.2708961242303545,2.578484603522223,2.9277353462631295,0.030083341449811094,0,arterial,pre_monsoon
1.0,48.35302475243479,483,9,0,0,3.0,2.0,1.112473325747009,1.2375969004986107,1.3767935398318796,0.02518184865862571,0,local,dry
2.0,105.15269413529094,539,9,0,2,10.32950912029096,2.0,2.315875898589981,2.6816405888349766,3.105173404181784,0.034808292696088594,1,collector,pre_monsoon
5.0,61.79456187986138,178,8,0,0,9.818120285918488,2.0,5.0,5.0,5.0,0.011152058863072311,0,collector,post_monsoon
3.0,61.31498746325228,403,8,0,2,19.01119677806674,3.0,3.406307380950077,3.8676433245049906,4.391460667714547,0.030080744438099733,1,highway,dry
3.0,257.2583017473253,261,8,2,2,8.983884486856534,3.0,3.551741126973581,4.204955011011853,4.978303883228149,0.040178832128007276,1,highway,monsoon
3.0,102.56782870712425,257,6,2,0,10.668214707022605,3.0,3.3701432524074812,3.785955180582559,4.253070435252487,0.02751851978685837,1,local,post_monsoon
2.0,84.72796659999116,594,4,0,1,11.603856113615958,5.0,2.2498555981343493,2.530925106228235,2.847108009353184,0.027848448812534406,0,highway,pre_monsoon
3.0,431.046868546144,247,6,0,1,9.0483998803481,1.0,3.7183321626795425,4.608664690672375,5.0,0.051363631578393125,1,local,monsoon
4.0,59.821641103530126,653,9,0,2,15.598957109160796,2.0,4.31352194364471,4.651617889576108,5.0,0.01776334303406605,1,local,dry
1.0,25.18349369838299,706,9,2,1,3.0,1.0,1.1696600594372784,1.3681046546428173,1.6002173716659347,0.03724317860990933,0,arterial,dry
2.0,334.8707769141095,487,9,0,1,17.68288352072065,1.0,2.5117796077188403,3.1545183988761054,3.9617274932354447,0.0546022447356088,1,highway,monsoon
2.0,60.28063552997707,378,5,1,1,11.940609408420654,2.0,2.2193000307108015,2.4626463131564824,2.7326755192090117,0.024574176074236752,0,local,dry
3.0,40.72233331329264,706,6,0,0,18.508235673977133,3.0,3.1832528330583774,3.377699533058062,3.5840238692756783,0.013930775449918624,0,arterial,dry
5.0,114.89268704668764,610,6,2,0,3.0,5.0,5.0,5.0,5.0,0.029659645919593903,0,collector,post_monsoon
1.0,67.71459562038541,739,4,2,1,3.0,3.0,1.1569908944534046,1.3386279298480894,1.5487803258952506,0.03461074920181022,0,arterial,dry
3.0,116.86150816517089,283,10,1,0,10.540107202072498,1.0,3.490275314186859,4.060673922940725,4.7242899840674415,0.0359504113902855,1,highway,post_monsoon
2.0,89.90677302362778,447,1,1,0,14.529576940002803,4.0,2.2015050333372392,2.4233122059045997,2.6674670093232726,0.022651344463451142,0,collector,post_monsoon
5.0,38.99720713672725,456,15,0,1,9.225336419984128,1.0,5.0,5.0,5.0,0.017047032715731634,0,arterial,dry
1.0,28.855181459918672,541,15,1,2,14.919229150412576,1.0,1.1699613198697103,1.3688094899912748,1.601454157560377,0.03730550858209738,0,arterial,dry
3.0,299.17031105489303,624,7,0,2,16.906548787214817,2.0,3.616309233745614,4.359230824691263,5.0,0.04456067392181637,1,highway,monsoon
4.0,136.46635546561,527,8,1,2,15.32999773510684,0.0,4.629029582775582,5.0,5.0,0.03466635047315234,1,collector,pre_monsoon
4.0,37.54075266776073,767,10,2,1,12.516342521900405,3.0,4.487692915199876,5.0,5.0,0.027207226377545055,1,collector,dry
3.0,281.3042923806621,425,3,2,2,12.478014248270282,2.0,3.386809098192928,3.823491955867465,4.316479114333135,0.028701898595645665,1,collector,monsoon
2.0,17.65095775221143,290,9,1,1,8.92602456805808,1.0,2.2004237513063596,2.420932342656576,2.6635385135436382,0.02253412345174128,0,arterial,dry
2.0,69.51921552752714,366,12,2,1,11.723128378981112,3.0,2.3365285362404475,2.7296828003329643,3.1889908789313535,0.03695423242530818,1,arterial,post_monsoon
2.0,55.451767751356954,341,1,1,0,6.878845563826365,2.0,2.099183709236953,2.2032861225629063,2.3125511676359527,0.01135766911284648,0,collector,dry
2.0,23.216135845359727,408,1,0,2,8.076352663194712,0.0,2.144717208952374,2.299905953188231,2.466323938387406,0.01643437207011156,0,collector,dry
3.0,40.24789621201827,446,10,1,1,14.571820997733774,1.0,3.2793608098507843,3.584735773728397,3.918547336678345,0.02099242769197172,0,collector,dry
2.0,61.18106257857235,454,5,2,1,9.685594342343254,3.0,2.2794855458228778,2.5980271768077117,2.9610826985940983,0.030991134915914514,0,collector,post_monsoon
2.0,338.96526932653603,546,5,0,0,8.312190529153336,2.0,2.4900731104856604,3.1002320477818666,3.859902229223761,0.05246862336061841,1,arterial,monsoon
3.0,73.64948584573314,407,5,1,1,14.246155065924965,1.0,3.3797433360474907,3.807555005852474,4.289519552554721,0.028200731868301392,1,highway,post_monsoon
5.0,138.87714540885722,709,2,2,2,13.899498284652086,2.0,5.0,5.0,5.0,0.02024906463369178,0,arterial,pre_monsoon
3.0,67.33109298307814,112,5,0,1,10.923502072756943,3.0,3.2349159244084564,3.488227012663806,3.761373703739295,0.01774678713980513,0,arterial,dry
1.0,46.48664665636469,54,1,1,2,11.255322846391811,3.0,1.045368839503042,1.0927960106039372,1.1423748974185919,0.01040672577044319,0,arterial,dry
1.0,147.35440780712406,700,12,0,0,14.079739449399536,1.0,1.1173308357412362,1.2484281964982094,1.3949073201562685,0.026224588890356868,0,arterial,pre_monsoon
5.0,328.0099651436823,684,7,1,0,16.844785581919453,1.0,5.0,5.0,5.0,0.04801532928442345,0,arterial,monsoon
2.0,141.60162972244655,747,7,1,0,13.005428295768807,3.0,2.2212439940019486,2.4669624404448647,2.739862752133273,0.02478351329627747,0,collector,monsoon
1.0,29.010457269285816,627,9,0,0,6.039830448114437,4.0,1.0916466136400644,1.1916923290718202,1.300906895532094,0.020671097064980156,0,local,dry
3.0,69.69860863098559,500,18,0,0,10.892862536182744,0.0,3.3752796892574874,3.797504326904707,4.272546408156294,0.027883716160998818,1,arterial,post_monsoon
3.0,49.95839689144203,448,2,2,1,9.964250811032915,5.0,3.2413493701771765,3.5021152465159924,3.7838596828608333,0.018218704926824654,0,collector,dry
3.0,102.95907787334677,179,1,0,0,6.7350694681277705,6.0,3.101165060934602,3.2057415783871708,3.3138445924265456,0.007768655567705195,0,highway,post_monsoon
2.0,45.98405791251173,529,6,2,2,14.489663828010503,0.0,2.243510746761958,2.5166702354181996,2.823088359608339,0.027171364585575914,0,arterial,dry
1.0,108.21468327698378,212,1,0,2,14.874262896976669,3.0,1.0844179604927497,1.1759623130392547,1.275234653122365,0.019090055746174454,0,local,pre_monsoon
5.0,44.960950526461936,993,5,2,0,15.6310421085298,0.0,5.0,5.0,5.0,0.03167488290875212,0,arterial,dry
2.0,104.57371666910922,293,10,0,1,7.04543522958955,3.0,2.1413888766935583,2.29277316061345,2.4548594714595873,0.016066097882031314,0,arterial,pre_monsoon
3.0,348.48452629039343,484,13,0,1,12.787254685395865,4.0,3.793473291389703,4.796813204162343,5.0,0.05628313982389254,1,collector,monsoon
4.0,181.81024631510496,801,1,0,0,11.968623835779365,1.0,4.486123370708428,5.0,5.0,0.02712338786115904,1,arterial,pre_monsoon
3.0,87.95858584901279,426,3,0,2,13.537015466709429,3.0,3.295224039915979,3.6195004910800623,3.9756883435649044,0.02214269283558731,0,highway,pre_monsoon
2.0,429.84462948987573,428,8,0,0,12.648632457490965,5.0,2.296478336530118,2.636906375076069,3.0277991829101776,0.032779360041190954,1,arterial,monsoon
2.0,349.5917413093927,50,10,0,1,11.937270275418472,3.0,2.321447357419349,2.6945589166346386,3.127638338216112,0.03538864297753012,1,collector,monsoon
3.0,78.33072955723135,238,10,0,0,11.336381202627262,4.0,3.33067506452448,3.697798795148382,4.10538874687646,0.02469803303224659,1,collector,post_monsoon
4.0,23.34808088526555,612,12,0,2,17.5342030501276,2.0,4.75758546143504,5.0,5.0,0.04130081500362964,1,arterial,dry
5.0,365.1490026244531,834,9,0,1,7.69092996240357,2.0,5.0,5.0,5.0,0.053496902727938285,0,local,monsoon
1.0,284.71348406454143,321,6,2,2,11.134145646174757,3.0,1.154982904574948,1.3339855098603834,1.5407304588394386,0.03419149784273416,0,collector,monsoon
2.0,68.78322016288342,539,11,1,0,17.4068533340298,2.0,2.4088756128844286,2.901340859174666,3.494484620165504,0.044358698853811815,1,local,pre_monsoon
5.0,153.96862124516815,1041,7,2,0,7.944720379842955,4.0,5.0,5.0,5.0,0.054187084892341,0,local,pre_monsoon
4.0,21.036490272334184,613,8,0,0,8.199560361280065,3.0,4.327410355581875,4.681620096399312,5.0,0.01852701848746639,1,collector,dry
4.0,58.33937914413888,695,5,0,2,15.669704722259047,2.0,4.441007918262518,4.930637832517597,5.0,0.024703838620473442,1,collector,dry
2.0,22.326780468806277,346,7,0,0,4.880430796764787,2.0,2.1247188816373166,2.2572151629930644,2.3979738383647082,0.014214960342407584,0,arterial,dry
3.0,63.35540728315468,810,1,0,0,15.30315561513247,2.0,3.2327888106295184,3.4836411647104715,3.753958725841465,0.01759059695263078,0,arterial,dry
4.0,376.65289041510886,361,11,1,1,9.551827103765183,0.0,5.0,5.0,5.0,0.053656667704011916,1,arterial,monsoon
3.0,331.7097228285091,326,2,0,0,14.050003077602113,1.0,3.3203611004063953,3.67493261236399,4.0673677642360815,0.02395675316684783,1,highway,monsoon
3.0,91.0165639203012,795,3,0,2,5.896327164721868,2.0,3.215894423799465,3.447325648341498,3.6954117765074335,0.01634726585750375,0,collector,post_monsoon
1.0,309.2775869261903,372,1,0,0,17.925381332791844,4.0,1.106729379623579,1.2248499197219924,1.3555773917859113,0.023944307124123335,0,arterial,monsoon
3.0,24.805381062700636,499,3,2,1,5.913806750552285,0.0,3.110168409303184,3.224382511409166,3.342790875498151,0.008450576520183797,0,arterial,dry
2.0,94.06774593931402,825,3,2,1,15.624751767733269,4.0,2.2274909918556456,2.480858059399024,2.7630444896919024,0.025455276672071057,0,arterial,post_monsoon
3.0,47.689270934997175,317,7,0,0,6.122688081120074,2.0,3.16538931928529,3.3398965142151305,3.5240242512049145,0.012600268428273869,0,arterial,post_monsoon
5.0,139.1085761998461,452,1,1,0,21.04150435544532,2.0,5.0,5.0,5.0,0.01972485770078932,0,collector,pre_monsoon
2.0,284.31962077026986,377,5,0,1,11.643091090724354,2.0,2.2638668260127774,2.5625465029605836,2.9006320090837594,0.029338472618646468,0,arterial,monsoon
4.0,97.28156227522013,434,4,0,0,21.75428547498492,1.0,4.344118645874957,4.717841702359618,5.0,0.01944326317893629,1,arterial,post_monsoon
2.0,241.25067857982125,507,1,1,0,7.9055625629467015,1.0,2.307389902784695,2.6620240817363823,3.0711637435841146,0.03392228982071413,1,local,monsoon
3.0,68.98020759970215,768,7,0,0,9.786746519756022,0.0,3.2932217956520766,3.615103265119296,3.968445622074618,0.02199774170565094,0,highway,post_monsoon
5.0,48.23467696305558,828,6,0,1,18.053596018660848,3.0,5.0,5.0,5.0,0.014378171571797438,0,collector,dry
1.0,54.34625809889044,531,7,0,0,4.86901989112442,2.0,1.0360922593777582,1.0734871699425077,1.1122317473187682,0.008307428535408399,0,local,dry
1.0,139.64065479024433,354,10,1,2,8.50366672065029,0.0,1.143753864114486,1.308172901676818,1.4962278112227203,0.031836612957759754,0,arterial,pre_monsoon
3.0,302.912266601154,635,7,0,0,14.47534214844666,3.0,3.5893992261429952,4.294595601545311,5.0,0.04274180577601009,1,local,monsoon
1.0,142.7783136922502,501,5,1,2,6.906097116518335,2.0,1.181681555202741,1.3963712979063692,1.6500662069504686,0.03972089803635066,0,arterial,post_monsoon
4.0,79.50171095856888,507,10,1,1,14.609087110095224,3.0,4.517614342280441,5.0,5.0,0.028801221392792148,1,local,post_monsoon
5.0,92.63023457800927,293,5,1,1,12.852021925108591,4.0,5.0,5.0,5.0,0.027830192386664135,0,local,pre_monsoon
3.0,42.21993414310042,176,4,0,0,4.4317718812890785,2.0,3.0648157904059614,3.131031943040572,3.198678713098735,0.005,0,local,dry
2.0,89.40917592997772,496,9,0,0,16.838843939917332,0.0,2.156767238365371,2.3258224602430944,2.508128842253326,0.017764033034105238,0,local,post_monsoon
3.0,307.28662812810546,286,3,0,1,5.687834534027155,1.0,3.4637807468412145,3.9992590207292933,4.617518799211059,0.03411014596321596,1,collector,monsoon
4.0,26.785758850036665,393,11,0,1,15.856395484864684,4.0,4.373130149673749,4.781066826496386,5.0,0.02102778979680746,1,arterial,dry
1.0,144.14362330582196,796,7,1,1,12.642376991221404,2.0,1.085842033507934,1.1790529217326453,1.2802652221476467,0.019402164819966865,0,collector,pre_monsoon
3.0,316.64621200318425,485,13,1,0,9.72493767647129,2.0,3.548658008278453,4.197657886572932,4.9653507584000804,0.039968076926878586,1,collector,monsoon
3.0,315.2845522418708,721,6,0,1,6.472987375195581,3.0,3.6668422340383917,4.481910656442554,5.0,0.04794838578004691,1,arterial,monsoon
3.0,165.46190247790776,559,10,1,1,13.646346627040748,1.0,3.6145254763471595,4.35493147305422,5.0,0.04444043008751179,1,collector,pre_monsoon
2.0,43.66913757715716,616,1,1,0,7.637376032612364,2.0,2.144433463662034,2.2992974400367743,2.465345186663654,0.016402993237697824,0,local,dry
4.0,56.45955586040746,389,12,0,2,18.039767380262884,2.0,4.425037802413442,4.895239888196996,5.0,0.02384284250056981,1,arterial,post_monsoon
1.0,273.39835682167137,730,9,1,2,18.222253046516997,1.0,1.167453593749272,1.3629478935580903,1.591178416427393,0.036786291215447874,0,collector,monsoon
2.0,157.68664033324077,562,4,2,0,20.210170104929983,4.0,2.4069269653042187,2.8966487081542875,3.486010942335092,0.044161511019385875,1,local,pre_monsoon
4.0,49.52842718186806,447,10,0,1,13.404487185376542,0.0,4.27833913061486,4.576046429137579,4.894469625322426,0.015820290991107707,0,arterial,dry
4.0,309.53336394288306,562,1,1,1,9.978450972508119,0.0,4.8229985196624625,5.0,5.0,0.0446239982418013,1,collector,monsoon
1.0,62.680729229339605,356,5,0,0,10.515487096646716,5.0,1.0800595822843018,1.1665287012841405,1.259920501831598,0.018132888719217397,0,highway,dry
2.0,48.89271397389993,441,3,0,1,10.14956208598873,1.0,2.1315337482531813,2.2717180599711284,2.4211218556723524,0.0149730653921796,0,local,dry
2.0,398.4778515529606,488,10,2,0,13.240027691645535,2.0,2.5960162223384593,3.369650113322223,4.37383317889456,0.06275068805847499,1,collector,monsoon
2.0,50.44063616644729,394,11,2,0,14.183036277943012,4.0,2.154558015809949,2.321060121745452,2.50042934524174,0.017520683413704566,0,collector,dry
2.0,222.56492944580197,811,5,0,2,18.157821830084487,2.0,2.22205044444339,2.4687540888255337,2.742848060148107,0.024870315329653978,0,arterial,monsoon
1.0,59.480979091198634,416,1,1,1,12.100617077980159,5.0,1.0739031780424955,1.1532680358097716,1.23849820879094,0.016775788984769203,0,arterial,dry
3.0,375.3488702139866,916,3,1,0,4.983863347332207,1.0,3.4428462330225207,3.9510633947457867,4.534301241677902,0.0326484243497572,1,arterial,monsoon
4.0,59.77091934756087,513,7,0,1,9.962895367690491,1.0,4.286204771341949,4.592887835468623,4.921514438656003,0.01625574944039888,0,highway,dry
3.0,45.14492671106959,453,7,0,2,19.779258900282613,1.0,3.256033094964132,3.533917171833902,3.835517088784411,0.019293128251978053,0,highway,dry
3.0,49.76397433749925,399,5,2,0,4.217107147639931,3.0,3.1905863105143193,3.393280334947125,3.608851261473248,0.014475329180560685,0,local,dry
1.0,82.60715805580497,584,3,2,1,15.695749802006908,2.0,1.1282196289620896,1.2728795311753551,1.436087672376098,0.028549471395974704,0,collector,post_monsoon
5.0,66.38259282200718,678,13,1,2,10.047134432082796,2.0,5.0,5.0,5.0,0.03815628987122857,0,arterial,post_monsoon
4.0,53.73993344729261,50,4,0,2,7.582678448002397,1.0,4.202111744094959,4.414435777465195,4.637488106009865,0.011568059697895879,0,collector,dry
4.0,283.8021890733107,500,3,2,1,13.978055245560626,2.0,4.671135787202053,5.0,5.0,0.03685473872077897,1,collector,monsoon
4.0,354.4135302126455,102,11,2,2,19.80476512811383,2.0,4.961982158169304,5.0,5.0,0.051571680195369646,1,collector,monsoon
5.0,102.93655383984301,696,5,1,0,13.702220883915855,1.0,5.0,5.0,5.0,0.031569570291042966,0,local,post_monsoon
3.0,157.670325772233,699,9,0,0,10.687278949793804,2.0,3.4847787227269995,4.047894248790273,4.702005250011112,0.035569510606034145,1,local,pre_monsoon
2.0,267.31269778367283,508,3,0,0,5.519753801968156,0.0,2.189481456412872,2.396914523987916,2.6239999514391146,0.02134538531011936,0,local,monsoon
3.0,78.81745746640749,541,9,2,0,11.505754194486318,1.0,3.6260899246905067,4.3828427139806685,5.0,0.04521918737791685,1,collector,dry
4.0,134.23811769104282,214,9,0,0,5.339250898552795,1.0,4.377411202038606,4.790432207933267,5.0,0.021260925922182105,1,local,pre_monsoon
4.0,76.0438406889596,390,2,0,2,10.45037889289885,1.0,4.348347237870068,4.727030925273064,5.0,0.019674721053704936,1,arterial,post_monsoon
3.0,329.8354438156058,377,4,2,2,11.684711758041981,4.0,3.865312922070046,4.980214661840559,5.0,0.060917127919678175,1,local,monsoon
1.0,46.400422634565615,410,3,0,0,3.0,1.0,1.0412484431387046,1.084198320338776,1.1289198131063487,0.009476047274242902,0,arterial,dry
2.0,42.86304517947352,674,4,2,2,18.941611022939433,3.0,2.1972556024325476,2.4139660912106087,2.652050258997354,0.022190412250783966,0,arterial,dry
5.0,252.01745915735228,756,13,1,1,5.807392634397808,2.0,5.0,5.0,5.0,0.04284160445217702,0,arterial,monsoon
3.0,306.5192059022078,622,8,1,0,11.070203994146524,2.0,3.7675024091444165,4.731358134302995,5.0,0.054591337294740826,1,arterial,monsoon
3.0,112.11549472421655,435,14,1,1,14.669166229062583,1.0,3.420065612468618,3.898949597863447,4.444887814800373,0.031050038360521722,1,highway,pre_monsoon
2.0,50.749907839003434,350,12,0,1,18.542748590895897,3.0,2.1181108236172648,2.2431967305623037,2.375669637253438,0.013478078976432174,0,collector,post_monsoon
2.0,38.546849092159995,518,11,1,0,8.03923496813584,2.0,2.2780250552302803,2.594699076128461,2.9553947531017477,0.030836964753521857,0,highway,dry
4.0,34.73909307148201,559,12,1,2,3.0,3.0,4.51446414061283,5.0,5.0,0.028633783565087962,1,arterial,dry
3.0,72.29053826915883,455,11,1,1,17.393318580056434,1.0,3.3569618657440286,3.756397656019876,4.203361227942993,0.026579377632633534,1,arterial,post_monsoon
4.0,58.33590156475862,368,13,0,1,5.752525567868952,2.0,4.316298201982645,4.657607542109653,5.0,0.01791615041510926,1,collector,dry
3.0,64.31399177999675,623,9,2,2,13.797216217918642,2.0,3.5895525627923,4.294962533682924,5.0,0.042752199487638774,1,collector,dry
3.0,406.6606047187967,642,9,0,2,14.10794850067823,2.0,3.8134415291427923,4.84744543206364,5.0,0.057577888114401156,1,collector,monsoon
2.0,64.31856342846076,237,9,0,0,3.0,2.0,2.2662914252148227,2.5680384120011164,2.9099617163702107,0.029595598533157977,0,collector,post_monsoon
4.0,31.378705251888803,423,5,0,0,3.9258161422778013,3.0,4.366273302573861,4.766085638192311,5.0,0.020654017073519305,1,local,dry
3.0,84.06586174750443,655,10,2,0,9.695943966414323,1.0,3.456465663871401,3.9823849618406553,4.588325626973349,0.03360015283215923,1,collector,post_monsoon
3.0,369.5871866515257,697,12,0,0,3.0,3.0,3.6540722279984448,4.450747949143172,5.0,0.04709568603092162,1,collector,monsoon
3.0,41.84248479394505,512,4,2,2,5.309743618712936,0.0,3.345149858057669,3.7300091909544144,4.159146571891654,0.025735395525431068,1,collector,dry
5.0,269.62349767755967,573,3,0,2,12.614392800633336,7.0,5.0,5.0,5.0,0.021705921676009036,0,local,monsoon
1.0,142.20235097115858,550,4,0,0,11.557581739543657,4.0,1.1187759491820806,1.2516596244682654,1.40032668441737,0.026534134144394105,0,local,pre_monsoon
4.0,113.9342899383714,690,12,0,2,13.513272153221362,3.0,4.651792847343459,5.0,5.0,0.03585131304021658,1,collector,pre_monsoon
2.0,368.9194500085408,278,6,2,0,14.24610489364426,1.0,2.4470758081256716,2.994090005356955,3.663382609729934,0.04819978555769445,1,arterial,monsoon
3.0,125.65551196152835,553,2,1,1,3.590852165101932,1.0,3.192567545355207,3.3974958438851246,3.6155783222222837,0.014622282832215571,0,collector,post_monsoon
1.0,36.88556295211186,322,2,2,0,5.5757586829368035,2.0,1.0346212667819625,1.0704411656775128,1.1075011948488287,0.007973219411046693,0,highway,dry
2.0,170.5519303599955,717,3,0,0,15.80683094756025,1.0,2.20587692866311,2.4329465122040976,2.6833902899712,0.023124848958113602,0,arterial,pre_monsoon
3.0,59.40221478173174,288,4,2,1,19.6216512050134,1.0,3.3024992820527963,3.635500502653078,4.002079266638123,0.02266881134923653,1,local,pre_monsoon
1.0,152.7308372757443,581,1,0,1,7.162959755688937,7.0,1.0780579100237846,1.1622088573648504,1.252928451781881,0.017692298073869343,0,collector,pre_monsoon
3.0,127.50443148106069,323,9,1,0,13.294527970484785,2.0,3.421163460406186,3.901453140939476,4.4491696427563605,0.031127254991133245,1,collector,pre_monsoon
5.0,47.79264832162454,650,6,0,2,16.035414466569478,2.0,5.0,5.0,5.0,0.01893692435465651,0,highway,dry
1.0,347.1933141369738,587,9,2,2,13.187778085946425,1.0,1.3228578001565372,1.7499527594349926,2.3149386577240363,0.06746359146064584,1,collector,monsoon
4.0,66.95209471495542,547,1,2,0,10.756168472895094,2.0,4.453499380870118,4.958414183852631,5.0,0.025375637305593335,1,local,pre_monsoon
3.0,19.441581486937967,892,11,1,1,8.796750027755035,3.0,3.239223367421423,3.4975226746829944,3.776419058639811,0.01806283402159243,0,collector,dry
3.0,55.45976838889855,359,6,0,0,21.926346023827705,2.0,3.08962980658771,3.1819374472517374,3.277002926575526,0.00689274435225126,0,arterial,post_monsoon
2.0,140.5638893648986,685,9,1,0,12.481045207634873,3.0,2.359490937654008,2.7835987424356947,3.2839380034210572,0.03932316581921937,1,local,post_monsoon
2.0,80.44795852579601,734,13,2,2,13.944710156086373,1.0,2.410177078448873,2.904476774740173,3.500151673682939,0.04449032884562757,1,highway,pre_monsoon
2.0,43.27761379069181,685,8,1,0,13.62160040373456,1.0,2.1391098757887557,2.287895530348493,2.4470299618707068,0.01581367718924698,0,local,dry
1.0,280.68034860795234,364,15,2,2,7.937907964995939,3.0,1.197964848592253,1.4351197784626595,1.7192230481177675,0.04304637357859567,0,arterial,monsoon
2.0,27.913211545391604,453,1,1,1,12.254105116571527,2.0,2.100018426453583,2.205038695722292,2.3153109460299945,0.011451491027810123,0,collector,dry
3.0,19.075166521290228,378,5,1,0,10.388786560609491,2.0,3.1884034168865094,3.3886387829378557,3.601449158037734,0.014313336914132302,0,collector,dry
4.0,256.51121412233533,440,1,1,2,10.299262044155576,5.0,4.480797078394345,5.0,5.0,0.026838711805557483,1,collector,monsoon
4.0,18.53712124101426,331,8,0,1,13.58479570509382,2.0,4.309061750558324,4.642003292531192,5.0,0.017517692648822268,1,arterial,dry
3.0,50.245940670985675,427,7,1,1,7.421785133823298,1.0,3.1920355849395805,3.396363725173523,3.6137712900506127,0.014582832728901842,0,arterial,dry
1.0,25.31994936967046,793,2,1,1,5.976057895981261,1.0,1.0561258974108254,1.1154019111818214,1.1780048444206508,0.012823248153717515,0,local,dry
2.0,8.960224737284712,436,15,1,0,14.513625302027101,3.0,2.14529948151559,2.30115493269553,2.4683332419993818,0.016498754479498026,0,local,dry
2.0,34.37824309280152,521,5,2,1,9.341947036856649,3.0,2.3260083570368573,2.7051574385026504,3.1461094045287923,0.03586294453108506,1,local,dry
2.0,79.8693350634295,354,1,0,0,10.274921398616318,1.0,2.145325773641687,2.3012113375256513,2.46842399649512,0.016501661307763232,0,highway,post_monsoon
3.0,21.673433672903894,497,9,0,1,3.0,1.0,3.2651342947515474,3.5537006542542287,3.8677699598288307,0.019957209006985277,0,collector,dry
3.0,48.641420922172465,665,9,0,1,16.81541391088317,1.0,3.2801001642078287,3.5863523624120752,3.921198324284994,0.021046133989074154,0,local,dry
2.0,51.44295341779677,597,5,1,0,14.620081059578467,1.0,2.2221989320328213,2.4690840467639057,2.743397965909014,0.024886295110461944,0,local,dry
2.0,73.2486275463922,783,10,0,1,15.54034392655915,2.0,2.3381980487223033,2.733585057524393,3.19583162375999,0.037127069152643834,1,highway,post_monsoon
4.0,143.18574684295913,258,3,1,2,13.93662810198872,3.0,4.294677662006705,4.611064055134843,4.950758448917416,0.01672414163811377,0,arterial,monsoon
4.0,65.78213071302798,348,5,1,1,4.420215231548678,1.0,4.445821348637504,4.941331866000249,5.0,0.024962879277087683,1,arterial,pre_monsoon
2.0,49.02585137987907,417,8,1,0,13.14499482339576,4.0,2.1246583134475987,2.257086474450997,2.3977687710562208,0.01420821421312621,0,local,post_monsoon
5.0,143.69196373896023,804,10,1,1,8.954332488275254,0.0,5.0,5.0,5.0,0.03771368242239067,0,highway,pre_monsoon
5.0,46.229432218808796,559,6,1,1,7.185714473832304,4.0,5.0,5.0,5.0,0.024379529817073076,0,local,dry
2.0,29.72105037294328,216,5,1,1,14.500241207228605,2.0,2.112010612729355,2.2302944141407126,2.3552027360880916,0.01279626275574398,0,local,dry
2.0,142.04807922762947,718,6,1,1,20.292544583763394,3.0,2.2807544391184025,2.6009204057791493,2.9660303806372155,0.0311250184983506,0,collector,pre_monsoon
3.0,56.69890096903209,521,1,1,1,19.466697094781708,5.0,3.1793002307771205,3.3693166524731497,3.5706897369230264,0.01363687253685423,0,local,dry
5.0,241.57409933605206,678,5,2,1,15.110725092553078,2.0,5.0,5.0,5.0,0.057254899859228166,0,local,monsoon
4.0,43.460592346865404,816,1,1,2,11.848859202704016,0.0,4.375740194044684,4.786775561444553,5.0,0.02116994753276398,1,local,dry
1.0,353.6944082342663,304,3,0,1,10.922288395405436,1.0,1.0843358510418692,1.175784237854695,1.2749450021957864,0.01907205052748214,0,local,monsoon
2.0,19.71945359398256,816,1,0,1,7.477482067783865,1.0,2.100027311233225,2.2050573539627236,2.315340333078694,0.011452489520053354,0,arterial,dry
3.0,34.35092884087704,485,9,0,1,10.651334081466617,3.0,3.1776431343287124,3.3658052963821348,3.565109363845302,0.013513572780056408,0,local,dry
3.0,141.20688872755537,417,4,0,0,16.542619797940723,2.0,3.262343928245884,3.547629302054262,3.857862304407968,0.0197537573366483,0,collector,pre_monsoon
2.0,69.26640373763215,530,11,0,0,21.115695660124686,0.0,2.2751786785676793,2.5882190097044857,2.9443303531716,0.030536281832409612,0,highway,post_monsoon
4.0,108.41288733865898,261,1,0,0,7.917593465179805,5.0,4.327512669647693,4.681841476490326,5.0,0.018532637405107345,1,collector,pre_monsoon
3.0,360.7129792772631,496,6,0,2,3.0,1.0,3.5649046514826246,4.236181724720818,5.0,0.04107708698888278,1,collector,monsoon
4.0,57.858084765591805,451,7,0,1,9.345630019438476,2.0,4.2551011072265235,4.526471358180096,4.815148322005318,0.014530189592299602,0,highway,dry
4.0,25.84770731778395,312,8,1,0,16.519770564355674,1.0,4.286563934971288,4.593657592149133,4.92275174102838,0.016275618864847484,0,arterial,dry
4.0,56.160053309175545,370,15,2,1,22.361386453295346,4.0,4.715823380127723,5.0,5.0,0.03916080891590698,1,arterial,dry
3.0,28.143569284757987,727,1,0,0,18.55020603328402,4.0,3.1223151607460298,3.249617321008169,3.382109809335568,0.009368187209042086,0,local,dry
3.0,58.595417950963636,464,3,0,0,18.42642606189189,5.0,3.0909159719577026,3.184587181901075,3.281097128209934,0.006990531340628262,0,collector,dry
2.0,39.799803028450285,303,14,0,1,7.7521982316262985,3.0,2.1452965664729753,2.3011486790603684,2.4683231800660153,0.01649843219394158,0,collector,dry
3.0,377.96751953181865,589,3,0,1,7.893053132254958,0.0,3.4414634426653983,3.9478902090674586,4.528839943387439,0.032551633374949415,1,local,monsoon
2.0,50.95235746047163,653,8,0,2,5.380951813668961,2.0,2.1515127675043755,2.314503594367168,2.489842016857865,0.01718493035112306,0,collector,dry
3.0,297.0332958974265,499,3,0,0,8.672601319372847,0.0,3.2760071192016738,3.5774075483533494,3.90653753223046,0.020748700813547856,0,arterial,monsoon
2.0,166.0086853719877,253,1,2,1,16.570488917055826,3.0,2.2027132264878304,2.4259727790722145,2.6718611637809033,0.02278227161543969,0,collector,pre_monsoon
1.0,349.35270947985805,50,3,1,1,20.122435934674627,3.0,1.0954029250027644,1.1999075681046116,1.3143822598347452,0.021489505404698288,0,arterial,monsoon
2.0,346.4296697698003,319,14,0,2,13.727586356414314,1.0,2.4529514516170132,3.008485411995006,3.689834329260879,0.04878650369488035,1,collector,monsoon
1.0,11.122722810605929,710,2,0,1,10.724395199950408,3.0,1.0613154639086153,1.126390513931559,1.1954556708355364,0.013982317405317586,0,arterial,dry
4.0,5.0,692,5,1,0,6.6663759116328904,4.0,4.317061265753899,4.659254493068164,5.0,0.017958136826260053,1,local,dry
4.0,378.22775821439996,340,5,1,0,11.437424219933538,3.0,4.701335871729293,5.0,5.0,0.038415033982302074,1,collector,monsoon
3.0,107.76243197728942,452,10,0,0,13.015631638252772,1.0,3.267426511347238,3.558692002351594,3.875921531400995,0.02012423978361473,0,arterial,post_monsoon
2.0,67.82896164364546,639,11,0,2,4.684639636134021,2.0,2.2966502395962256,2.6373011615187,3.028479172244663,0.032797398238947326,1,collector,dry
1.0,60.55602701708371,472,7,0,1,16.607364642533945,3.0,1.0976489099377635,1.2048331294875607,1.3224837712389255,0.02197782322062432,0,collector,dry
1.0,58.49603051846495,687,1,0,0,9.880430018456703,2.0,1.070492162003122,1.1459534689101183,1.22673420648857,0.01602130492351559,0,collector,post_monsoon
2.0,30.245515712992677,480,3,0,1,16.307079205506003,3.0,2.075390686171998,2.1536232501247383,2.2348048174161748,0.008671234736852516,0,collector,dry
4.0,373.97368260429846,596,2,1,0,11.94540018974508,2.0,4.69720577575891,5.0,5.0,0.0382021059115568,1,highway,monsoon
2.0,160.00915685579483,435,11,1,1,13.486083464436534,2.0,2.3563103554939855,2.7760992457040965,3.2706757002658025,0.03899609618014461,1,collector,pre_monsoon
2.0,33.30317909270632,343,3,0,0,8.490253949593463,3.0,2.1014558067071847,2.2080582537716724,2.3200684194681043,0.011612985066403715,0,collector,dry
1.0,277.92502733575543,733,13,2,2,10.276923570922753,1.0,1.289433304867917,1.6626382477025987,2.1438611305349644,0.06110836808652524,1,local,monsoon
2.0,378.56832140401525,199,8,1,2,15.210210616809784,4.0,2.2188728414590857,2.4616983432823587,2.7310977988870255,0.024528155022819468,0,collector,monsoon
3.0,36.97482958733334,380,11,2,2,11.34250882630813,2.0,3.363572295544213,3.771206195784189,4.228241560308129,0.027050707585950455,1,arterial,dry
3.0,85.23620800726187,481,16,2,0,6.475129921514154,3.0,3.5079225656947135,4.101840242303394,4.79631264895025,0.03717022391188151,1,arterial,pre_monsoon
2.0,341.7525854655777,671,3,2,2,12.5578702752614,2.0,2.5654848490699393,3.290856255403704,4.221320931852619,0.05982104797664342,1,highway,monsoon
1.0,389.7588835211716,324,1,0,0,13.928375084192005,3.0,1.1248961233282295,1.2653912882788794,1.4234337546782256,0.027841695565075653,0,highway,monsoon
2.0,45.34429822465452,525,7,0,2,18.864442628360152,3.0,2.15876699119925,2.330137461145732,2.5151119180391164,0.017984144478962193,0,arterial,dry
2.0,239.40743656496596,222,10,0,0,17.762766343297358,3.0,2.3412966192841718,2.740834929735746,3.2085537775031368,0.03744759890620864,1,collector,monsoon
2.0,262.43870236111263,588,4,0,0,11.676822268230659,4.0,2.2102666264216855,2.442639279936749,2.6994420404154464,0.02359955824235869,0,arterial,monsoon
5.0,249.08026868613052,864,7,0,2,9.263324176678772,1.0,5.0,5.0,5.0,0.027151730444527067,0,local,monsoon
3.0,287.72336202001156,108,11,0,0,10.858493003191548,2.0,3.216896800267847,3.4494750078578367,3.698868371793927,0.016421174649531658,0,arterial,monsoon
3.0,30.219788142151344,354,11,2,1,9.381332463110382,1.0,3.344483620416794,3.728523562412074,4.156661994275085,0.025687724019172388,1,arterial,dry
3.0,250.07350842673657,667,4,1,0,14.530806128519734,1.0,3.3960848699982344,3.844464148076975,4.352042175511623,0.029358603420267127,1,local,monsoon
3.0,408.2397194391374,1088,8,2,1,17.20832561307825,2.0,4.098260487811328,5.0,5.0,0.07550294595868734,1,collector,monsoon
3.0,49.45458874686139,617,3,0,1,18.199171796470445,2.0,3.2503897256857845,3.521677789614569,3.8156084348463395,0.01888063743685942,0,arterial,dry
3.0,111.87640509062811,354,1,0,1,9.938967737511675,1.0,3.1768658614218594,3.364158900489217,3.5624938544542304,0.013455721164949488,0,local,pre_monsoon
4.0,38.74555472741616,470,12,0,0,9.439868002929408,1.0,4.193481679766483,4.3963221496342815,4.608974098210741,0.011082927035908711,0,local,dry
2.0,373.89815298134215,254,1,0,2,9.898027877206847,3.0,2.3689644686170825,2.805996326785108,3.323652798611984,0.040295361291006304,1,local,monsoon
3.0,47.359895210880815,661,7,0,1,3.0,3.0,3.2030146860865383,3.419767693095349,3.6511887146628945,0.015396021786641593,0,highway,dry
3.0,340.54705275061406,709,5,2,0,5.985938207265408,2.0,3.5932016497709602,4.303699365305584,5.0,0.042999447395543976,1,collector,monsoon
4.0,118.3133272652319,781,9,0,0,11.827234970306582,5.0,4.505935718543587,5.0,5.0,0.028180035501143418,1,arterial,post_monsoon
3.0,374.65442210202497,433,4,0,2,13.896358702219848,2.0,3.5718317631253056,4.2526607146902755,5.0,0.041548759643193586,1,arterial,monsoon
3.0,67.12950844006563,338,11,0,0,14.455865289412731,1.0,3.263449068873885,3.5500332750446084,3.861784261971879,0.019834351485301643,0,collector,post_monsoon
1.0,113.45949759409893,798,6,2,2,8.097527890647326,0.0,1.1910995273937959,1.4187180841577236,1.6898344395452962,0.04164854655537287,0,arterial,post_monsoon
3.0,44.99210687876119,776,12,1,2,9.54444926090323,1.0,3.2996725551263886,3.629279657018103,3.9918114930470496,0.022464498601333913,0,collector,dry
1.0,171.349632882259,302,7,1,0,10.652480966802695,5.0,1.106444664683408,1.2242197960063792,1.3545314616910684,0.02388283690353935,0,arterial,monsoon
2.0,156.25319967408265,424,2,0,2,10.094370505822203,3.0,2.137605441617335,2.2846785120160207,2.4418706098158207,0.015646934018562535,0,collector,pre_monsoon
1.0,97.26331155377963,657,9,1,0,15.440088603323321,0.0,1.0709622265760705,1.1469600907527744,1.2283509325864832,0.016125388100338322,0,arterial,post_monsoon
3.0,21.057246397773504,449,8,1,0,5.459129450190357,0.0,3.2129194724356798,3.440950512118788,3.6851656346913266,0.016127808038427897,0,collector,dry
2.0,66.87683698049003,506,6,0,1,6.25352197478529,2.0,2.1719018718481964,2.35857887046885,2.56130093183645,0.019426019659894798,0,local,post_monsoon
2.0,359.33326149730715,206,4,1,1,10.507823521762768,2.0,2.3878994280235983,2.8510318391777143,3.4039886490247664,0.04222961226930497,1,collector,monsoon
4.0,428.3401326869759,275,10,1,0,5.171981483311628,0.0,5.0,5.0,5.0,0.06583937237741312,1,collector,monsoon
2.0,23.727631435517477,481,3,0,1,3.0,0.0,2.118007478614301,2.242977839733055,2.37532191946038,0.013466540723093034,0,highway,dry
3.0,26.242038315361746,360,3,0,0,4.532614201901227,3.0,3.147513730983685,3.3022808955769456,3.46465815413118,0.011263087130292117,0,local,dry
3.0,203.44576571375563,270,9,0,0,10.786427057756166,4.0,3.460009804629463,3.990555949377338,4.602454236922674,0.03384734655152511,1,collector,monsoon
1.0,25.819748900391453,437,6,1,1,15.152654081627375,3.0,1.1081441607234808,1.2279834809455474,1.3607827238747021,0.02424958000226843,0,collector,dry
4.0,65.41266016325591,324,1,1,1,15.25683267196413,0.0,4.210815383438488,4.432741548350557,4.6663640756503675,0.012056555285027542,0,collector,post_monsoon
1.0,36.31075323181592,505,3,1,0,19.939577162695457,1.0,1.0631097511080467,1.130202342901013,1.2015291314632273,0.014382053502300924,0,arterial,dry
3.0,243.7707052650907,698,8,0,1,12.508325587854301,2.0,3.6145413439219674,4.354969708973741,5.0,0.044441499927911236,1,arterial,monsoon
3.0,97.75286223319478,439,5,0,0,13.18100256164414,4.0,3.2826634591955806,3.5919597954459643,3.930398389136699,0.021232258502232867,0,collector,pre_monsoon
3.0,313.5209788392434,414,6,0,1,10.747964814858278,2.0,3.684748075544051,4.525789460075196,5.0,0.04914019794146497,1,collector,monsoon
3.0,313.22113261360334,714,8,1,0,10.990867671319956,2.0,3.5722046095814743,4.253548590905044,5.0,0.04157412716478232,1,arterial,monsoon
2.0,42.410434129853776,646,8,2,1,22.40272665797606,1.0,2.159053205904569,2.3307553729633987,2.5161124300879627,0.0180156351490853,0,arterial,dry
1.0,60.090941836587355,659,7,0,2,13.30675718627516,1.0,1.1821107748854789,1.3973858841003473,1.6518649102678917,0.039809005412835156,0,arterial,dry
4.0,43.91475775024106,50,1,0,1,13.741371345470608,6.0,4.152234553734493,4.310262947306671,4.474305686372059,0.008753621627699656,0,highway,dry
3.0,300.51548389508156,410,6,2,0,6.274428485415168,2.0,3.7665834726234078,4.729050352079936,5.0,0.05453131210130565,1,arterial,monsoon
4.0,359.66917571968077,385,4,0,2,14.05211137452534,2.0,4.947929350315775,5.0,5.0,0.050876022499468355,1,arterial,monsoon
4.0,350.6151333443011,334,7,1,0,15.291659896617322,6.0,4.924921814419039,5.0,5.0,0.049733800714293175,1,collector,monsoon
4.0,335.72099446150855,710,11,0,0,17.551550639689328,1.0,5.0,5.0,5.0,0.05489280099926366,1,collector,monsoon
3.0,171.77994006283012,391,2,1,1,15.150422624507508,2.0,3.361022419925735,3.7654905690811478,4.218632741566884,0.026868983227303918,1,collector,pre_monsoon
2.0,137.38496212801934,221,7,0,0,11.366308859580084,2.0,2.1954066463548303,2.4099051714294815,2.6453609152205804,0.021989644136798853,0,collector,pre_monsoon
4.0,51.203649808844844,549,8,0,2,11.152883435683956,1.0,4.310067641584833,4.644170768759163,5.0,0.017573110299674927,1,collector,dry
3.0,26.467504577428592,498,5,2,1,11.639596606155486,2.0,3.3241037242156413,3.6832218564480996,4.081137163377193,0.024225944883071084,1,local,dry
2.0,88.11858300877738,315,1,0,0,12.535935217804516,1.0,2.1243268632885597,2.2563823110447054,2.396646778600695,0.014171294440612422,0,arterial,post_monsoon
4.0,82.9765519560769,703,2,0,0,18.338252204030894,3.0,4.417741303133887,4.879109555353775,5.0,0.02344867362108774,1,collector,post_monsoon
4.0,68.34967966603386,606,6,2,2,17.363197746006037,1.0,4.798683636832343,5.0,5.0,0.04339278629844958,1,highway,dry
3.0,292.0263564969733,605,4,0,2,15.764554768628901,2.0,3.278334060293539,3.582491403626906,3.914867863072965,0.020917829765040398,0,arterial,monsoon
1.0,121.56031494555643,596,1,1,2,22.146049902351493,1.0,1.1323787909127279,1.2822817261089714,1.4520286306207626,0.02943296075565557,0,arterial,post_monsoon
2.0,114.33056266462127,717,3,1,0,3.0,3.0,2.196485832855385,2.4122750069672074,2.649263938877298,0.02210684288964755,0,arterial,pre_monsoon
4.0,13.849670929732401,468,1,2,1,9.699707128369846,1.0,4.3595788750074815,4.751481991852874,5.0,0.020288663576059594,1,arterial,dry
5.0,35.226586528732604,251,9,1,0,11.943636904428086,2.0,5.0,5.0,5.0,0.024884120847104528,0,arterial,dry
2.0,216.42716228252664,458,1,2,0,8.638852630195135,1.0,2.247892952790857,2.526511363603399,2.8396635446950493,0.02763916370233447,0,arterial,monsoon
1.0,76.09137066252035,168,12,1,1,7.351246376738045,2.0,1.0967363114870268,1.2028305369341687,1.3191879264211404,0.02177950026204363,0,arterial,post_monsoon
4.0,303.1933395349996,287,15,0,1,3.4142017981839654,3.0,4.641648895378339,5.0,5.0,0.03532381072167932,1,collector,monsoon
2.0,36.41481683219681,823,4,1,0,10.443356939578688,3.0,2.157616101787336,2.327653621345989,2.5110914663998543,0.017857485962237567,0,arterial,dry
3.0,48.643770880331736,279,4,1,1,16.470135269209155,4.0,3.300854819813273,3.631880847161505,3.9961037997801894,0.022549967725863283,0,local,dry
5.0,299.2337436931991,265,10,0,2,15.869681711521364,1.0,5.0,5.0,5.0,0.037442863333525166,0,local,monsoon
1.0,44.220330853827825,633,11,0,0,8.23935056879649,2.0,1.106522413378587,1.2243918513091725,1.3548170262317014,0.023899624122713074,0,collector,post_monsoon
3.0,205.22891879913024,672,5,1,1,13.101225392658431,2.0,3.513977920785392,4.116013609255743,4.821193648192292,0.037587697749067894,1,highway,monsoon
1.0,426.6376860818272,166,5,2,1,18.787999076080457,4.0,1.1597896362914095,1.34511200044896,1.5600469577719096,0.03519417327593149,0,local,monsoon
2.0,37.22483683752169,549,5,1,2,4.3996647732738365,1.0,2.2206950072869938,2.4657431576946904,2.7378317597723325,0.024724409465058942,0,local,dry
4.0,78.01082377534657,390,3,1,1,11.205820098137353,3.0,4.140431722134895,4.285793711415234,4.4362590593174716,0.008083829587154244,0,arterial,post_monsoon
3.0,374.41004878237555,566,10,0,1,13.432481454044698,1.0,3.8707156870591004,4.994146643348468,5.0,0.06126295348515253,1,local,monsoon
5.0,42.65198327516943,439,7,0,1,12.050076700183952,4.0,5.0,5.0,5.0,0.008471674583226677,0,highway,dry
3.0,280.11794569093917,226,4,1,1,16.253166970086973,1.0,3.4185033021868803,3.895388275687535,4.438799227912632,0.030940121214393563,1,arterial,monsoon
2.0,45.628023623747,403,7,0,1,4.510869851690671,3.0,2.1122866542897976,2.2308774549453934,2.356126337718572,0.012827148316810434,0,local,dry
2.0,45.16717661270537,625,5,1,0,6.970906696012935,5.0,2.124677809755281,2.257127897633249,2.397834778940477,0.014210385742230222,0,local,dry
2.0,58.33816229399484,888,17,0,1,15.410206713479978,1.0,2.3035430452214563,2.6531552805940706,3.0558286972525264,0.03351982535779127,1,collector,dry
2.0,35.35466846063683,577,6,0,2,3.4888796945249254,5.0,2.2202290485092155,2.4647085139220684,2.7361087193588784,0.024674235620200654,0,collector,dry
1.0,40.179941034078794,421,9,0,1,16.058839205166382,1.0,1.0756601322733927,1.157044720162413,1.2445868767361319,0.01716369374669955,0,arterial,dry
2.0,169.8874096496233,264,8,0,2,14.249090781159566,0.0,2.4255365740835595,2.9416138361085054,3.5674959731557108,0.0460396838950158,1,arterial,pre_monsoon
3.0,420.6343755784674,468,6,1,0,15.709598698526804,2.0,3.6596843879057603,4.464429939693719,5.0,0.04747071129951477,1,arterial,monsoon
4.0,162.90091166764108,424,8,0,1,9.65355173620148,2.0,4.4968433394389065,5.0,5.0,0.027695556789387586,1,collector,pre_monsoon
3.0,26.605142243796553,561,7,0,0,14.549192183567259,4.0,3.1367844363105544,3.279805533293374,3.4293476503199645,0.010457685048033736,0,collector,dry
4.0,38.98303693330119,488,16,0,0,6.138562149246065,1.0,4.339917661442209,4.708721327024504,5.0,0.01921314533529909,1,highway,dry
1.0,354.6510172764327,595,6,1,1,9.927475287668404,6.0,1.2109319606660174,1.466356213362445,1.7756576044817827,0.0456698989593284,0,collector,monsoon
2.0,86.02178128436239,428,1,0,2,12.181694701387666,1.0,2.153681380458725,2.3191717442672997,2.4973785018572334,0.01742406752215673,0,arterial,pre_monsoon
3.0,68.90900091612812,841,15,1,0,7.506252877215451,1.0,3.4665071152196494,4.005557193289485,4.62843083698575,0.034300011757368465,1,arterial,dry
3.0,116.04115458355501,616,4,0,2,13.090534340171306,3.0,3.337413169464254,3.712775554571146,4.130355343696897,0.025181360711820797,1,local,post_monsoon
1.0,312.3704841875069,358,7,0,2,6.278963856033672,3.0,1.2559445754794654,1.5773967766762946,1.981122925045386,0.05461297628104199,0,collector,monsoon
4.0,55.57670447273591,700,4,1,2,13.343254049175055,3.0,4.3510956567536425,4.733008353555103,5.0,0.019825067077103232,1,local,post_monsoon
4.0,135.10909908533583,268,4,0,0,20.709251521936395,3.0,4.279980032120839,4.579557268838275,4.900103416645415,0.01591118539261346,0,arterial,pre_monsoon
3.0,57.62021698792048,329,2,0,1,5.716671806913208,1.0,3.1831152055179235,3.377407470533137,3.58355902489462,0.013920546607154784,0,collector,dry
1.0,303.8303746577608,339,1,2,0,11.887199418620373,3.0,1.1696032867591843,1.3679718483978867,1.5999843700802048,0.03723143111746148,0,collector,monsoon
4.0,48.16769833642664,765,4,2,0,3.9101947097742613,1.0,4.457229982978916,4.966724780291557,5.0,0.025575991253684933,1,arterial,dry
3.0,137.73868767880418,464,9,0,0,7.835229909547913,4.0,3.332403758011861,3.7016382688038583,4.111784425920833,0.024822104531249455,1,local,pre_monsoon
4.0,29.85607734079885,374,1,0,2,15.50974585869723,0.0,4.169057164347965,4.345259409900273,4.528908718448786,0.0097057598602987,0,collector,dry
4.0,53.91806014723207,532,9,1,1,9.846856991049329,1.0,4.4628333668524744,4.979220415072947,5.0,0.02587668249565751,1,collector,post_monsoon
4.0,53.177988377122745,608,16,1,0,15.712050693842318,1.0,4.375812800467421,4.786934416183634,5.0,0.021173901158543926,1,local,dry
3.0,80.61564971391992,817,8,1,2,13.779416793383787,0.0,3.4422517921733053,3.949699133573444,4.531952973696179,0.03260681901335424,1,collector,post_monsoon
1.0,50.55409112309241,200,1,1,0,11.677408643300039,2.0,1.032947759524535,1.0669810739067567,1.1021357097470668,0.007592555738832554,0,arterial,post_monsoon
3.0,138.40608387555565,752,8,1,2,6.852937026382667,1.0,3.4105236105221,3.8772237659762334,4.407787732379786,0.030378104409428706,1,highway,pre_monsoon
3.0,338.178312415237,86,10,2,0,15.427441092487689,4.0,3.5440269284248207,4.186708956466757,4.945936427731856,0.03965124255646148,1,arterial,monsoon
4.0,284.6503767206635,681,12,2,1,13.520668642257473,0.0,5.0,5.0,5.0,0.06139738123607484,1,local,monsoon
2.0,67.39219916239207,732,7,0,1,4.359797959953225,3.0,2.2092418343024613,2.4403747412160524,2.6956889848347734,0.023488800221045464,0,local,post_monsoon
2.0,116.27614875546888,743,9,0,1,7.177372033583405,9.0,2.1228371108410253,2.2532186995819363,2.3916081371567453,0.014005298431260882,0,arterial,pre_monsoon
4.0,314.343636966142,613,10,0,1,3.0,3.0,4.852551657634755,5.0,5.0,0.046114064635774964,1,collector,monsoon
4.0,75.30590803904477,286,9,0,0,5.171865968581203,0.0,4.439854389276455,4.92807674949435,5.0,0.024641728072681845,1,arterial,pre_monsoon
5.0,99.67150171837892,649,8,2,0,10.433118694898132,3.0,5.0,5.0,5.0,0.03857461499649478,0,collector,post_monsoon
4.0,154.2568961090403,286,4,0,2,6.720721798261537,0.0,4.598501436634633,5.0,5.0,0.03307014647172703,1,local,pre_monsoon
3.0,153.85637332593558,312,10,1,1,7.841667019731565,2.0,3.626845067870459,4.384668382112091,5.0,0.04526997293564545,1,arterial,pre_monsoon
3.0,327.73097728135485,408,4,2,2,18.952850787878887,4.0,3.8188959111008733,4.861321993274322,5.0,0.05793064834802635,1,arterial,monsoon
4.0,67.17952976359142,426,17,0,1,17.14406662019033,3.0,4.580843186021814,5.0,5.0,0.032143149734612006,1,collector,post_monsoon
3.0,388.2714665581623,548,4,2,1,8.526659061196991,4.0,3.8321367536448916,4.895090699545337,5.0,0.058785390970374544,1,collector,monsoon
3.0,21.27206976513598,360,10,1,2,15.967688172012577,1.0,3.3604807613760768,3.7642769825262468,4.216593460090081,0.026830366732921444,1,local,dry
2.0,42.97692270783,565,1,0,1,18.074364264520874,2.0,2.173957388712777,2.363045363969438,2.5685799644324168,0.019651057652413238,0,local,pre_monsoon
3.0,65.77075555798027,225,5,0,1,15.092742457928779,5.0,3.235037821599369,3.4884899023927973,3.7617989248360626,0.01775573544837917,0,local,post_monsoon
4.0,315.23743159878126,507,4,0,2,13.494637415209477,1.0,5.0,5.0,5.0,0.05416991893266844,1,local,monsoon
2.0,62.9077378718937,445,1,0,0,17.491615388592024,2.0,2.106560472256496,2.218798511636756,2.337016620257768,0.012185826212459644,0,arterial,post_monsoon
2.0,36.85069648284356,702,4,1,2,15.847589899787064,0.0,2.266231827431034,2.567903347830701,2.9097321483103196,0.029589280786664368,0,collector,dry
2.0,133.86756987879144,722,8,2,0,5.934528682212946,1.0,2.291597146220736,2.6257087402835104,3.0085333280202677,0.032266732569777426,1,collector,pre_monsoon
2.0,304.5365263048223,466,6,0,1,11.055338730305166,2.0,2.360650218716054,2.786334727562077,3.288780842017777,0.03944229441993499,1,highway,monsoon
2.0,96.91371901007376,108,11,0,2,9.239654594702268,2.0,2.13690313666276,2.2831775077395706,2.4394645889232756,0.015569063612996434,0,collector,post_monsoon
3.0,34.57603927485222,205,3,0,1,17.762367419635396,4.0,3.1542086017308626,3.316343967744322,3.486813556452466,0.011764576457605765,0,highway,dry
5.0,128.05092349016368,724,9,2,0,9.097889746072873,0.0,5.0,5.0,5.0,0.036873877897201486,0,local,post_monsoon
3.0,360.76239023444725,471,4,1,0,8.239075143450782,5.0,3.4206835468564165,3.9003586425780643,4.44729754516867,0.031093502829407246,1,local,monsoon
2.0,31.367598473607828,849,11,0,1,17.1334103723582,1.0,2.203296810647609,2.4272584179049623,2.6739853653937824,0.02284549262262357,0,collector,dry
1.0,48.666799459477595,679,10,2,1,13.298355079658851,0.0,1.106421307074734,1.2241681087489629,1.3544456789612325,0.023877793435859697,0,collector,dry
3.0,31.71588264366033,551,11,2,1,22.558911753158206,1.0,3.4241189716421134,3.908196910653147,4.460710395560179,0.031335035148421224,1,collector,dry
2.0,320.31231571369676,525,6,0,1,7.688792385967724,0.0,2.3480795429598067,2.756738770033167,3.236520955599529,0.03814812077389397,1,arterial,monsoon
4.0,30.913368776521708,270,12,0,2,9.405820352670002,1.0,4.368829575246083,4.771667964386217,5.0,0.020793414305817767,1,highway,dry
3.0,14.134844794052729,373,1,0,0,17.609838687139128,1.0,3.140890211862846,3.2883971076586116,3.4428314293876765,0.010766137092089852,0,local,dry
4.0,52.62548454719293,583,8,0,0,5.604498143694892,5.0,4.314417536908019,4.653549670694865,5.0,0.017812645408317757,1,local,post_monsoon
2.0,44.3224808041925,430,7,0,0,18.59846178962944,2.0,2.1269543737966163,2.2619674541062778,2.405550784948472,0.014463848014371498,0,collector,dry
3.0,29.934973820332925,593,10,0,0,5.962723089077142,2.0,3.2731663045983215,3.5712058858526117,3.8963835907853235,0.02054209711595318,0,arterial,dry
2.0,117.50458019686774,705,6,2,1,15.05111781605517,0.0,2.2629686669579634,2.5605135938167507,2.8971810170636187,0.029243170308829343,0,local,pre_monsoon
5.0,338.97642681558284,464,3,0,0,3.0,2.0,5.0,5.0,5.0,0.03199116476630684,0,collector,monsoon
3.0,401.9728871123473,413,2,0,1,12.225649199941563,1.0,3.4550406717472772,3.979102014475959,4.58265309901532,0.033500708917382195,1,local,monsoon
2.0,129.68011892226033,320,6,0,0,5.152347553075855,1.0,2.2005573267869654,2.4212262742378976,2.664023608791656,0.022548606664510633,0,local,pre_monsoon
2.0,368.53931655374055,666,5,0,1,21.631376185057434,5.0,2.437878532029123,2.9716258684642356,3.622231454975679,0.047279210300871136,1,arterial,monsoon
2.0,385.6737472768277,650,10,1,1,6.6418474360224256,3.0,2.572269923737007,3.3082862802809934,4.2549026489392885,0.06047441117293504,1,collector,monsoon
3.0,33.96746263908456,937,10,0,2,7.85571495509579,2.0,3.255871387235452,3.533566163406169,3.834945655445833,0.019281316179136018,0,local,dry
2.0,54.839291145911346,535,7,2,1,14.677129781514363,4.0,2.1849270570303907,2.3869531222717417,2.607659230357349,0.020849266330326972,0,collector,dry
3.0,126.1555467220855,480,7,0,1,8.995211855516308,0.0,3.2645919154069567,3.5525201247134874,3.865842826153389,0.01991767339308714,0,collector,pre_monsoon
2.0,83.9539381578214,593,11,0,0,15.499766785096007,3.0,2.3113669060966107,2.6712084872993085,3.0870714484140054,0.03433782988383356,1,arterial,pre_monsoon
3.0,367.0079388994841,442,6,1,0,8.445549106671063,1.0,3.401529812478453,3.856801688393233,4.3730086412956055,0.029743453427022566,1,arterial,monsoon
4.0,362.495973179444,322,6,2,0,8.060245216987223,4.0,4.621303850643165,5.0,5.0,0.03426316503820566,1,local,monsoon
4.0,107.8092944588873,517,1,2,2,11.862206469597263,1.0,4.531322244791015,5.0,5.0,0.029528775949515425,1,arterial,pre_monsoon
4.0,56.54366052551966,591,10,1,2,5.915347465199288,4.0,4.400816976934418,4.841797516118546,5.0,0.022532468502213507,1,local,dry
2.0,37.97799831699725,604,6,2,0,13.98183182333742,2.0,2.1786973327032215,2.3733610337640663,2.585417676901766,0.020169365608717398,0,collector,dry
1.0,345.5693935787711,588,11,2,2,16.386492599348777,3.0,1.3566227396688777,1.8404252577866913,2.4967627553743816,0.0737597529867108,1,highway,monsoon
3.0,157.85283481185002,712,2,0,1,14.764983199962188,2.0,3.3208450194756454,3.6760038811254,4.069146393402809,0.0239915725888026,1,highway,pre_monsoon
2.0,448.1192674385575,604,5,2,2,15.216404356891273,1.0,2.537451834622283,3.2193309065139957,4.084448557495079,0.057107504788735,1,local,monsoon
3.0,51.681096780393254,554,10,0,1,3.0,1.0,3.2389609390243708,3.4969559881752112,3.7755012837289597,0.0180435882739291,0,collector,dry
1.0,301.5070443103502,246,8,0,0,9.691761270704713,2.0,1.150911597137319,1.3245975044251743,1.5244946293820845,0.033339725069830385,0,collector,monsoon
2.0,53.06527590252658,549,2,0,0,10.864674171781438,0.0,2.082789868629158,2.1690068184321327,2.258792713209005,0.009509183762701481,0,arterial,post_monsoon
1.0,42.702585332454234,465,10,1,1,19.272263358977995,1.0,1.1013939676527549,1.2130686719818775,1.3360665176693782,0.022790365709265452,0,arterial,dry
4.0,85.87199385107294,275,1,1,1,9.093463058300198,0.0,4.280423066763697,4.580505407620683,4.901625251053855,0.015935721815001892,0,collector,pre_monsoon
2.0,69.39808516582553,600,10,1,2,3.0,1.0,2.38036804887154,2.833076024044251,3.3718818238294777,0.041461677368585935,1,local,post_monsoon
3.0,39.99908131558669,603,3,0,1,6.98015246501587,4.0,3.1685272361312347,3.3465216153684803,3.5345149615323086,0.012834402248776562,0,arterial,dry
1.0,272.8809247842057,585,11,0,1,8.69403391306105,3.0,1.231204704754478,1.5158650250095618,1.8663401505645372,0.04972867826177509,0,collector,monsoon
3.0,45.41923159300592,611,7,0,1,3.0,0.0,3.246947897544916,3.514223549790451,3.803500255498313,0.018628794254911943,0,collector,dry
2.0,364.1393086184821,524,8,0,0,16.843512603529373,2.0,2.307158708563481,2.661490653250155,3.0702406692032023,0.0338981164422427,1,highway,monsoon
4.0,47.933115782839806,450,6,1,2,4.152099839074707,3.0,4.49716647579134,5.0,5.0,0.027712787665580746,1,arterial,dry
4.0,86.1529432362601,854,7,0,0,14.230107741160442,1.0,4.3909066781339785,4.820015364020391,5.0,0.021994715840412616,1,arterial,post_monsoon
2.0,430.04807386174343,529,7,0,1,6.538016371517326,0.0,2.387908727021543,2.8510540442928223,3.404028416788447,0.04223055929042716,1,highway,monsoon
5.0,213.71464691336936,50,9,0,0,19.534921836525385,3.0,5.0,5.0,5.0,0.01970699047104347,0,arterial,monsoon
5.0,246.20701308280758,50,6,1,0,10.619231511109223,1.0,5.0,5.0,5.0,0.021613380898325298,0,local,monsoon
4.0,271.7765803463189,740,12,0,1,9.604441727072864,1.0,4.525463896097106,5.0,5.0,0.029218047591891564,1,collector,monsoon
4.0,97.97039993059879,133,4,0,1,14.641272233283292,3.0,4.278307154600371,4.57597802727618,4.894359883347442,0.015818519479352863,0,collector,pre_monsoon
2.0,141.42511108126286,391,10,0,0,6.963497577396291,0.0,2.1399886136227133,2.289775633217431,2.4500468914180207,0.01591103004504181,0,collector,post_monsoon
3.0,72.46838288564409,256,9,2,1,14.877732369471005,4.0,3.459531894726823,3.9894536435440546,4.600547374124931,0.033814025024250724,1,local,post_monsoon
1.0,114.86486414275396,439,11,2,0,9.591656875817538,1.0,1.1744369117827138,1.3793020597577181,1.6199032514773908,0.03823005039636942,0,arterial,pre_monsoon
1.0,96.9460024429471,577,7,1,2,9.026990766949694,4.0,1.1264179192777428,1.2688173288699995,1.4292185755292885,0.028165976877771795,0,arterial,post_monsoon
5.0,276.629912289305,367,8,1,1,11.562156448580264,3.0,5.0,5.0,5.0,0.037045326938710856,0,collector,monsoon
2.0,189.4670733807458,336,8,0,0,6.5516478200666395,2.0,2.15272946955164,2.317122084538043,2.4940684979669867,0.017319121196610658,0,collector,monsoon
4.0,105.40256260935786,645,2,0,0,11.04554157706666,2.0,4.296283631909085,4.61451326145248,4.956314448601424,0.01681284181886331,0,collector,pre_monsoon
4.0,52.29851165138274,1026,8,1,0,13.697425235613032,1.0,4.307706302421647,4.639083396980794,4.995952196658448,0.017443001125674297,0,highway,dry
4.0,32.78979385035225,608,20,1,0,3.0,0.0,4.649762047114944,5.0,5.0,0.03574577871573036,1,highway,dry
5.0,53.845222288495265,317,13,0,1,17.456537647688002,1.0,5.0,5.0,5.0,0.016972856732410533,0,arterial,dry
2.0,290.5516120102148,674,3,0,0,16.079890650639495,1.0,2.192860994640951,2.404319670908851,2.636169412491993,0.02171301340950539,0,collector,monsoon
1.0,79.09787257987458,848,1,0,1,3.0,3.0,1.0887165225051132,1.1853036663756267,1.2904596857690331,0.020031201671208962,0,arterial,pre_monsoon
3.0,125.44377020827616,712,7,1,0,3.0,0.0,3.354943618755887,3.7518822283436144,4.195784446768341,0.026435332913952836,1,highway,pre_monsoon
1.0,72.69061617265785,191,11,1,1,16.209533128005972,2.0,1.0831848098357566,1.1732893322589244,1.2708891822452049,0.01881953649016831,0,collector,post_monsoon
1.0,60.088576901460755,605,6,2,1,15.822594542580275,2.0,1.1169545390444462,1.2475874422919915,1.393498456522891,0.02614393526417611,0,collector,pre_monsoon
2.0,122.93479475556802,408,14,1,1,15.115173769956968,4.0,2.3357824858377447,2.727939910573177,3.1859371327673056,0.0368769667478251,1,local,pre_monsoon
4.0,65.00817401277632,510,3,0,2,4.865380982488409,2.0,4.503573692718293,5.0,5.0,0.028054249332440943,1,collector,dry
3.0,72.92518043691624,425,7,2,0,21.143211118717414,0.0,3.3731526745299796,3.792719655229584,4.264474149593363,0.02773253891148393,1,arterial,dry
2.0,374.40705600052576,648,6,0,0,8.22499566592236,2.0,2.4213493534667734,2.931466345766981,3.5490520705162427,0.045618054817532935,1,collector,monsoon
3.0,344.35101600157395,429,9,2,2,13.197382705091249,2.0,4.013884457627975,5.0,5.0,0.07029503185282272,1,collector,monsoon
2.0,315.80888790898143,783,10,0,0,13.258895109194185,4.0,2.4361470028092205,2.967406109648174,3.614518750068584,0.04710560007316836,1,local,monsoon
1.0,52.370355253163005,499,11,0,2,19.964655763986784,2.0,1.0789151688059613,1.164057941479596,1.255919770431378,0.017881067121515718,0,collector,dry
4.0,342.8312183189782,455,6,1,0,12.62583649971872,1.0,4.975200340269456,5.0,5.0,0.052224644114809995,1,arterial,monsoon
3.0,66.78776336782407,614,12,0,1,14.079206778372654,4.0,3.4858050058913306,4.050278846365686,4.7061607593057575,0.035640664556257355,1,collector,dry
4.0,57.06964918908751,571,8,2,1,11.614370612729587,4.0,4.311183265174029,4.646575286479151,5.0,0.017634561861138688,1,local,dry
1.0,56.84953796670784,620,12,1,2,6.01700305644151,2.0,1.107948314222391,1.227549466988238,1.3600613625742128,0.024207339258247872,0,local,dry
4.0,52.484648293811716,473,12,0,1,3.0,0.0,4.3594630741703115,4.751229573763616,5.0,0.02028233987358833,1,arterial,dry
3.0,39.29064031437198,766,7,0,0,12.162899373969923,3.0,3.2388605778296746,3.496739280873059,3.7751503359227456,0.01803622775508693,0,arterial,dry
3.0,28.95177666188806,698,4,1,1,4.938184547426107,2.0,3.2998084324115093,3.6295785635380344,3.9923046500209534,0.02247432273321579,0,collector,dry
3.0,48.27818518485552,497,7,0,0,13.750886076569358,1.0,3.128562822255868,3.262635110933867,3.402452970218114,0.009839093287046081,0,collector,post_monsoon
4.0,46.3350940319703,664,10,0,0,12.743750435920779,2.0,4.3809012136164664,4.798073860866557,5.0,0.02145085450840872,1,arterial,dry
3.0,18.195491519225573,447,1,1,0,12.622168480236802,1.0,3.198589207885359,3.4103243069335623,3.636075507848936,0.015068497383947945,0,collector,dry
3.0,37.70573905950687,614,5,0,0,6.735376902687673,3.0,3.15391231179069,3.3157209568216306,3.485831049394049,0.011742399682689888,0,highway,dry
5.0,340.5259688934429,665,9,0,1,17.18272038180683,1.0,5.0,5.0,5.0,0.07686385469752495,0,collector,monsoon
4.0,55.207617416022124,549,1,0,2,14.373855486148074,1.0,4.3031669067289195,4.629311356791734,4.980174857872637,0.017192727931361527,0,collector,dry
3.0,26.888871422666043,335,2,0,1,6.091501084677086,4.0,3.1652566554124357,3.3396165648775726,3.523581186168118,0.01259036587152858,0,local,post_monsoon
4.0,54.792848300891805,261,4,0,1,22.34273791961132,0.0,4.2181768834204565,4.4482540549556795,4.6908806065488395,0.012469118818806314,0,arterial,post_monsoon
2.0,29.49969560596635,558,6,0,1,10.946043412075959,5.0,2.14193215070828,2.2939366691188985,2.4567283516372145,0.016126240164316193,0,collector,dry
2.0,127.55608344954076,355,5,0,2,5.328567496705963,4.0,2.1972314712386805,2.413913069100848,2.651962882131367,0.022187792809638417,0,collector,pre_monsoon
3.0,14.488645951981216,710,5,0,0,8.208240078690858,1.0,3.1574773551879627,3.32322108284159,3.4976651051185126,0.012009130899143771,0,collector,dry
5.0,522.6660944773618,198,1,2,1,4.4555456921669645,4.0,5.0,5.0,5.0,0.027013558962991693,0,highway,monsoon
5.0,92.77857141710038,763,14,1,0,18.797134588434517,0.0,5.0,5.0,5.0,0.02602748435002656,0,arterial,pre_monsoon
2.0,32.360010242727235,510,4,0,1,17.402241634145938,1.0,2.186348678042176,2.390060270988385,2.6127525569582906,0.021004211130233395,0,arterial,dry
3.0,43.09280055526757,329,1,0,0,15.697397873681853,1.0,3.0648157904059614,3.131031943040572,3.198678713098735,0.005,0,highway,dry
2.0,291.19026300841733,409,11,2,0,14.755709509264252,2.0,2.35203620547363,2.7660371559293964,3.2529097682156247,0.038556037928882195,1,arterial,monsoon
5.0,148.9672067637955,459,3,0,0,18.241710804081862,0.0,5.0,5.0,5.0,0.01290339268968392,0,collector,pre_monsoon
5.0,42.27623711463251,596,2,2,2,10.790028937890309,5.0,5.0,5.0,5.0,0.020977653382000888,0,collector,dry
3.0,292.5980513183892,254,9,1,0,14.11331071739528,4.0,3.704907752039385,4.575447150373842,5.0,0.050476723336918765,1,highway,monsoon
4.0,303.6108652088059,308,4,0,1,7.94054234808001,0.0,4.988074776651231,5.0,5.0,0.05285935003009135,1,collector,monsoon
4.0,82.04741688001978,435,7,2,2,11.2327572377943,1.0,4.504646001571278,5.0,5.0,0.02811135981114417,1,collector,post_monsoon
3.0,42.93040595138324,493,4,1,0,14.25038586583695,0.0,3.195353292611129,3.403427554866928,3.6250511478691614,0.014828791166194406,0,collector,dry
1.0,335.1220387960926,643,5,1,1,3.0,1.0,1.2002632333824812,1.4406318294097686,1.729137417681088,0.043512968391642516,0,highway,monsoon
3.0,239.52441636579573,553,3,0,0,8.901446121826417,3.0,3.3238387100026943,3.682634590037459,4.080161135053803,0.024206891134485535,1,local,monsoon
3.0,41.400804552264134,422,2,0,1,12.824935698870915,3.0,3.1859863007532434,3.383502902862445,3.593264632359527,0.014133863791967967,0,arterial,dry
3.0,413.25694649666156,547,20,0,2,11.612419670293129,2.0,3.75093836183931,4.689846198105923,5.0,0.053507642151383705,1,local,monsoon
2.0,58.693849383112926,533,3,0,0,9.738018371272348,3.0,2.155743640133946,2.323615320988978,2.504559475169893,0.01765130572004476,0,local,pre_monsoon
5.0,92.81457881721396,449,1,0,0,14.945759694037388,2.0,5.0,5.0,5.0,0.018926171114129187,0,local,post_monsoon
2.0,42.310433960987055,523,11,0,0,8.461438133959728,0.0,2.21093183126167,2.4441097812430415,2.701880057224119,0.023671431530090884,0,local,dry
3.0,323.2030563487413,69,8,2,1,5.890462700067316,2.0,3.5314989458169106,4.157161601435317,4.8936706043531215,0.0387925495674141,1,collector,monsoon
3.0,99.25315791918679,686,7,0,1,17.918830531447778,0.0,3.2881322603436685,3.6039379205042548,3.950074846895305,0.021628983819145475,0,collector,pre_monsoon
3.0,81.14347822506659,609,5,1,2,17.213242629685986,2.0,3.521313134785881,4.133215397738522,4.851448556318635,0.03809267071830108,1,local,post_monsoon
3.0,52.22110038727906,799,5,2,0,9.004254511986874,2.0,3.271810096545769,3.5682471026196114,3.89154229910701,0.02044341579667894,0,arterial,dry
2.0,33.70857590799859,337,5,0,0,11.656527151566516,1.0,2.080694536102914,2.1646448762842603,2.2519823833439143,0.009272121673884168,0,arterial,post_monsoon
2.0,66.33280445656958,614,11,0,0,16.229948436785225,3.0,2.2631119608675854,2.560837873710964,2.897731410918999,0.02925837695458714,0,arterial,post_monsoon
3.0,34.46806202655758,119,6,1,2,12.220171633653742,1.0,3.1298679496492023,3.2653577940804333,3.406712901276523,0.00993737383102998,0,local,dry
3.0,111.34829492938701,146,11,1,0,14.651038034356738,1.0,3.2144890599417844,3.4443133054951396,3.6905691465086834,0.016243613622413253,0,local,post_monsoon
2.0,77.48495812109533,452,6,0,0,14.377833968633723,2.0,2.2031246723054063,2.4268791608604023,2.673358677997697,0.022826845817229015,0,collector,post_monsoon
4.0,32.604212552944986,384,6,0,1,10.404148914225965,0.0,4.264120321885394,4.545680529878998,4.845832181063951,0.015031547676624065,0,local,dry
3.0,150.49929621947646,709,2,0,0,14.579620013407027,1.0,3.331720344575262,3.7001201514855673,4.109255195359122,0.024773060595844523,1,local,pre_monsoon
3.0,423.10637693616286,735,15,1,0,7.17528186987691,2.0,4.014757796372532,5.0,5.0,0.07034936463397973,1,highway,monsoon
4.0,45.552544522305055,756,7,0,0,13.971371590392776,1.0,4.160458388031167,4.327353499634726,4.5009435413828305,0.009219448886002608,0,arterial,dry
2.0,46.39664074391414,619,6,1,2,11.629511717941632,1.0,2.24345218455637,2.516538852195375,2.8228672927393474,0.02716510834694975,0,collector,dry
1.0,44.12995841697717,628,14,0,0,10.196397840423703,2.0,1.0920297424104093,1.1925289583089447,1.3022770911590706,0.02075467023499659,0,local,dry
4.0,28.56624950015045,243,8,1,0,5.766320652683274,4.0,4.266920254420983,4.5516521143970055,4.855384149499669,0.015187024319962336,0,arterial,dry
3.0,128.67913907621283,779,9,1,1,12.658296304795954,3.0,3.4706039725743247,4.015030644816228,4.644860435302286,0.03458510400104477,1,collector,pre_monsoon
3.0,54.89168950138405,750,7,1,0,12.192651388282224,1.0,3.277327111490491,3.5802909985702023,3.9112615855464967,0.020844653051829296,0,collector,dry
4.0,76.25094942759323,224,3,0,1,7.801817689221174,1.0,4.376500804674633,4.788439823329428,5.0,0.021211362444178993,1,local,post_monsoon
4.0,219.11738649708417,593,11,2,1,4.0156408989060095,4.0,4.950588469157314,5.0,5.0,0.05100777324313632,1,collector,monsoon
5.0,53.12486778051966,390,1,1,0,3.7776244968427015,1.0,5.0,5.0,5.0,0.011989402333597684,0,collector,dry
3.0,378.55021349742907,869,3,2,1,10.729635052202203,3.0,3.7805088397082374,4.764082362370708,5.0,0.05543971964987512,1,collector,monsoon
3.0,355.09720958518665,304,3,1,2,13.532488197108947,1.0,3.294135585452411,3.6171097517813005,3.971749983276573,0.022063903284060386,0,arterial,monsoon
3.0,62.04510915530942,518,8,0,2,21.249857971504788,0.0,3.380176766073002,3.808531656633246,4.291170072868406,0.028231497697038466,1,highway,post_monsoon
2.0,17.345053458785483,537,6,1,2,11.774225774747427,4.0,2.217545291251046,2.4587535593748426,2.726198688969215,0.024385094814896906,0,collector,dry
3.0,23.67224167699,489,1,0,2,3.8730697421076687,1.0,3.1588794882886964,3.3261732071770176,3.502326772882303,0.012113973140907522,0,collector,dry
2.0,130.14420736274093,929,16,0,2,10.965409158768644,2.0,2.306985521189139,2.6610910974881614,3.069549316235252,0.03388000697041224,1,arterial,post_monsoon
5.0,111.57570174542258,838,10,0,0,18.256824492594745,0.0,5.0,5.0,5.0,0.027922548688920454,0,collector,post_monsoon
3.0,307.80988826091925,172,5,2,1,8.586021957493767,3.0,3.431028530070903,3.923985591386834,4.487768838545124,0.0318202592145051,1,highway,monsoon
3.0,310.36080281803555,597,8,2,0,17.593017887004457,3.0,3.749308915316818,4.685772447491392,5.0,0.05340083828058689,1,highway,monsoon
2.0,45.14665995147049,497,8,2,1,12.878623565174982,1.0,2.160089768661698,2.332993904338474,2.5197381315558225,0.018129655816242506,0,collector,dry
1.0,365.43825342648483,666,5,2,2,15.234407772604282,0.0,1.4379181202823823,2.0676085206364196,2.973051757473358,0.08844035811038072,1,arterial,monsoon
1.0,35.59606068380099,542,8,2,0,21.294279991020215,0.0,1.0742959292448098,1.1541117435919692,1.239857548034482,0.016862543782339146,0,collector,dry
3.0,29.974485629031324,337,8,1,0,3.0,1.0,3.237972989362297,3.49482302661327,3.772047520925055,0.01797112414924327,0,collector,dry
1.0,106.93541247130433,292,11,0,2,16.482520915041196,4.0,1.1135699610429235,1.2400380581371382,1.3808691320915156,0.025417563138316106,0,collector,post_monsoon
3.0,40.02749500891722,419,7,1,1,11.526494410593417,1.0,3.2389646863876935,3.4969640798888433,3.7755143881087316,0.018043863103245197,0,collector,dry
4.0,165.57058717592943,475,8,0,0,7.254097333231844,4.0,4.528225036513376,5.0,5.0,0.029364537604585263,1,local,pre_monsoon
4.0,65.01813804337138,538,6,0,0,11.496826815384466,2.0,4.565698466688063,5.0,5.0,0.03134591971050861,1,local,post_monsoon
3.0,26.21938785777808,385,5,1,1,20.45485471575772,1.0,3.2420657851302,3.503663518370633,3.7863692051727753,0.018271212247905226,0,arterial,dry
2.0,83.73970713926714,841,3,0,1,18.674729898778264,1.0,2.1720797242356507,2.35896516421781,2.561930201687864,0.01944549739105247,0,local,post_monsoon
4.0,29.599244512143194,607,3,0,1,3.0,5.0,4.263164978949559,4.543643909435499,4.842575897880719,0.014978480806541867,0,local,post_monsoon
4.0,271.7983740340584,674,5,1,1,8.150801469920834,1.0,4.975456137385337,5.0,5.0,0.05223726709106224,1,collector,monsoon
2.0,43.930299643594935,472,6,0,0,16.71447117784684,4.0,2.126898846863533,2.261849352394713,2.405362389693672,0.01445766837374903,0,highway,dry
4.0,37.97894405138031,292,11,0,1,11.891279611084837,1.0,4.23923561683309,4.492779653756559,4.761487881696961,0.013646281661512171,0,local,dry
2.0,114.54163684972744,676,5,0,2,11.909933300613844,0.0,2.2380947906727724,2.5045341460183,2.8026924126328194,0.02659224407586462,0,collector,pre_monsoon
4.0,74.8758252381338,301,5,1,1,4.158367721036747,1.0,4.395059772626073,4.829137601238987,5.0,0.022220184216650084,1,highway,dry
5.0,63.02419411047266,95,5,0,0,8.272615788504861,5.0,5.0,5.0,5.0,0.016043911655399652,0,collector,dry
1.0,104.93376641378815,613,6,1,1,5.2089712648304305,3.0,1.0974872619630764,1.2044782901712106,1.3218995807739697,0.021942703618043208,0,collector,post_monsoon
4.0,41.17695840172622,348,13,2,0,3.7334126095925235,2.0,4.3473845555277935,4.724938118410398,5.0,0.01962204247041102,1,collector,dry
3.0,354.2661577154821,433,5,2,1,5.711310083012364,0.0,3.7535448067270796,4.696366205369276,5.0,0.05367841052543525,1,local,monsoon
5.0,52.40252076809362,638,9,2,0,7.359511212768301,1.0,5.0,5.0,5.0,0.02473815109922772,0,arterial,dry
3.0,411.2384057610227,313,8,2,1,8.194432655459556,4.0,3.7343110218984736,4.648359602757473,5.0,0.05241610981697658,1,collector,monsoon
4.0,111.9245764765763,179,7,0,1,7.789351389697876,1.0,4.278957899262914,4.577370175916123,4.896593568021693,0.015854569560345113,0,collector,post_monsoon
1.0,66.76766151586766,743,3,1,1,17.102280367088003,2.0,1.1080469264165094,1.227767991141073,1.3604245489364382,0.024228608939073883,0,collector,dry
2.0,43.693123416310286,488,9,0,2,7.464278974898206,1.0,2.1446096911698103,2.299675363729734,2.4659530357996227,0.016422482264984776,0,local,dry
1.0,198.40533340403385,751,1,0,0,19.13092346092816,0.0,1.130063905570501,1.2770444306732542,1.4431418169136747,0.028941540313095707,0,collector,monsoon
5.0,344.13186949474107,625,2,1,0,9.580120612055206,0.0,5.0,5.0,5.0,0.03394612493144866,0,arterial,monsoon
4.0,334.9127063071392,631,4,0,1,14.195993298754594,1.0,4.8783639449476395,5.0,5.0,0.047409836234045766,1,local,monsoon
4.0,60.76210186069696,532,6,0,2,14.355715406994339,0.0,4.387682303641114,4.812938999421347,5.0,0.021819554204677058,1,local,dry
5.0,44.517804371166505,532,7,1,2,7.510782896036014,6.0,5.0,5.0,5.0,0.02235293776944673,0,local,dry
1.0,83.33238876285935,726,12,0,0,10.359547174961499,2.0,1.1345605812161605,1.287227712449552,1.4604378215943123,0.02989542229378299,0,arterial,post_monsoon
2.0,118.53670989445513,662,9,0,0,9.485280815298232,2.0,2.2607599617663428,2.5555178023628775,2.8887061645815533,0.029008684512526934,0,collector,post_monsoon
1.0,76.2848190473713,382,7,2,1,13.862203564054138,0.0,1.1076204436491583,1.2268230471895583,1.3588542878071108,0.02413661036225789,0,local,pre_monsoon
2.0,22.250784989039005,598,5,0,1,11.355777552910784,5.0,2.2014820646588555,2.423261640507308,2.667383519776317,0.022648854904355323,0,collector,post_monsoon
2.0,121.0430774428337,376,5,1,2,8.258008630265095,1.0,2.2652064571715353,2.565580146805809,2.9057843574678066,0.02948056502369806,0,local,pre_monsoon
3.0,153.5562422800785,437,2,0,1,12.595291443296551,3.0,3.296629380749348,3.622588424673277,3.9807771450468072,0.022244391217634066,0,arterial,pre_monsoon
2.0,46.58550752042954,613,1,2,2,13.698080415649802,3.0,2.180309870163433,2.3768755649660434,2.591162627222875,0.020345497821928234,0,collector,dry
1.0,147.25335496937316,373,1,0,1,21.25022339271294,3.0,1.0658958704073718,1.1361340065514889,1.2110005458126138,0.015001728687947647,0,collector,pre_monsoon
2.0,250.7910481466814,529,11,0,0,12.340632280479506,3.0,2.296449224244242,2.6368395197659904,3.027684034811584,0.032776305117263115,1,collector,monsoon
1.0,54.70418486664067,576,4,0,2,12.050041734042695,1.0,1.1164419625913082,1.246442655834732,1.3915808849376505,0.026034038568476643,0,collector,dry
5.0,107.04746474906617,432,4,2,0,14.14199305230002,3.0,5.0,5.0,5.0,0.024136725457069894,0,arterial,pre_monsoon
4.0,284.5866820216619,643,11,0,0,7.252988186685706,1.0,5.0,5.0,5.0,0.05813618715489775,1,local,monsoon
5.0,315.0875493685497,412,1,1,2,3.3724519948225407,1.0,5.0,5.0,5.0,0.02919897409356331,0,collector,monsoon
3.0,353.82041925620933,688,4,0,2,10.43948954139589,2.0,3.783944679201827,4.77274577841994,5.0,0.05566345859280754,1,collector,monsoon
2.0,103.25729273224046,526,2,2,0,17.360495489888706,5.0,2.2333986707511446,2.4940348112564896,2.785087016133663,0.02608922428024408,0,collector,post_monsoon
4.0,15.242662246824874,534,8,0,0,18.167758565843457,1.0,4.298257202545896,4.6187537448094185,4.9631478876032284,0.016921810344955077,0,collector,dry
2.0,189.21268031658528,320,9,0,1,3.0,0.0,2.2083462860766434,2.438396659614252,2.6924121036204136,0.0233919784337938,0,collector,monsoon
2.0,316.589788867583,453,9,1,1,15.330397402467334,1.0,2.346030302414183,2.7519290899227915,3.2280545175269775,0.037936644531607694,1,local,monsoon
2.0,219.2298324251958,538,13,1,1,3.0,1.0,2.435835729901093,2.966647851531395,3.613133417397243,0.04707438054233152,1,collector,monsoon
1.0,23.326564862675987,704,9,1,2,14.29590277416293,6.0,1.09389346822759,1.1966029198309855,1.3089561180651776,0.021160890685400512,0,collector,dry
2.0,51.30849455910454,435,7,0,2,13.99679656448328,2.0,2.1850476101154555,2.3872165292356318,2.608090886017215,0.020862408607039033,0,collector,dry
2.0,88.46435475204122,704,16,1,2,3.3800998524222834,2.0,2.389231593161217,2.854213802879844,3.4096888957386735,0.04236525276585024,1,local,post_monsoon
3.0,113.88349593060437,348,1,0,0,17.000230715658436,0.0,3.2222559062307905,3.46097770841307,3.717385287422374,0.016816021379622337,0,collector,pre_monsoon
1.0,65.92989171755272,566,15,2,0,20.719179506454594,4.0,1.1691474355019877,1.3669057259408748,1.5981143240567568,0.03713708980234113,0,collector,post_monsoon
2.0,318.82817663197386,398,13,0,1,11.687598344987618,4.0,2.4338171841524483,2.9617330429378765,3.6041583873871628,0.04687185354499051,1,collector,monsoon
4.0,277.18226640773196,808,6,0,1,12.704999374884817,4.0,4.825662826833974,5.0,5.0,0.04475861899099113,1,arterial,monsoon
1.0,80.73581751049981,772,4,2,0,19.39558101493453,3.0,1.1731586049373237,1.3763011123384876,1.614619492924707,0.03796626115178803,0,arterial,post_monsoon
2.0,345.6425627282478,557,4,0,0,6.3683398295600995,4.0,2.4106022659512036,2.9055016423045386,3.5020044213321326,0.04453332042302775,1,arterial,monsoon
4.0,107.61842162415707,392,5,2,0,6.494612711885536,1.0,4.530963762172541,5.0,5.0,0.029509770786406837,1,collector,pre_monsoon
2.0,355.58324301698127,196,11,1,1,7.803082480403995,3.0,2.4169587303657605,2.920844752145635,3.5297806118707045,0.04517534346662873,1,arterial,monsoon
1.0,116.2353442249217,575,1,1,0,12.185410521554962,4.0,1.0821611044683197,1.1710726560240936,1.267289278855682,0.018594784334503806,0,collector,post_monsoon
3.0,117.52229023750463,541,15,0,1,12.172079221312401,1.0,3.290875012476845,3.6099527825814928,3.959967802806231,0.021827761881754466,0,arterial,pre_monsoon
2.0,120.96346366296962,671,6,1,1,9.23354862359873,1.0,2.2914564447996524,2.6253863192069313,3.0079792006177803,0.03225194355817694,1,collector,pre_monsoon
3.0,23.60384872481889,206,11,0,1,10.497597942712309,2.0,3.308265049246435,3.6482058786885045,4.0230773336401855,0.023085139440656974,1,arterial,dry
4.0,47.74079043550901,528,2,1,1,9.302158825246234,2.0,4.186420652527339,4.381529469976858,4.58573136569207,0.010685426968358237,0,collector,post_monsoon
1.0,39.280082026009985,585,9,0,1,9.540999943096942,2.0,1.086228769822415,1.179892940389917,1.2816336571618914,0.019486870270393277,0,local,dry
3.0,211.23632209561143,319,8,0,0,8.157392698607067,1.0,3.331324623503468,3.6992412490535065,4.107791153750557,0.024744658859232424,1,collector,monsoon
3.0,99.26362686626649,523,9,0,1,8.197801307629074,2.0,3.341232156582625,3.721277441393926,4.144550616916966,0.025454966505611454,1,collector,pre_monsoon
1.0,114.34749459273822,354,4,2,0,3.0,1.0,1.1127809191941729,1.2382813741226284,1.3779358857172022,0.0252479817981633,0,local,pre_monsoon
3.0,356.5705937727464,334,5,1,1,10.88162452811008,2.0,3.4601813103127084,3.9909515667457898,4.603138673872333,0.03385930365912433,1,arterial,monsoon
2.0,37.24143129183214,393,2,1,0,3.0,2.0,2.1007506522262567,2.2065766514145215,2.3177336698231428,0.011533769403690532,0,arterial,dry
3.0,369.7459064011001,446,10,0,0,15.752795593537108,2.0,3.6862886659587235,4.529574709591915,5.0,0.049242531979155915,1,arterial,monsoon
1.0,275.4894103394915,747,12,0,0,9.2004107792742,4.0,1.097491740260757,1.2044881199405846,1.3219157628769995,0.02194367662539902,0,arterial,monsoon
3.0,74.55717396956274,435,8,0,0,11.402952106418363,3.0,3.208420085433042,3.431319814870056,3.6697051378578243,0.01579559865183768,0,arterial,post_monsoon
2.0,19.39710067633697,330,1,0,1,10.133951836240218,1.0,2.1387274960109606,2.2870776510966566,2.4457179289562907,0.01577130485139569,0,collector,dry
4.0,62.938280774572235,662,12,2,1,10.779431123258863,4.0,4.623814237328838,5.0,5.0,0.03439423208861245,1,arterial,post_monsoon
1.0,285.3594790575,705,7,0,1,18.31687407798359,0.0,1.072580076068193,1.1504280195784504,1.2339261727504347,0.016483349922164294,0,highway,monsoon
3.0,39.69105922686566,663,1,0,1,5.242517940363592,1.0,3.201583582181371,3.416712477897766,3.646296858090573,0.015290145457391708,0,local,post_monsoon
3.0,95.70718375200202,773,1,2,1,3.8834153882875775,2.0,3.3634994464371353,3.7710428420609707,4.227966837254265,0.027045517246720985,1,highway,pre_monsoon
4.0,311.53101965943165,538,2,2,0,12.59686163331982,2.0,4.855435207029785,5.0,5.0,0.04625908004412495,1,arterial,monsoon
3.0,38.90914644450124,531,6,1,0,9.520601381303406,4.0,3.2478128229530427,3.516096044312738,3.806540606484461,0.018692101253937825,0,local,post_monsoon
3.0,79.39880437250434,359,2,0,1,13.79811960671973,1.0,3.2943670642094,3.6176181179158875,3.9725873261830995,0.022080660922212773,0,local,post_monsoon
4.0,111.90778180165027,779,3,0,0,15.582886198706577,1.0,4.290625884799739,4.602367620828385,4.936759411322615,0.01650024270332849,0,highway,pre_monsoon
4.0,51.172635028067255,481,10,0,1,6.468283717174074,1.0,4.320245694494385,4.666130715199317,5.0,0.018133293730456253,1,collector,dry
2.0,173.53906820849318,439,11,1,1,15.016944216324069,3.0,2.3127770002837567,2.674468726520766,3.092724879337708,0.03448503296014968,1,local,pre_monsoon
3.0,132.08154567809464,421,10,0,0,6.890282565402469,6.0,3.3663217981132507,3.7773741494841437,4.238618979679325,0.027246540638005044,1,arterial,pre_monsoon
4.0,30.25299512103058,627,1,0,1,12.372875954690622,3.0,4.301178556947963,4.625034244687239,4.973274529599692,0.01708303931324971,0,arterial,dry
5.0,44.74117288230421,516,10,0,0,5.815431382030975,2.0,5.0,5.0,5.0,0.021661531104071412,0,arterial,dry
4.0,35.7306394352236,537,5,1,1,12.660718785956641,3.0,4.522947824003665,5.0,5.0,0.029084499792932438,1,highway,post_monsoon
2.0,26.479720860645642,435,14,0,0,11.895613595390497,2.0,2.1649079815909937,2.3434132843781956,2.5366370617583605,0.018659103493667877,0,arterial,dry
2.0,390.2671438842542,460,8,0,0,6.485352556969274,1.0,2.4155779759612392,2.917508478974499,3.523734613245487,0.04503599305011895,1,arterial,monsoon
3.0,57.99246176087727,470,11,1,2,5.207943293261277,2.0,3.2417654060574046,3.5030143159701765,3.785316875478654,0.018249198016583288,0,highway,dry
4.0,60.54030051366651,784,9,0,1,15.753192920484942,0.0,4.4886088213384605,5.0,5.0,0.027256139874775123,1,arterial,dry
3.0,44.62648571394402,139,8,0,0,9.734997736608092,2.0,3.1798996315132113,3.3705872221659523,3.5727096885828837,0.013681460078861883,0,local,dry
3.0,57.56694663264842,589,5,0,1,17.06015481116173,1.0,3.17713670085087,3.364732538631184,3.563405079010751,0.013475880694046307,0,local,dry
4.0,340.17937815927684,717,11,1,0,9.283031350876637,1.0,5.0,5.0,5.0,0.06578116970163404,1,arterial,monsoon
2.0,114.56046575017884,132,10,2,0,18.510898678096048,1.0,2.246216235869231,2.522743689141268,2.833313916742878,0.02746025734685188,0,arterial,post_monsoon
4.0,51.487207208805884,485,5,2,2,7.258052225060847,1.0,4.483342505006269,5.0,5.0,0.026974790386219194,1,collector,dry
3.0,97.37662560626819,696,5,1,1,19.36373278755604,0.0,3.262626231072172,3.5482433078934026,3.8588638968531024,0.019774346712233715,0,highway,pre_monsoon
2.0,86.49241464263523,349,4,2,0,12.87185931529031,2.0,2.2156041392556642,2.454450850943416,2.71904573247491,0.0241757930644921,0,local,pre_monsoon
3.0,70.51976175183604,553,10,0,2,13.998983703843557,2.0,3.5324906087426378,4.159496633618311,4.897794265117766,0.03886060516697156,1,collector,post_monsoon
4.0,253.9204022738174,313,7,1,0,6.979876932777865,3.0,4.59419485890315,5.0,5.0,0.03284431808615011,1,collector,monsoon
1.0,282.37694927315897,506,8,1,0,15.646075914653935,3.0,1.15530202878694,1.3347227777192194,1.5420079329671543,0.034258165616671776,0,collector,monsoon
2.0,392.4501916971152,755,5,0,0,15.819640662055864,3.0,2.33876387172288,2.7349082238380977,3.198152273195167,0.03718562466371766,1,local,monsoon
5.0,67.2375360309101,839,12,0,0,10.37782571237393,3.0,5.0,5.0,5.0,0.027224719610150213,0,collector,post_monsoon
2.0,30.57549183750243,551,1,2,0,3.0,3.0,2.1345828209206936,2.2782219096848726,2.4315266753292324,0.015311651283527308,0,arterial,dry
3.0,89.8697921310123,244,10,1,1,6.433357170433164,3.0,3.2907990451034426,3.6097861184179103,3.9596935705057748,0.02182225793721751,0,local,pre_monsoon
3.0,114.3572728393344,437,10,0,1,6.432596693040206,3.0,3.332386740343384,3.7016004624054677,4.11172143298964,0.02482088338251712,1,collector,post_monsoon
3.0,395.754644417849,137,5,1,1,14.246764087706737,4.0,3.5750808119506465,4.2604009373258975,5.0,0.04176974843823442,1,arterial,monsoon
3.0,316.549821872305,441,1,1,1,9.674838302399285,0.0,3.4465051710952705,3.9594659647954806,4.548773307481118,0.032904394810831565,1,local,monsoon
2.0,291.47091552863344,692,8,2,1,9.771951418638748,0.0,2.28067953754505,2.6007495764883513,2.965738170687969,0.03111711706304367,0,collector,monsoon
3.0,28.435689857907015,227,11,1,1,9.168438650692913,1.0,3.2502411077267626,3.52135575278563,3.8150850742113245,0.018869767085978803,0,collector,dry
2.0,305.5362066520531,458,14,1,2,19.34645138910979,1.0,2.7455792881929515,3.769102813877057,5.0,0.07673194642936003,1,local,monsoon
3.0,293.957998740584,336,9,2,0,12.226759804149237,3.0,3.3718253786162684,3.7897354612935805,4.259442068877242,0.027638164518993324,1,collector,monsoon
1.0,92.86226358860779,858,4,1,2,12.988701677916485,2.0,1.142981813071847,1.3064074250130067,1.4931999272518894,0.03167405300472312,0,collector,pre_monsoon
3.0,345.21858904911227,579,9,2,0,8.903052442810056,5.0,4.128272806714084,5.0,5.0,0.0773355673606621,1,local,monsoon
2.0,87.24417860891339,670,9,0,0,11.851806714964018,3.0,2.197602802896404,2.4147290396490657,2.6533076528840644,0.022228098420530914,0,collector,post_monsoon
2.0,41.4826526258426,558,8,1,0,7.121553286473929,1.0,2.1697036465852637,2.353806957002696,2.5535317689832566,0.019185177197039126,0,local,dry
2.0,135.96348402559144,652,3,1,1,13.718623387789648,0.0,2.1679107851422055,2.349918586167947,2.5472069235798074,0.018988608751829318,0,collector,pre_monsoon
2.0,156.47620686596943,716,9,1,2,6.267232110134848,2.0,2.33991995079502,2.737612688064285,3.2028972731756022,0.03730523044175583,1,collector,pre_monsoon
4.0,385.9678262837392,507,8,0,0,15.721099227995792,0.0,4.901761421067856,5.0,5.0,0.048579850887848636,1,arterial,monsoon
2.0,69.47240412489872,393,16,2,1,8.325238636141197,6.0,2.5121550271725153,3.1554614402740704,3.963504160116766,0.054639021696562984,1,collector,dry
5.0,391.10041901498096,312,7,0,0,16.741964064941016,5.0,5.0,5.0,5.0,0.03321335398646556,0,local,monsoon
5.0,63.78883366570197,851,13,0,1,21.53647128840988,3.0,5.0,5.0,5.0,0.03535965678595727,0,collector,post_monsoon
3.0,86.22147311593818,664,12,1,1,12.005505557625794,2.0,3.52315721847539,4.137545595365083,4.85907454369385,0.03821949479934707,1,collector,pre_monsoon
1.0,79.06152996569395,55,7,1,1,18.558075610714447,4.0,1.0773190020773757,1.1606162322369928,1.2503539211083607,0.017529497602893084,0,local,post_monsoon
2.0,71.7564210282533,451,11,0,2,15.757244744927094,4.0,2.221702592895761,2.4679812056398736,2.741560121894057,0.02483287740303269,0,arterial,post_monsoon
4.0,64.28970969446023,583,3,2,0,4.836089804821037,0.0,4.352495078294727,4.736053351644956,5.0,0.019901591287001204,1,local,dry
2.0,55.62565297813944,834,6,0,2,12.554638887592539,1.0,2.1493454462616337,2.3098429236828104,2.4823251847986536,0.016945750917714254,0,collector,dry
1.0,105.509546854442,279,4,0,1,14.505993528446114,2.0,1.0941350995262276,1.1971316160152679,1.3098237198348588,0.02121351813778925,0,collector,post_monsoon
3.0,113.84030273866915,585,6,0,2,14.988576577131479,1.0,3.3542370430160435,3.75030204691367,4.193134016085574,0.02638488805184459,1,collector,post_monsoon
4.0,21.16873653425066,420,1,2,0,12.891034024874962,1.0,4.195809181550722,4.401203671996334,4.616652694209242,0.011213841144929425,0,arterial,dry
4.0,46.90596159438109,260,14,0,2,12.826556981636106,2.0,4.342101553399487,4.713461475008558,5.0,0.01933279395781358,1,collector,dry
2.0,14.544702800147263,769,5,0,0,12.025436790576169,3.0,2.1287536974906005,2.2657961522899512,2.411660968473605,0.014664029402815833,0,collector,dry
3.0,66.43347752564834,307,10,1,1,12.665880429968427,1.0,3.4375113052068516,3.9388279911416384,4.513255249604859,0.03227483169949288,1,collector,post_monsoon
2.0,42.866206549483756,694,7,0,2,5.881605148504772,2.0,2.164221407990853,2.3419271514029547,2.534224438510655,0.01858371481733588,0,local,dry
2.0,246.6349832757095,181,5,2,2,10.81894609510661,1.0,2.3003288389680576,2.6457563836940663,3.0430548551476493,0.03318315457424659,1,collector,monsoon
4.0,78.20323035473065,401,1,2,1,4.735093225942357,4.0,4.426674721654188,4.898862272833045,5.0,0.023931203125104352,1,local,post_monsoon
2.0,42.09306203624559,614,3,0,0,9.51186158623012,1.0,2.105839519801753,2.217280041579439,2.334617969012829,0.012104986136133268,0,collector,dry
2.0,340.17577707115373,643,6,1,1,9.045972244495557,2.0,2.470813598289325,3.05245991874572,3.7710297377350264,0.05056355422919804,1,arterial,monsoon
1.0,19.868636428524738,587,5,0,1,8.726685131647297,1.0,1.0793675254995285,1.1650342551029753,1.257500141052685,0.01798063007137986,0,arterial,dry
4.0,79.36471576696013,697,3,0,1,6.739959211054762,0.0,4.387724802508309,4.813032235636645,5.0,0.02182186356426613,1,arterial,post_monsoon
4.0,41.54324014205159,442,4,0,2,13.346386368984435,1.0,4.318058959470895,4.661408294366718,5.0,0.01801302480751403,1,highway,dry
3.0,262.99372585126105,778,8,1,0,10.409648471440695,0.0,3.42261533072815,3.9047652340451213,4.454836450979042,0.031229342455271418,1,local,monsoon
4.0,246.90943599156088,571,10,1,1,9.897868721235,1.0,4.79372753887499,5.0,5.0,0.04314124205159454,1,arterial,monsoon
2.0,32.776439758484,646,2,1,1,4.962130027518617,4.0,2.146526104365453,2.303787158361163,2.472569637162072,0.016634339462850093,0,collector,dry
3.0,40.973994678590394,572,3,0,0,10.510694039015052,0.0,3.07123997492016,3.1441716611825288,3.2188352312783026,0.005491142829382297,0,highway,dry
2.0,182.37470095400414,598,7,0,0,17.727663999579825,2.0,2.3143649291950896,2.6781425127440968,3.099099553440676,0.03465071827641531,1,local,pre_monsoon
1.0,24.23686825522718,299,6,2,1,17.804031549301705,3.0,1.0713052027283056,1.147694837392736,1.2295314504432548,0.016201308860851735,0,collector,dry
3.0,35.96043931863379,311,5,0,0,13.867562898592228,2.0,3.1733060826067723,3.3566238313030468,3.5505316069656025,0.013190631785127008,0,arterial,post_monsoon
5.0,105.58583638911274,391,10,1,1,10.524230124400804,1.0,5.0,5.0,5.0,0.025105876696457627,0,arterial,post_monsoon
1.0,148.09519818171023,602,7,1,2,14.79491415112263,2.0,1.165698807904996,1.3588537107511287,1.5840141507398708,0.036422459201523205,0,local,pre_monsoon
2.0,357.55592575837414,382,1,0,0,8.663232059116542,3.0,2.314860671227831,2.679289963598682,3.1010914817750175,0.034702426402040076,1,local,monsoon
2.0,402.19209340171466,440,3,2,1,10.503738720583097,1.0,2.368608877080908,2.805154006293239,3.3221563404426195,0.040258923561596355,1,collector,monsoon
2.0,84.25507061533847,485,1,1,1,8.287387787014554,2.0,2.1677886628309837,2.349653843349272,2.5467764815949003,0.01897521478862114,0,arterial,post_monsoon
5.0,166.5413316302848,783,6,1,1,16.54183213582045,4.0,5.0,5.0,5.0,0.037458250674074586,0,highway,pre_monsoon
3.0,55.543665325020974,620,1,0,1,15.900029804958184,1.0,3.1941219959960057,3.4008051084351694,3.620862133649452,0.014737531783016457,0,local,dry
3.0,45.302620288997346,207,1,1,2,11.826588704770032,0.0,3.234874895798444,3.4881385304889982,3.7612305884487127,0.017743775226666578,0,arterial,dry
4.0,331.16558125255614,531,1,2,2,20.656261546452818,7.0,5.0,5.0,5.0,0.0863740030119484,1,arterial,monsoon
2.0,170.18969108534858,439,14,1,1,14.062572903854734,2.0,2.331697632622181,2.7184069249879417,3.169251495749063,0.03645357789986094,1,collector,pre_monsoon
3.0,101.36595603611278,454,1,1,1,13.781137731681559,1.0,3.2871972357496775,3.6018885555734412,3.946706034453139,0.021561189845062965,0,arterial,pre_monsoon
3.0,70.2784856857439,500,5,1,1,13.24560123270044,1.0,3.2671177712459256,3.5580195103969805,3.8748229242859002,0.020101747539021456,0,arterial,dry
3.0,407.1155979388833,725,7,2,1,5.6885659113337805,2.0,3.7347439096325257,4.649437356845747,5.0,0.05244457472394189,1,arterial,monsoon
5.0,36.22976080537461,337,7,0,0,7.528600842963147,3.0,5.0,5.0,5.0,0.011143311860176522,0,highway,dry
4.0,39.7549635646957,540,9,1,0,11.726810231568948,4.0,4.504747784478742,5.0,5.0,0.028116780161592993,1,local,dry
2.0,91.4987435920255,558,6,1,0,11.768082606143496,3.0,2.271194160436848,2.57916145720122,2.928888220209602,0.030114884163869805,0,arterial,pre_monsoon
4.0,17.54243596260379,455,5,1,1,14.948813501052182,2.0,4.2750139306010215,4.568936026708198,4.883066290550606,0.015636016310748926,0,local,dry
2.0,388.0861168920059,372,7,0,0,8.660664454728098,6.0,2.3421237396560985,2.7427718059303343,3.211955479564433,0.03753310487462144,1,local,monsoon
1.0,130.05378399220993,348,7,2,1,12.35343350378272,4.0,1.149161396209047,1.3205719145371264,1.5175502651039388,0.03297284917803538,0,collector,pre_monsoon
2.0,130.93805411114496,415,7,2,0,12.442800655517415,1.0,2.291145110092685,2.6246729577508106,3.0067533063716367,0.0322192169463079,1,local,pre_monsoon
2.0,345.35771703155393,647,9,1,1,12.640975408880623,3.0,2.649835299182122,3.510813556395804,4.651538845292363,0.0678511997909154,1,collector,monsoon
3.0,27.011960996232844,428,4,1,1,12.082072585266408,1.0,3.228175092146622,3.473704808518618,3.7379091134432514,0.01725154882051943,0,local,dry
3.0,52.52225738001381,480,6,0,1,4.980799907240019,1.0,3.2583520855425547,3.538952771119838,3.8437180474716417,0.019462471357506506,0,collector,dry
5.0,81.44936741539159,268,1,0,1,3.0,3.0,5.0,5.0,5.0,0.013715701559424785,0,collector,post_monsoon
3.0,145.67205962582523,405,6,1,2,7.291181820963702,2.0,3.2146117024910428,3.4445761325974535,3.6909915819897043,0.01625266047430122,0,arterial,pre_monsoon
3.0,105.75129886435867,545,4,1,2,9.344384886005477,1.0,3.543851769818957,4.186295122149652,4.945203125871504,0.039639252888468195,1,collector,pre_monsoon
1.0,59.049302334326526,166,11,0,1,6.10774065474781,2.0,1.051443609341596,1.1055336636252826,1.1624063055308052,0.011773724412952073,0,collector,dry
1.0,101.70291879152393,708,1,0,0,11.721630655628253,6.0,1.108535557441376,1.2288510821118623,1.3622251193213115,0.024333980441092872,0,highway,pre_monsoon
3.0,384.1668432874514,381,5,0,0,17.450534843940993,1.0,3.694997566116402,4.551002337868711,5.0,0.049820406706432944,1,collector,monsoon
3.0,319.7514449033507,852,4,1,0,15.630165827139397,3.0,3.9316769970006193,5.0,5.0,0.06513960814562424,1,arterial,monsoon
4.0,331.08611901494146,583,9,0,1,14.331666477068053,1.0,4.403375509784854,4.847428970043255,5.0,0.022671148816603048,1,arterial,monsoon
2.0,22.761242212145763,133,1,0,1,16.926553693312513,2.0,2.087182359683321,2.178165101286618,2.2731138879416317,0.010005549374664604,0,local,dry
1.0,49.098862923142924,555,7,0,1,7.376884778348851,0.0,1.0731033715308853,1.1515508459909531,1.2357330953221353,0.016599044522782123,0,collector,dry
3.0,37.777458285906775,436,7,2,0,9.71601865164538,1.0,3.2088215809202962,3.432178646059944,3.6710829696836518,0.01582525732525901,0,collector,post_monsoon
2.0,81.46151142085064,557,10,0,0,15.074234315291111,2.0,2.2790261918583714,2.5969801915882353,2.95929293818348,0.03094265343318244,0,local,post_monsoon
1.0,68.91746159450699,823,3,1,1,9.627349954140032,2.0,1.0900395410660149,1.1881862010874085,1.2951699413342905,0.020320295722393206,0,highway,dry
4.0,162.0029943548344,640,1,0,0,9.90086754924435,2.0,4.515716356683024,5.0,5.0,0.028700351404544685,1,local,pre_monsoon
1.0,60.871514877259735,454,8,1,0,21.31209560954634,1.0,1.1247655238590926,1.2650974836620188,1.4229380339439304,0.027813850301241307,0,arterial,dry
3.0,29.21492834162452,220,1,1,0,12.477210389316614,2.0,3.1549792820913836,3.317964756808621,3.4893700221468587,0.01182225303259144,0,collector,dry
2.0,51.44099569197992,674,4,0,1,20.818131001003685,2.0,2.1753798661219963,2.366138780964478,2.573625332280285,0.019806694994811108,0,local,dry
2.0,22.836775672954143,601,6,0,1,3.0,2.0,2.147909769333281,2.306758188598674,2.4773542243903175,0.016787211849206934,0,highway,dry
2.0,348.11141616913017,731,9,1,0,8.845668476983528,0.0,2.5919440851552293,3.359087070285589,4.35328293167407,0.062361477617047016,1,highway,monsoon
4.0,392.9603923346886,471,1,0,0,14.044082903259639,3.0,4.673229801916213,5.0,5.0,0.03696317567772332,1,collector,monsoon
2.0,30.882366903602737,559,5,0,1,12.468662898865396,2.0,2.177104135526788,2.3698912084639208,2.57974997534769,0.0199952476908482,0,local,dry
4.0,56.6703427625964,450,7,2,2,3.0,2.0,4.37849497412491,4.792804559609276,5.0,0.021319917892786193,1,arterial,dry
1.0,82.16968565685103,517,3,1,2,10.852104097138913,3.0,1.1444665097933435,1.3098035920385571,1.4990263454951518,0.03198659010805649,0,arterial,post_monsoon
4.0,56.12111875331257,197,5,0,0,24.365087983093517,1.0,4.156625850355088,4.319384614960039,4.488516437042238,0.009002448222920434,0,collector,dry
2.0,347.8592336495999,563,10,1,0,13.234563859150487,1.0,2.492066584844325,3.1051979316488283,3.869180002394879,0.05266516350105604,1,highway,monsoon
3.0,47.878014490235195,576,4,2,1,15.022179999993938,2.0,3.2771643936488744,3.579935487666665,3.910679037247072,0.020832826446781395,0,arterial,dry
3.0,384.9957065776582,399,5,0,1,8.780284160374286,3.0,3.365330934132486,3.775150765409678,4.234877217282373,0.02717598058583085,1,collector,monsoon
5.0,56.327452862936674,621,10,2,0,13.216420736981705,1.0,5.0,5.0,5.0,0.021699960407102353,0,highway,dry
2.0,15.174994004097321,674,6,1,1,11.938359008823394,3.0,2.1821984724563426,2.3809950865953975,2.597901920447267,0.020551656762266793,0,collector,dry
1.0,45.51681833598405,780,12,1,0,17.59407215869454,3.0,1.1032513000583002,1.2171634310803296,1.342837137722795,0.02319255435143976,0,arterial,dry
1.0,43.395628042601004,295,1,2,0,17.435004433899138,1.0,1.0513030121960203,1.1052380234524253,1.1619400632491104,0.011742154530674318,0,local,dry
4.0,77.91212782760667,633,5,0,1,14.0375807241037,1.0,4.422500094377934,4.889626771193209,5.0,0.023705807896480517,1,local,pre_monsoon
3.0,250.29492198941534,767,10,0,1,12.354829077972724,2.0,3.3431932374102313,3.725647007555167,4.1518526268787,0.025595372137974543,1,collector,monsoon
4.0,12.547716803247233,429,4,0,1,3.6044623205197936,0.0,4.393514689538509,4.8257428317976645,5.0,0.022136321905993055,1,highway,dry
2.0,29.104670471156396,778,6,1,2,3.4302228145225335,3.0,2.257678679620493,2.5485565102064665,2.8769108484505734,0.028681268538220492,0,arterial,dry
2.0,320.75454617601883,354,12,0,0,12.409554566987588,1.0,2.3371217161597073,2.731068958072648,3.1914202851206253,0.03701565237617003,1,highway,monsoon
1.0,372.04366957987855,513,3,0,1,16.373170557308278,3.0,1.1784738901479126,1.3888007097603543,1.636665375071467,0.03906167175944945,0,local,monsoon
5.0,74.08633550897663,154,8,1,0,18.658730284780855,2.0,5.0,5.0,5.0,0.01269068612992446,0,collector,post_monsoon
3.0,471.4023998839735,126,9,0,0,7.551306248131895,1.0,3.4972868738314538,4.07700515929126,4.752818876044147,0.036435628970909344,1,local,monsoon
5.0,117.03382123021552,189,7,0,1,4.453807031793607,4.0,5.0,5.0,5.0,0.017380645507916594,0,arterial,pre_monsoon
2.0,312.7701551660384,783,7,0,0,16.664795764472913,2.0,2.287586963654038,2.6165270581399507,2.992766594124501,0.03184495243398527,0,arterial,monsoon
3.0,90.11868763288759,344,2,2,1,7.926541164508204,2.0,3.2441294154230818,3.508125221337769,3.7936040745098225,0.01842240966856804,0,highway,post_monsoon
3.0,59.30267831585478,345,9,2,0,4.114658661635923,2.0,3.2868492484431093,3.6011259939970097,3.945452755639339,0.021535955244504523,0,arterial,post_monsoon
2.0,25.12981378461192,581,1,1,1,9.531609209404497,2.0,2.1841527081719514,2.3852615263074353,2.6048877111913735,0.02076483626303379,0,arterial,dry
4.0,43.428216548078844,351,8,0,0,9.444505166378773,3.0,4.226564582438866,4.465962042381656,4.718919248711661,0.012938521800577302,0,collector,dry
5.0,46.3519373740213,740,4,0,0,18.600855381536736,4.0,5.0,5.0,5.0,0.02119334155465169,0,arterial,dry
4.0,255.3353639041794,872,5,0,1,16.328169573407678,2.0,4.66340149316166,5.0,5.0,0.0364539008734632,1,local,monsoon
4.0,271.738309894243,55,6,2,0,8.313064486183347,2.0,4.349177386149415,4.728835984048365,5.0,0.019720140110623046,1,highway,monsoon
2.0,333.5472820451313,604,8,1,1,18.989771712780215,4.0,2.4440869197292145,2.98678043559572,3.649975497371313,0.047900912638076276,1,collector,monsoon
2.0,38.482349315838626,87,13,0,0,12.625129289571767,2.0,2.1160450337722483,2.2388232924760976,2.36872545476884,0.013247355900098366,0,collector,dry
5.0,275.07129973858537,227,7,0,0,17.30417817647047,1.0,5.0,5.0,5.0,0.03037313211002878,0,collector,monsoon
1.0,41.89102324507057,595,4,1,1,18.63589254061106,1.0,1.1075251084961366,1.2266118659493792,1.3585034399182347,0.024116041460146686,0,arterial,post_monsoon
4.0,51.827065600197855,311,1,1,1,10.687035499652358,1.0,4.247954163946522,4.511278644747648,4.790926225919699,0.014132327996303063,0,arterial,dry
4.0,348.6553291731803,552,11,2,2,14.856597870635085,2.0,5.0,5.0,5.0,0.08808049140185871,1,arterial,monsoon
3.0,124.79506055724292,506,7,0,1,9.966207677832912,0.0,3.524542374350602,4.140799649530993,4.8648079428227025,0.03831472334395379,1,collector,pre_monsoon
5.0,71.85850798515997,170,6,2,0,16.65051130959634,0.0,5.0,5.0,5.0,0.026961682309519577,0,collector,post_monsoon
2.0,62.43645926120935,631,7,0,0,12.451375719018614,2.0,2.2160825587798616,2.4555109536641493,2.720807498654013,0.024227390970130196,0,highway,post_monsoon
2.0,299.0345029618576,559,10,0,0,16.801611095328482,4.0,2.215836826099446,2.454966419949233,2.719902500080514,0.024200889582495406,0,local,monsoon
1.0,374.18349000421597,507,5,0,0,19.62378331909231,4.0,1.2042333321407461,1.4501779182388044,1.746352586677646,0.04431732660837195,0,local,monsoon
3.0,91.82519887418513,370,4,0,1,14.736159158974857,1.0,3.300303529434251,3.6306677954653908,3.9941019131925666,0.02251011636825813,0,collector,post_monsoon
2.0,82.93998062089561,577,1,0,0,11.53270072129074,2.0,2.125951315821358,2.259834498621282,2.402149062941207,0.014352197752216203,0,local,pre_monsoon
2.0,57.08935776488717,241,2,0,1,11.615860617050012,1.0,2.110498504998875,2.227101969801243,2.3501476888727866,0.01262702208458304,0,highway,dry
4.0,399.5300131832754,298,5,2,0,3.0,2.0,4.674336135989287,5.0,5.0,0.037020451305953925,1,highway,monsoon
5.0,40.55901414384023,564,11,0,2,8.436028400843279,2.0,5.0,5.0,5.0,0.026014962330923996,0,arterial,dry
2.0,109.81992466751818,706,4,0,1,16.66286760167671,5.0,2.2657805573451553,2.5668807670216616,2.90799426747045,0.029541439135275953,0,collector,pre_monsoon
2.0,64.37085529277402,404,8,0,2,16.84940603507418,0.0,2.2375062499581997,2.5032171093010027,2.8004819635316456,0.026529247552434323,0,collector,post_monsoon
5.0,210.50133518233298,591,11,2,2,8.327161709497359,3.0,5.0,5.0,5.0,0.06996166594896218,0,arterial,monsoon
1.0,76.68844891214836,540,8,0,1,12.82287308869368,6.0,1.1297656841573003,1.2763705010994129,1.4419995924127744,0.02887817563330266,0,highway,pre_monsoon
1.0,26.169679325411998,582,14,0,0,11.053667889602561,2.0,1.1039317499608519,1.2186653085716288,1.3453233267080598,0.023339769740385537,0,arterial,dry
2.0,163.14086165619787,361,7,2,0,15.448011893546465,2.0,2.390884336897106,2.8581639562099572,3.4167697175931266,0.04253345387368468,1,arterial,pre_monsoon
3.0,38.606372952275755,470,6,1,0,23.043073816729493,3.0,3.184707376835206,3.3807870253561934,3.588939126386874,0.014038860268037329,0,collector,dry
2.0,29.74461490586063,492,5,0,1,15.542342890009621,0.0,2.131387277506912,2.2714058633591625,2.4206227796091606,0.014956791125662108,0,collector,dry
5.0,300.1604802574201,799,14,0,1,8.64911272715043,1.0,5.0,5.0,5.0,0.05297163956922004,0,highway,monsoon
3.0,39.238089471581624,279,11,0,1,11.607902359546634,1.0,3.207470297720297,3.429288570252644,3.6664470771323545,0.01572542602710616,0,collector,dry
3.0,101.69337922386438,219,1,1,0,19.009641265513658,1.0,3.218644174832159,3.453223441393663,3.7048991713451906,0.016549972602352643,0,collector,pre_monsoon
2.0,140.64855325464697,1099,15,1,1,4.956615378078449,3.0,2.473541412917606,3.0592035607092125,3.783533348979618,0.05083406855638114,1,collector,pre_monsoon
3.0,45.91160340679919,561,8,0,0,8.924711672555706,2.0,3.2553500177659775,3.5324345793896503,3.8331036569244166,0.019243229258226018,0,arterial,post_monsoon
3.0,179.4981796776228,609,7,2,2,15.549819660033549,3.0,3.436150590614975,3.9357102937945476,4.507897750170525,0.032179472863517404,1,local,pre_monsoon
4.0,47.41756944628604,628,9,0,0,18.47165626602696,1.0,4.485250160712868,5.0,5.0,0.02707673489119117,1,local,dry
4.0,35.84679363210874,654,3,0,0,15.044839511368064,1.0,4.276473656584885,4.572056733866125,4.888070044697504,0.015716924381492952,0,collector,dry
3.0,356.50949892068473,679,7,0,1,8.96652542391347,5.0,3.6929302718479535,4.545911330910332,5.0,0.04968332701975404,1,highway,monsoon
5.0,342.0319879265233,655,5,0,1,14.682676506631962,2.0,5.0,5.0,5.0,0.03439314179115348,0,collector,monsoon
4.0,129.80557218782803,725,5,0,0,14.071463833682902,2.0,4.323467614492785,4.673093053391982,5.0,0.018310412102617295,1,local,pre_monsoon
4.0,126.81941386476954,533,10,2,2,13.7541088351146,2.0,5.0,5.0,5.0,0.05843351049130137,1,highway,pre_monsoon
1.0,57.03801274593287,714,5,0,0,11.514631615188298,3.0,1.0893748780710106,1.1867376249722292,1.292802155506403,0.020175093221658728,0,local,dry
1.0,350.5932348752717,878,7,1,0,12.264971540928135,5.0,1.2745957262289973,1.6245942653212249,2.070700907434571,0.058246660996378416,1,collector,monsoon
2.0,363.06432239953875,539,8,0,0,7.462500697306211,3.0,2.386176829295821,2.846919930334129,3.396627186311886,0.042054131950463945,1,arterial,monsoon
3.0,37.796678441470135,596,10,0,1,24.401021124987466,0.0,3.376509212148266,3.800271486574035,4.277217227693871,0.027971071004235508,1,local,dry
3.0,47.183124550786786,384,12,1,0,12.784997203385947,2.0,3.1763581988990683,3.3630838025711123,3.56078626996047,0.01341793051206826,0,highway,dry
3.0,27.657078763627922,467,7,1,0,14.742561405254051,1.0,3.1520255429385333,3.311755007778986,3.479578792157989,0.011601140907459248,0,collector,dry
4.0,59.40140312444424,570,5,0,1,10.910443917858291,3.0,4.3948358825548315,4.828645608647876,5.0,0.0222080335594954,1,collector,dry
4.0,409.4699842568108,422,14,2,2,16.226551646897256,2.0,5.0,5.0,5.0,0.05502402170629846,1,collector,monsoon
5.0,30.44161452931147,518,1,1,0,5.507835292189325,0.0,5.0,5.0,5.0,0.014666081987226949,0,local,dry
2.0,31.56551222657678,568,10,0,0,3.2719723224291766,2.0,2.1138624171051315,2.2342071592247748,2.361403272956236,0.013003397030129525,0,arterial,dry
3.0,51.15736690949699,804,6,1,1,11.847642462879204,1.0,3.1143128602901538,3.2329815305895453,3.356171985931855,0.00876397203824414,0,local,dry
2.0,35.78535825216297,327,9,0,1,22.270276375588658,2.0,2.1291150139634185,2.2665653713422245,2.412889181127151,0.0147042115501416,0,local,post_monsoon
2.0,54.355160376856475,584,7,0,2,18.04160417269897,0.0,2.1646663905214454,2.342890291126571,2.535787934940346,0.018632577865963736,0,collector,post_monsoon
2.0,56.32058253642569,379,12,1,1,7.957767851347798,1.0,2.1459250459624983,2.3024971514445753,2.4704931527711107,0.016567908785467884,0,arterial,dry
2.0,33.334205723416574,653,8,1,1,14.580437049865466,1.0,2.2033436036636482,2.4273615179027557,2.6741557371251607,0.022850561261124128,0,local,dry
3.0,23.972385517720948,669,1,0,1,8.820052610847206,1.0,3.2352732838105016,3.4889977403126613,3.7626203921695884,0.01777301968019481,0,arterial,dry
4.0,151.66059202413132,835,1,2,1,14.13208343722151,0.0,4.733101615259491,5.0,5.0,0.04004794923374833,1,collector,pre_monsoon
1.0,65.75144123776525,414,6,1,2,14.521969381230187,3.0,1.0899166062977388,1.1879182086835804,1.2947317825676972,0.020293444469063705,0,arterial,dry
4.0,284.5270628454576,529,9,1,0,16.632395604490668,2.0,4.8404793090794795,5.0,5.0,0.04550622081154297,1,collector,monsoon
3.0,412.8804932491215,660,12,2,0,4.171681514211957,2.0,3.7103625955109854,4.588930196722339,5.0,0.050837404235831635,1,collector,monsoon
2.0,83.88937781896392,631,4,2,0,5.672060055725737,3.0,2.393769809042248,2.865066949341081,3.4291553821087284,0.0428268972308806,1,local,post_monsoon
3.0,21.510061848493653,50,1,0,2,11.622147210475207,2.0,3.124060765258064,3.2532518883416,3.387785527956567,0.009499831631128764,0,local,dry
2.0,48.71193014238672,362,8,1,1,6.8378833216772374,3.0,2.1231512985104586,2.253885718183324,2.392670194627551,0.01404031429446825,0,highway,post_monsoon
3.0,370.5664418059416,614,7,2,0,6.451389650075386,1.0,3.800726489643244,4.815173949691952,5.0,0.05675404295683529,1,arterial,monsoon
3.0,54.33821913521071,458,7,1,0,13.35928689611467,1.0,3.2100784709871766,3.4348679299651232,3.675398530888444,0.015918086035570295,0,arterial,dry
2.0,122.56431751044892,662,2,1,0,7.41982217776816,2.0,2.2149809879507014,2.453070388491532,2.716752136306792,0.02410857291690165,0,collector,pre_monsoon
1.0,77.24016643261481,708,11,0,1,23.28828445194229,3.0,1.0872818599590686,1.1821818429960513,1.2853648730625862,0.0197174076368096,0,arterial,dry
3.0,29.366339125141167,457,3,2,1,9.334170063530486,0.0,3.1813060617508757,3.3735694195109565,3.5774522813425302,0.01378605472438956,0,arterial,dry
5.0,27.11709630781571,620,8,1,0,10.648839578961537,2.0,5.0,5.0,5.0,0.02025993211483625,0,collector,dry
2.0,240.49057068813428,791,8,2,2,13.487702702585684,1.0,2.528673948221664,3.197095968207469,4.042206642385373,0.056253097802076935,1,collector,monsoon
4.0,112.52636989533843,703,9,1,1,4.4602230942712655,1.0,5.0,5.0,5.0,0.057642023534298044,1,arterial,pre_monsoon
3.0,103.04228245356924,345,4,2,1,14.542522560826725,1.0,3.4979889872957006,4.078642318414,4.755681970976793,0.036484175897776965,1,collector,post_monsoon
5.0,23.294627273675925,462,3,0,1,13.707338249169434,3.0,5.0,5.0,5.0,0.01062312148810141,0,collector,dry
4.0,95.197008327994,505,10,2,1,10.2534724231115,1.0,5.0,5.0,5.0,0.05579817017704882,1,arterial,post_monsoon
3.0,38.91845260344478,312,9,2,1,13.369636537981416,1.0,3.360201313950029,3.763650956757168,4.21554163004824,0.026810442205302824,1,local,dry
3.0,253.75127260016484,713,8,2,0,14.141412564119847,1.0,3.722598729150592,4.619247099424534,5.0,0.05164499596730232,1,arterial,monsoon
4.0,57.1443960537742,371,11,1,0,19.175953561501498,2.0,4.358049417053249,4.748148680369542,5.0,0.020205131887002712,1,arterial,dry
2.0,39.66557318119405,479,8,2,1,24.50130733990043,0.0,2.230460189925773,2.4874763294218583,2.774108463079072,0.02577405950546383,0,arterial,dry
2.0,59.95156312340713,714,5,0,1,6.692495061826638,2.0,2.199945457384514,2.419880007733379,2.6618020152143242,0.02248225786169962,0,arterial,post_monsoon
1.0,40.60453899247873,409,9,0,2,5.5132629502922805,5.0,1.0995329170740424,1.208972635729353,1.3293052088261894,0.02238685005296213,0,local,dry
4.0,324.6762377934926,432,8,2,0,12.513748056540077,1.0,4.784988289281853,5.0,5.0,0.04269719967319728,1,arterial,monsoon
4.0,390.9740293632514,567,8,1,1,3.0,2.0,4.8832777946536154,5.0,5.0,0.047655914626884836,1,local,monsoon
1.0,86.10554909206311,418,3,0,0,15.24707615912752,4.0,1.0567377510511877,1.116694674496722,1.1800534189385044,0.012960130007203257,0,collector,pre_monsoon
3.0,104.44124996206851,806,3,0,2,12.565403815364286,0.0,3.3028925330650987,3.636366361659061,4.003509101137604,0.022697224480068338,1,collector,pre_monsoon
3.0,152.00214184438485,316,10,1,1,13.836432996306884,4.0,3.6393827806452386,4.41503567468569,5.0,0.04611198798740613,1,highway,monsoon
1.0,48.628697981710566,50,6,1,1,10.482140324400266,2.0,1.0579716063892668,1.1193039199258858,1.184191766201793,0.013235979294551264,0,local,dry
5.0,398.4281253890428,668,1,0,0,13.275078829842009,2.0,5.0,5.0,5.0,0.02920256513857838,0,arterial,monsoon
2.0,104.55288280412651,428,1,0,0,14.361197888219342,0.0,2.168908236880198,2.352081470003385,2.550724437051814,0.01909798424314025,0,local,post_monsoon
1.0,21.50020395447528,338,1,2,1,13.000117028332955,1.0,1.0535615939243295,1.1099920321923737,1.169444974679903,0.012248908522554844,0,collector,dry
3.0,53.63828381623807,576,11,2,1,5.274506922687288,3.0,3.415738568431542,3.8890899892902535,4.428038224173244,0.030745512527407353,1,collector,dry
4.0,291.85215703235224,583,6,1,2,12.860029136007606,3.0,4.984292219311336,5.0,5.0,0.052673001491491095,1,local,monsoon
1.0,127.3622922531402,347,7,1,1,21.269823430249176,2.0,1.081764843272039,1.1702151761393793,1.265897636610977,0.018507742340995243,0,highway,pre_monsoon
3.0,151.66096640252118,737,5,0,0,13.204460292399315,0.0,3.4373570279565007,3.938474445880649,4.512647605324979,0.032264021409342376,1,arterial,pre_monsoon
3.0,27.161592944032428,672,2,1,1,12.685278063840823,4.0,3.1840514553007,3.3793945566675028,3.5867220520641423,0.013990124475802864,0,local,dry
1.0,246.0446561498651,894,10,0,2,19.800188289454127,1.0,1.2813883874882939,1.64195619958985,2.1039836069188453,0.059559906280752445,1,arterial,monsoon
2.0,48.468878518121045,408,9,0,2,8.271922211175639,4.0,2.2628495823068233,2.5602441160730827,2.8967236643297385,0.029230532237913373,0,collector,dry
3.0,148.8408107945644,531,4,1,1,16.448388200433858,2.0,3.4373731559117395,3.938511404327544,4.512711125162582,0.03226515152127604,1,local,pre_monsoon
2.0,356.2239809714133,546,12,0,0,9.349213234739128,0.0,2.577168910055111,3.320899795477325,4.27925985315627,0.06094533410422272,1,collector,monsoon
5.0,41.690190193736036,434,9,0,1,17.432916716725682,2.0,5.0,5.0,5.0,0.023530020996564923,0,arterial,dry
4.0,147.15357549508167,580,3,2,1,15.990240772337819,3.0,4.571591024892458,5.0,5.0,0.0316563492525602,1,collector,pre_monsoon
5.0,123.60420340368236,595,5,0,1,9.9386056833639,0.0,5.0,5.0,5.0,0.02205257419270906,0,local,post_monsoon
2.0,350.8165576649133,595,5,0,0,10.67019436833529,3.0,2.3598170544896626,2.7843682653301336,3.2852998592529237,0.03935668236780428,1,collector,monsoon
5.0,65.06836566816236,434,8,1,0,16.88905770709114,2.0,5.0,5.0,5.0,0.0200113270571262,0,arterial,post_monsoon
3.0,151.53365243273996,458,1,0,1,3.0,2.0,3.19699265491297,3.406920678522493,3.630633461702507,0.014950253111453276,0,collector,pre_monsoon
2.0,357.34274710838713,386,4,1,1,9.79035445052651,1.0,2.486126595491618,3.0904127244053714,3.8415786325949512,0.05207917343891657,1,highway,monsoon
1.0,59.793382023403204,349,10,0,0,15.102087418122583,5.0,1.0551025799412683,1.1132414541987203,1.174583930422639,0.01259417905193147,0,local,dry
1.0,60.106587039476366,487,1,1,0,10.45946614302507,2.0,1.0909390372518362,1.190147982999963,1.2983788947611945,0.020516691909261874,0,local,dry
3.0,57.97250002184619,803,6,2,1,12.674316901034624,0.0,3.273021065614215,3.5708889653181366,3.8958649354852035,0.020531530638581045,0,local,dry
3.0,115.73142922664556,907,2,1,1,3.0,4.0,3.296004011022542,3.621214146892229,3.9785121176427873,0.022199140045394392,0,arterial,pre_monsoon
2.0,104.99448948793807,762,10,0,1,7.72760952165227,2.0,2.3197902662856946,2.690713439776927,3.120945423479308,0.035216143967936944,1,collector,post_monsoon
3.0,38.39976423260466,407,8,1,0,15.397263360759045,6.0,3.2671603015342745,3.558112145307178,3.8749742498515216,0.020104846040066023,0,collector,dry
2.0,355.13129197141205,581,1,0,1,8.244963114677933,2.0,2.411525928236585,2.9077286512786618,3.5060315174174446,0.0446266937760712,1,arterial,monsoon
3.0,219.72006394191368,90,2,1,2,5.487701445889936,2.0,3.248823083201103,3.518283808646774,3.810093883594778,0.018766029468549474,0,arterial,monsoon
2.0,342.2632242929218,468,7,1,0,17.308042664772977,4.0,2.359549078312669,2.783735926483083,3.2841807697995122,0.03932914146608196,1,local,monsoon
4.0,139.31202003576328,422,1,2,0,14.578420270348513,0.0,4.279839631964861,4.5792568188342795,4.899621204548071,0.015903409256820177,0,arterial,pre_monsoon
4.0,269.21610165333874,874,2,1,2,6.5573332359145455,2.0,4.676701755683225,5.0,5.0,0.03714288610077422,1,collector,monsoon
3.0,19.893712275937652,552,3,0,1,12.692519222160493,1.0,3.191476869857072,3.395174870277564,3.6118740225369432,0.014541393076150462,0,arterial,dry
2.0,13.829874638151914,510,12,1,1,6.720261026373565,1.0,2.1758160930293386,2.3670878353427285,2.575173902876345,0.01985440820181365,0,arterial,dry
2.0,80.64262205069768,486,4,1,1,11.237704715621922,1.0,2.2509646142465627,2.533420847295088,2.8513203401278937,0.027966645970676107,0,collector,post_monsoon
4.0,33.193658235827364,441,9,2,0,12.879940947627302,4.0,4.503293187092623,5.0,5.0,0.028039308063283377,1,local,dry
2.0,38.65844711134997,606,5,0,0,7.957518003998023,3.0,2.1426056032253635,2.2953793854863616,2.459046366435535,0.016200777417757564,0,arterial,dry
2.0,108.66447653288427,367,9,2,0,15.711664667626197,1.0,2.248370820313883,2.527585672819462,2.841474936305356,0.027690133620275552,0,arterial,post_monsoon
1.0,43.37416225805534,609,1,0,0,16.48675851160828,1.0,1.051942821776106,1.1065837002862762,1.16406278021059,0.011885792139834055,0,local,dry
3.0,351.75799603662017,786,4,1,0,13.317827624499284,3.0,3.717932399333164,4.607673775337085,5.0,0.05133725597381844,1,collector,monsoon
3.0,46.67992243263366,522,6,0,2,14.069910757702006,2.0,3.2024238187815834,3.418506105033206,3.649168458469532,0.015352312473150732,0,local,dry
4.0,123.26354717582389,437,7,1,0,4.735855808156286,1.0,4.397126160081743,4.833679616918802,5.0,0.022332305988068214,1,arterial,pre_monsoon
2.0,24.972952492104042,484,8,1,0,18.810936134217638,1.0,2.1241309916493507,2.2559662348426266,2.39598389777186,0.014149474494851814,0,local,dry
2.0,43.97076802170203,740,7,1,0,11.543375059717654,3.0,2.180334365072642,2.376928971758361,2.591249960230767,0.020348172550893228,0,collector,dry
4.0,113.53291615920693,527,9,1,0,7.323718174372921,2.0,4.642470951461154,5.0,5.0,0.03536659189251608,1,collector,pre_monsoon
4.0,376.18280807699733,378,6,1,0,12.729179062279625,2.0,4.553611934827395,5.0,5.0,0.030708219159894242,1,arterial,monsoon
2.0,308.44361367435164,661,7,1,0,15.727349961944416,1.0,2.504273470362416,3.1356928071805097,3.926316154114201,0.05386604009841756,1,arterial,monsoon
3.0,99.50988986462963,357,2,1,1,14.561747835269848,5.0,3.2812891994380227,3.5889529367828743,3.9254641695856733,0.021132485397835934,0,local,post_monsoon
2.0,36.557509243276,453,1,2,1,6.576548176057845,4.0,2.1354285388142005,2.2800275221910757,2.4344179200843254,0.015405498785318291,0,arterial,dry
5.0,299.60097665890885,545,2,0,0,15.788189447587492,1.0,5.0,5.0,5.0,0.022810934455399445,0,arterial,monsoon
1.0,437.1766732399704,338,1,0,1,11.69670459100405,2.0,1.1302863379255064,1.2775472057010522,1.4439941526588058,0.028988793344683322,0,collector,monsoon
5.0,92.98757035483565,142,7,2,0,14.506020911920608,3.0,5.0,5.0,5.0,0.017576985838065048,0,collector,post_monsoon
3.0,21.804552565629297,589,10,2,1,7.992242497093501,6.0,3.313450090029463,3.659650499705418,4.0420230925750955,0.023459060289317563,1,collector,dry
3.0,318.8997160019774,61,3,1,0,17.229557946933262,2.0,3.2539479282630923,3.5293923732825574,3.828153000356779,0.01914078104632818,0,collector,monsoon
1.0,92.66025853447843,314,11,0,1,12.91357763132411,2.0,1.123195480287847,1.2615680869390473,1.4169875733253237,0.027478905319586196,0,collector,post_monsoon
3.0,54.77933849666534,655,8,2,1,17.94411657069115,4.0,3.2832904404693934,3.593332038825902,3.932650910836493,0.02127776754746892,0,collector,dry
3.0,72.21836964239117,583,4,1,0,4.325659455719389,2.0,3.419876766802256,3.8985190333712834,4.444151555720947,0.031036754071802997,1,highway,post_monsoon
2.0,45.39850836517377,468,5,2,0,4.992904401924935,2.0,2.1563865016989934,2.3250013723548117,2.5068007878887757,0.017722107876826865,0,collector,dry
3.0,356.5390667895461,320,11,0,0,10.79986076682347,4.0,3.5359363047116106,4.1676151836592,4.912140610655972,0.03909696173518401,1,collector,monsoon
5.0,67.37554412481752,413,1,0,1,19.33812509986391,1.0,5.0,5.0,5.0,0.018766926206915037,0,arterial,post_monsoon
3.0,137.96063827128387,615,11,1,2,21.814054488368626,3.0,3.4755599695638706,4.02650570067827,4.664787343499373,0.03492963744385133,1,local,monsoon
4.0,116.09958080234607,473,10,2,2,7.557868504626003,1.0,4.570549473365528,5.0,5.0,0.03160150095375917,1,arterial,pre_monsoon
1.0,27.40055694441702,252,4,2,1,12.265235158057365,0.0,1.0824893968680853,1.171783294331831,1.2684429915413615,0.018666877922997913,0,collector,dry
3.0,75.10520747149862,324,6,0,2,12.775759876403276,1.0,3.1868297156761365,3.385294545572149,3.5961190847152222,0.014196499988780791,0,collector,post_monsoon
1.0,154.04772844797594,413,13,0,2,15.59078806519027,4.0,1.100896580403147,1.2119732807433428,1.3342572403103294,0.022682572708115065,0,collector,pre_monsoon
3.0,54.05520905229225,573,1,0,1,16.42481333206244,5.0,3.1581951467597396,3.3247321950055913,3.500051027514171,0.012062807064706138,0,collector,dry
5.0,304.2931566594376,520,6,2,0,6.428009035441659,2.0,5.0,5.0,5.0,0.042752621271471135,0,local,monsoon
3.0,148.69648385361805,250,9,0,2,12.322966801086858,3.0,3.4413623593389895,3.9476582960917384,4.528440889234133,0.032544556690712094,1,arterial,pre_monsoon
1.0,16.578516105274264,769,7,2,0,3.0,1.0,1.1225588994384565,1.2601384827084787,1.4145796682892764,0.02734299817225611,0,collector,dry
2.0,35.43262818887011,351,7,0,1,16.053956415202023,1.0,2.144409728204464,2.299246541208971,2.4652633252544915,0.016400368235955386,0,local,dry
3.0,40.8216665048106,588,14,0,1,10.306900658379814,1.0,3.1810059659272856,3.3729329850883283,3.5764399827463,0.013763739908837674,0,arterial,dry
3.0,344.82525217684326,310,2,1,2,5.973089603489689,1.0,3.3670338017069508,3.778972207279055,4.241309052539902,0.027297233034172166,1,arterial,monsoon
4.0,334.54701083814916,996,2,0,1,13.66273404978406,0.0,4.7454092725794865,5.0,5.0,0.040678365278963784,1,collector,monsoon
4.0,324.0924069561702,765,1,0,0,10.150653784972517,2.0,4.604287600708899,5.0,5.0,0.03337330629340028,1,highway,monsoon
3.0,84.48296252899507,345,2,2,0,18.307305153881117,2.0,3.171775866657971,3.3533873827713085,3.545397724076458,0.013076609693069287,0,arterial,post_monsoon
2.0,44.37418732740817,517,4,0,0,7.537089322268926,2.0,2.1220664014801307,2.251582906145415,2.389004217639088,0.013919386907405035,0,arterial,post_monsoon
2.0,325.12063733123057,294,8,1,1,23.114776000304673,1.0,2.310011701698582,2.66807703099219,3.081644581312585,0.03419629198664426,1,collector,monsoon
1.0,43.25110131797463,428,10,0,0,16.272777714816748,2.0,1.0963503667063252,1.2019841265770939,1.3177957379479792,0.021695589915838944,0,arterial,dry
2.0,363.52512962946594,584,3,0,1,18.43847206592086,0.0,2.3991996716942636,2.878079532328931,3.452543734536776,0.04337836251466658,1,collector,monsoon
3.0,89.07524619841655,669,6,1,1,6.855818992257745,2.0,3.368059844621097,3.781275705649697,4.245187621880016,0.027370269580292813,1,local,pre_monsoon
3.0,257.6759339502398,252,12,0,1,20.942296885668796,2.0,3.489404263958367,4.058647372443612,4.720753815769388,0.035890080349504076,1,arterial,monsoon
3.0,320.44104049518194,350,6,0,0,5.937262772958665,2.0,3.5061761562528844,4.09775707955875,4.789152722155114,0.03704971870968667,1,local,monsoon
1.0,145.35840913820545,688,9,1,1,10.950941517732124,2.0,1.160777648389934,1.3474047490016652,1.564037315975582,0.03539987591762151,0,collector,pre_monsoon
2.0,122.552698352541,764,11,0,1,18.5232831370338,2.0,2.397970375553337,2.8751309610157056,3.4472394351759292,0.04325359714603193,1,highway,post_monsoon
2.0,51.10036379170147,345,3,0,1,14.533845362522372,1.0,2.138907340051519,2.287462304663132,2.446334956767569,0.015791234485484768,0,highway,dry
2.0,354.74369436168024,691,2,0,2,5.804190413520191,0.0,2.5068622882103884,3.1421792660257126,3.9385053523982285,0.05412014316563583,1,collector,monsoon
4.0,42.68434616929663,252,13,2,0,17.67705030921326,0.0,4.414712054916283,4.872420631955787,5.0,0.023284882023302034,1,collector,dry
1.0,123.87709014403842,440,9,1,0,13.699772263712688,1.0,1.1098457699493052,1.2317576330743658,1.3670609986703532,0.024616347352306733,0,local,post_monsoon
3.0,37.777443928686544,271,1,1,1,9.918998819725331,1.0,3.133215411314831,3.2723462712335887,3.4176552560625675,0.010189305549356972,0,collector,dry
2.0,42.55754917248769,418,2,0,2,4.289953719751896,2.0,2.093913260415911,2.1922363710727963,2.2951764036776923,0.010764611192440876,0,arterial,dry
4.0,58.84664460694574,881,6,0,0,14.173752649364138,2.0,4.358090602385768,4.748238424650786,5.0,0.020207381527606587,1,highway,dry
3.0,121.6855175517696,489,12,0,1,11.18286098516787,3.0,3.261221693947003,3.545188979023519,3.8538824025111094,0.01967189518232842,0,collector,pre_monsoon
2.0,22.27208983796715,443,10,1,0,12.781546743736174,1.0,2.1572442787350052,2.326851439067456,2.5097934771972916,0.01781655475170209,0,arterial,dry
3.0,315.20905079073225,387,11,1,0,4.073993199147042,2.0,3.467297988982496,4.007385114800687,4.631599449875603,0.0343550672190245,1,local,monsoon
4.0,124.37987742937919,440,5,0,2,9.906714708218265,1.0,4.41929821115506,4.882549169779578,5.0,0.023532822215393868,1,collector,pre_monsoon
5.0,37.73233489971451,338,6,1,1,14.401523107707556,4.0,5.0,5.0,5.0,0.01334407588325891,0,arterial,dry
2.0,47.626706556966646,527,3,0,1,21.38232305652366,1.0,2.1475482938107806,2.305981837124798,2.4761036799380047,0.01674728199351884,0,arterial,dry
4.0,97.1123256174224,493,5,0,1,10.973591885746847,0.0,4.371274033803397,4.777009169650955,5.0,0.02092665567648114,1,arterial,post_monsoon
5.0,333.89888429665535,408,2,1,1,19.216495295340604,0.0,5.0,5.0,5.0,0.0292098674282812,0,highway,monsoon
5.0,280.63791450556073,390,3,1,0,15.936742104249232,2.0,5.0,5.0,5.0,0.018503832279223333,0,highway,monsoon
3.0,386.6978884484631,536,4,0,2,13.168924831266741,1.0,3.74666181159483,4.679158243487686,5.0,0.05322725505646372,1,collector,monsoon
3.0,32.56266644752823,354,6,2,1,6.938291081669428,2.0,3.268783114492133,3.5616476831962967,3.8807512688673613,0.020223051338705084,0,local,dry
3.0,54.63249338893461,451,8,0,0,7.147607282345218,2.0,3.16342616509756,3.335755034007952,3.5174715849788853,0.012453698330814203,0,collector,dry
4.0,59.57458661274642,409,13,2,0,15.087704353532997,1.0,4.362538492740693,4.75793552516106,5.0,0.02045023998037535,1,local,dry
3.0,113.46694935582636,58,5,1,0,9.367522129473937,3.0,3.1825971006385325,3.376308101664264,3.581809458406358,0.01388203664130745,0,collector,post_monsoon
3.0,72.35874762277298,672,9,0,0,8.923186406169501,0.0,3.2145701498211863,3.444487082707135,3.6908484525050054,0.016249595329154497,0,collector,post_monsoon
3.0,176.69441711681532,133,6,0,0,11.096948304828533,1.0,3.239159882296858,3.4973855810271326,3.7761970223288586,0.01805817831384446,0,arterial,pre_monsoon
4.0,42.65801610953594,146,10,2,0,11.180845848304038,1.0,4.183679255088085,4.375793027363597,4.576728628285042,0.010530961654271472,0,arterial,dry
4.0,44.8099457164396,679,1,0,1,16.503839880968435,4.0,4.212662867728182,4.4366321092839565,4.67250883613777,0.012160146539159557,0,arterial,dry
1.0,39.094031125138926,278,4,1,2,9.472511508698947,3.0,1.087046338816318,1.1816697427339615,1.2845297675289735,0.019665863361145272,0,arterial,dry
4.0,274.3829336827044,84,9,0,1,16.00620018012158,0.0,4.4070971927763525,4.855626416644302,5.0,0.022872765183653988,1,highway,monsoon
3.0,14.331939564820164,767,9,2,1,14.198525670272018,3.0,3.514723025295843,4.117759314848254,4.824261158841196,0.037639029309400024,1,highway,dry
4.0,80.4228554294151,372,9,0,0,3.6300200631897432,2.0,4.357461715970424,4.7468681515369795,5.0,0.020173028483222683,1,local,post_monsoon
3.0,184.2291088899106,742,12,1,0,13.472538314916536,1.0,3.517018480763737,4.123139664677888,4.83371946648071,0.037797114850556375,1,arterial,pre_monsoon
2.0,77.10003184598536,316,1,0,0,3.0,0.0,2.145484535985474,2.3015519470764025,2.46897205560984,0.01651921331582322,0,collector,post_monsoon
5.0,289.2215453619313,171,1,1,2,7.523883691740067,5.0,5.0,5.0,5.0,0.01907637410394408,0,collector,monsoon
2.0,293.3887040097731,435,9,0,2,14.315384232811242,2.0,2.4180440131207614,2.923468424694579,3.5345376609401553,0.04528483104941254,1,collector,monsoon
4.0,324.3349480541722,258,10,0,1,11.946784498703126,2.0,5.0,5.0,5.0,0.05360365193770123,1,arterial,monsoon
3.0,286.27025948391633,580,9,0,0,3.160539470192294,1.0,3.665139064739198,4.477748121292441,5.0,0.047834790675922,1,collector,monsoon
3.0,234.67649016992414,635,17,2,1,6.404191165132261,3.0,3.582559858913986,4.278245047567266,5.0,0.04227786217868444,1,arterial,monsoon
2.0,332.90191657660733,685,3,0,1,3.0,2.0,2.4052739935763974,2.8926714920874756,3.4788337559389197,0.04399414729143455,1,local,monsoon
3.0,384.4019949466983,437,8,2,2,5.287183714778581,1.0,3.6248746424678107,4.379905391202046,5.0,0.04513743911429554,1,local,monsoon
2.0,101.37504086775556,776,6,0,1,14.895316746592751,2.0,2.258301731919729,2.549963356195824,2.879293331814437,0.02874750148076257,0,collector,post_monsoon
1.0,271.41587195661134,314,9,0,1,9.212835307124267,2.0,1.1476061568551437,1.3169998912518326,1.511397183778158,0.03264648135831211,0,collector,monsoon
2.0,244.92632507733947,526,8,0,1,12.84972770863279,2.0,2.2662644895839126,2.5679773683745153,2.909857960001155,0.029592743199674865,0,arterial,monsoon
1.0,84.67550269234843,472,4,1,1,12.068221907697481,0.0,1.1344974524813038,1.2870844696865682,1.4601940519876617,0.02988205084171706,0,arterial,post_monsoon
5.0,24.88435783344719,894,8,1,1,12.162915352497928,3.0,5.0,5.0,5.0,0.013508253600858848,0,collector,dry
5.0,31.824237933755718,741,7,1,1,17.115662115565257,3.0,5.0,5.0,5.0,0.027698503243753204,0,local,dry
2.0,106.44191585982028,506,7,0,2,10.985446789144879,2.0,2.293203335988918,2.6293907700953514,3.014863842800565,0.032435508552405845,1,arterial,pre_monsoon
4.0,373.39141710712966,539,11,0,0,16.55334186529953,2.0,5.0,5.0,5.0,0.05359319531698373,1,collector,monsoon
2.0,90.30551733913619,807,16,0,2,3.0,5.0,2.357531926780706,2.778978392895174,3.2757651425420553,0.03912175435160679,1,arterial,post_monsoon
3.0,62.369605835302316,349,1,1,1,17.557129784220233,1.0,3.237344626984966,3.4934667446228094,3.7698519317517714,0.017925026210514356,0,arterial,pre_monsoon
4.0,359.73841379887807,93,12,0,1,5.549609539451113,1.0,4.661992379036831,5.0,5.0,0.036380817186829686,1,arterial,monsoon
5.0,287.2300337469188,306,9,1,2,6.635301384608392,5.0,5.0,5.0,5.0,0.029703944728437463,0,collector,monsoon
3.0,23.129034129586692,417,4,0,2,8.47691255254372,1.0,3.08412844921798,3.1706160970919015,3.259529102196537,0.0064741242788336,0,collector,dry
4.0,363.3798160774594,772,5,1,1,17.419276104157184,1.0,4.99434409565591,5.0,5.0,0.05316797099136537,1,local,monsoon
2.0,81.20480443149575,707,10,0,2,7.553500754276711,4.0,2.264487931209649,2.563952795297077,2.9030200805707373,0.029404360206526113,0,arterial,post_monsoon
5.0,33.27763571822173,491,7,2,0,8.720556103818229,0.0,5.0,5.0,5.0,0.014865651260020667,0,arterial,dry
1.0,369.31528894495403,593,6,1,1,7.191561409871105,2.0,1.162701020599359,1.3518736633027912,1.5718248880435495,0.035799934437386265,0,local,monsoon
3.0,420.8459428032914,358,4,0,0,13.27697400429719,2.0,3.6179380273331403,4.363158523207739,5.0,0.04467043186951868,1,arterial,monsoon
3.0,57.249112459136285,917,3,1,0,15.71804167443834,4.0,3.268016127135524,3.5599764690726237,3.878020171050771,0.020167189775754654,0,arterial,dry
3.0,48.053082439597674,742,3,1,2,20.521622578803154,1.0,3.2323350231547727,3.482663233970989,3.752378115005964,0.01755726594746978,0,collector,dry
1.0,86.3107189303945,510,4,1,0,23.999087498933854,4.0,1.1143175012731432,1.2417034936436215,1.3836519343590927,0.0255781399652118,0,local,post_monsoon
5.0,181.0424747445777,485,6,0,1,15.250903765939848,0.0,5.0,5.0,5.0,0.03102038543293349,0,collector,pre_monsoon
2.0,40.711727959543076,640,8,2,0,13.828270934346842,0.0,2.208672851874614,2.4391178833039704,2.693606725687676,0.023427288432326034,0,arterial,dry
3.0,36.33550892103977,488,3,0,1,5.9133013394589415,2.0,3.144514943227372,3.295991409393414,3.4547647465288787,0.011038193213079438,0,collector,dry
2.0,223.77623149820627,135,10,0,0,21.54651576865488,3.0,2.2432006285980886,2.51597453007143,2.821917823696506,0.02713823303571193,0,local,monsoon
2.0,233.36426465046637,806,3,0,1,13.077015546669728,4.0,2.3050160751610327,2.6565495533753856,3.0616947124960627,0.03367399696810681,1,collector,monsoon
3.0,321.1574528224366,733,10,0,1,10.554675790461818,4.0,3.9373295522946674,5.0,5.0,0.06549672561655061,1,arterial,monsoon
3.0,70.1167257671953,574,3,0,1,13.937658845267768,2.0,3.385805654166543,3.8212266425953767,4.312643590783755,0.028630774281553382,1,local,dry
2.0,89.23487152549855,416,15,1,2,8.818246363025594,2.0,2.3329734632757604,2.7213825901744477,3.174456683148821,0.03658587684107942,1,collector,post_monsoon
2.0,123.8429665307696,501,9,0,0,3.0,1.0,2.223444133589265,2.471851907596259,2.7480123115231683,0.02502026769197646,0,arterial,pre_monsoon
3.0,40.093767603757136,50,10,1,1,14.859014604668008,1.0,3.1903071722765204,3.3926866178263353,3.607904150045976,0.0144546191053662,0,local,dry
4.0,55.58603700101904,278,6,0,1,18.71236925966952,2.0,4.323187136091545,4.672486753416854,5.0,0.018294997405946856,1,collector,pre_monsoon
4.0,149.9491370573515,853,9,0,1,14.784613176004733,6.0,4.446835234150815,4.943585899921283,5.0,0.025017415351084017,1,local,pre_monsoon
1.0,53.56738531171716,603,1,0,2,11.96460434999173,2.0,1.0670051458490253,1.1384999812682994,1.2147853385622944,0.015248102760520382,0,arterial,post_monsoon
2.0,76.04764907852022,110,3,1,1,12.066358761956803,3.0,2.080595889051959,2.1644396267699557,2.251662094779363,0.009260956416590561,0,arterial,post_monsoon
1.0,45.7933806061748,334,5,1,2,12.861398738581434,1.0,1.115885295670334,1.245199993093269,1.3895003624615803,0.025914645025005234,0,collector,dry
1.0,101.53545899690643,114,13,1,1,12.70827110544292,3.0,1.0976757217943058,1.2048919902166504,1.3225806850452393,0.021983647975145394,0,collector,post_monsoon
3.0,381.9784540948419,343,11,2,1,11.696493412597226,1.0,3.9954162971560727,5.0,5.0,0.06914394934288957,1,collector,monsoon
3.0,81.26768134659186,466,1,0,0,12.126714397344255,1.0,3.1463091585765963,3.2997537737809894,3.460681839831605,0.011172770039515357,0,local,post_monsoon
2.0,27.872317108754935,820,3,0,2,19.77506370220232,2.0,2.174540734268538,2.364313702496576,2.570648227334035,0.019714892607665072,0,collector,dry
2.0,307.19403817472454,657,6,0,0,14.361366071732665,3.0,2.4240242057856642,2.93794667511741,3.5608269278960565,0.0458874615133909,1,local,monsoon
1.0,51.47540792731776,439,12,1,2,12.52573492012282,1.0,1.062291193638437,1.1284625800817754,1.1987558611713796,0.014199757292422373,0,arterial,dry
4.0,108.14580447529377,449,7,0,1,15.296134481479585,4.0,4.428130764761119,4.902085517455974,5.0,0.024009779037597375,1,local,post_monsoon
5.0,73.73990187968212,339,1,1,1,15.296494933916216,4.0,5.0,5.0,5.0,0.015573860198337706,0,collector,dry
1.0,346.2423604507801,718,2,2,0,16.729989813849294,3.0,1.2097712068298518,1.4635463728745561,1.7705562617639041,0.045435933676307994,0,arterial,monsoon
2.0,50.34870649832329,741,9,1,0,8.215442940835699,2.0,2.228043916228113,2.482089846320553,2.7651025908130396,0.025514665118713864,0,arterial,dry
4.0,48.477958087562946,232,7,2,0,9.597360469261051,0.0,4.334378871224278,4.696710049828861,5.0,0.018909485183803414,1,arterial,dry
5.0,305.7612659482869,155,7,1,2,7.932212729028739,2.0,5.0,5.0,5.0,0.020995363080957594,0,collector,monsoon
3.0,124.39617236977989,436,11,2,0,15.83361461746846,3.0,3.4457353783251103,3.95769743248043,4.545726019934758,0.03285055928103524,1,collector,post_monsoon
1.0,296.4771330399731,460,5,2,0,15.589354872035127,3.0,1.180903455478031,1.3945329711599543,1.6468088044208358,0.03956111229806224,0,highway,monsoon
1.0,63.644493466806026,551,9,1,0,5.633785637388143,0.0,1.136994652034929,1.2927568387560295,1.4698576120471867,0.030410554346318522,0,local,post_monsoon
3.0,27.152858663086413,165,13,1,2,13.954189064101614,1.0,3.226446702799231,3.4699861086680093,3.7319084130236777,0.017124439090257567,0,local,dry
2.0,259.08245754501104,356,7,0,1,18.861169339339366,2.0,2.2857008499288862,2.6122141876828167,2.9853700944914543,0.031646380073217864,0,collector,monsoon
1.0,123.53532978423902,483,3,1,0,10.823336806377567,1.0,1.0457171680687476,1.0935243955937215,1.1435172341743554,0.010485274124546147,0,local,pre_monsoon
3.0,27.15714843111822,344,5,0,1,13.569866369631523,0.0,3.2554574547127033,3.5326677464815046,3.8334831834354475,0.019251078091296833,0,arterial,dry
1.0,309.6311988863956,671,3,2,0,15.652428514122125,2.0,1.1825508206489073,1.398426443417404,1.653710338280384,0.039899309636695995,0,collector,monsoon
4.0,252.25613469006188,873,1,2,0,5.3972088030064,3.0,4.497796580098598,5.0,5.0,0.027746384526780545,1,collector,monsoon
2.0,316.0039383786816,392,3,2,1,12.759940794955511,7.0,2.3221327357826613,2.6961502212967337,3.130409344730406,0.03545996154107688,1,arterial,monsoon
1.0,186.53695348346787,677,9,0,0,18.360580948707355,2.0,1.215822168189151,1.4782235446601681,1.797256955136978,0.04665370097264628,0,arterial,monsoon
3.0,340.21419583859694,428,7,0,0,9.033955916179261,2.0,3.6468225029449255,4.433104789328496,5.0,0.04661057838199361,1,collector,monsoon
2.0,46.88782784337413,313,12,0,0,16.162330711294143,1.0,2.162432730562454,2.338057657103896,2.5279462018318153,0.01838722434883164,0,arterial,dry
5.0,35.037393008782104,357,7,2,1,12.135808035695597,2.0,5.0,5.0,5.0,0.018093796532038686,0,local,dry
3.0,308.36031244600247,653,10,2,2,8.627476789331629,2.0,5.0,5.0,5.0,0.12792273376423458,1,highway,monsoon
2.0,24.263944606139003,371,1,0,1,11.517457245927922,3.0,2.1073633477488887,2.220490139717702,2.3396897672394474,0.01227582732262489,0,arterial,dry
4.0,28.013934147491682,410,5,1,0,9.36936037956884,1.0,4.234645040750774,4.483054655288781,4.746036290858326,0.01339005565616027,0,collector,dry
2.0,53.09609241256159,271,5,0,1,7.55842979118567,2.0,2.1639689119495515,2.3413807259420634,2.533337550988249,0.018555985075755496,0,local,pre_monsoon
5.0,228.48887380026812,626,3,1,0,10.728276137734458,1.0,5.0,5.0,5.0,0.026790973980544586,0,arterial,monsoon
2.0,42.40349241334415,591,13,0,1,12.34213156193061,3.0,2.28381590905847,2.6079075532342824,2.9779903797151017,0.031447805645133,0,highway,dry
3.0,301.6814507888861,791,1,0,1,11.169728087255658,1.0,3.427621910956356,3.916197321489368,4.474414582255184,0.03158112294722139,1,local,monsoon
1.0,337.95198596533373,619,6,0,1,10.673132094355797,1.0,1.211586846930679,1.4679426876554247,1.7785400524113828,0.04580182408510021,0,arterial,monsoon
3.0,45.68293124113504,582,11,0,0,13.129979414827996,2.0,3.353612344000859,3.7489052512783116,4.190791642392196,0.026340281863625116,1,arterial,dry
4.0,325.0007210585055,616,10,2,2,14.657029874905241,4.0,5.0,5.0,5.0,0.08876553583461866,1,highway,monsoon
4.0,299.9971966635401,448,5,1,0,6.279523835801301,2.0,4.482038207755387,5.0,5.0,0.02690507001882361,1,highway,monsoon
2.0,300.11003670202916,522,3,1,0,10.73802065309696,4.0,2.2795838856285506,2.5982513458086807,2.961465949359082,0.031001512996468108,0,collector,monsoon
2.0,324.8217395577818,686,11,2,2,3.0,4.0,2.5933647396875408,3.362770336527313,4.36044500920857,0.062497315443605976,1,arterial,monsoon
4.0,42.108543252262386,335,4,0,2,11.189083204828984,3.0,4.217830146233402,4.447522785618819,4.689723920310752,0.012449698878506093,0,collector,dry
5.0,365.67044234309833,840,3,0,0,12.752645230358105,3.0,5.0,5.0,5.0,0.04127704903129668,0,arterial,monsoon
1.0,62.51097702006879,627,11,0,1,14.848900060827187,1.0,1.1668331714986642,1.361499650109631,1.5886429547317424,0.036657702676699384,0,highway,pre_monsoon
3.0,104.51408147478838,904,8,0,0,12.770524032481523,0.0,3.3558656315358144,3.7539447123077556,4.199244680906398,0.02650114631675939,1,local,post_monsoon
2.0,92.92569112061895,264,5,1,2,14.740878220271242,1.0,2.1823250699584458,2.3812713554845675,2.5983540887239505,0.020565471193496204,0,collector,post_monsoon
4.0,277.12015298954043,264,8,2,1,12.326124908346387,4.0,4.635730951824899,5.0,5.0,0.035015659507792014,1,arterial,monsoon
1.0,39.179372931190386,574,8,2,1,8.62240810908763,1.0,1.1143773071167522,1.2418367826167844,1.383874729691024,0.025590983106939025,0,local,dry
2.0,58.98255234100449,524,6,0,0,6.420324158051503,2.0,2.1866397134847992,2.390696618294443,2.6137960842282197,0.021035922033711765,0,arterial,dry
4.0,9.814772360187089,408,7,0,1,10.684986463557351,1.0,4.290837245714968,4.602821067303704,4.9374890177370645,0.016511926395429297,0,arterial,dry
1.0,92.04026624149381,246,1,1,1,8.168618982965215,4.0,1.0879827793823011,1.183706528232437,1.2878523185593012,0.019870754634301463,0,collector,pre_monsoon
3.0,50.38749571456877,446,6,0,0,11.40140442684515,3.0,3.1493514211715996,3.306138124678524,3.470730267181973,0.011400823434643576,0,collector,dry
3.0,305.169703265336,543,4,0,2,9.540614982562852,4.0,3.869553362146762,4.991147740833771,5.0,0.06118858549223196,1,local,monsoon
2.0,26.629604788719053,238,3,1,0,14.095405062820241,6.0,2.10164455678206,2.2084549215258304,2.3206936323616567,0.011634185419753635,0,local,dry
2.0,67.3163701003991,417,4,1,2,12.244775122286171,1.0,2.167618501732594,2.349284984526728,2.5461767991513535,0.01895655112864525,0,collector,post_monsoon
3.0,49.14026343367062,576,5,1,1,14.237471681286241,2.0,3.221112021477107,3.4585208849681113,3.713427733033474,0.016731784840261762,0,collector,dry
2.0,76.06095111115556,657,5,2,2,14.211923616372806,3.0,2.391129445638306,2.858750012899277,3.417820666781174,0.04255839120363022,1,collector,post_monsoon
3.0,86.04417224710775,442,7,1,1,11.101634781417852,0.0,3.3722124758675553,3.790605660798929,4.26090923348011,0.02766569114047019,1,collector,post_monsoon
4.0,245.42770483621192,339,4,0,1,11.408318275393398,3.0,4.232395463242535,4.478292839318998,4.738476574051314,0.013264416262978503,0,local,monsoon
4.0,183.85536362285592,523,9,2,0,14.508022441606807,2.0,4.885776117916751,5.0,5.0,0.04778095420531357,1,collector,monsoon
2.0,119.28468695591651,458,9,1,1,24.229694653370622,4.0,2.1912033805317583,2.400686127426903,2.630195779006763,0.02153275151780832,0,highway,pre_monsoon
1.0,305.44001231437267,206,9,1,0,7.054344265322087,4.0,1.2390288627205543,1.5351925226545902,1.9021478454018157,0.05128144383771083,0,local,monsoon
2.0,40.04777274257288,409,10,0,0,12.208757439947298,2.0,2.165984691278023,2.3457448414253763,2.5404237080858794,0.01877729385301675,0,arterial,dry
2.0,62.222263703277505,382,4,0,0,6.0214582638798015,2.0,2.1381203037762897,2.2857792167102065,2.443635476598978,0.015704008619015213,0,arterial,dry
3.0,211.54462104911255,504,5,0,1,11.895438252210443,1.0,3.46776862390914,4.008473076322896,4.633485721285695,0.03438782517702815,1,collector,monsoon
3.0,131.64822764779302,353,7,2,1,8.62969548172813,0.0,3.453347108381543,3.975202083655722,4.575917540274924,0.033382481699425634,1,collector,pre_monsoon
1.0,316.807253823621,390,5,2,0,11.400467944739198,0.0,1.264994978141205,1.600212294722468,2.024260516783736,0.05638133790928166,1,collector,monsoon
1.0,58.288452063880584,463,2,0,0,12.776551669739293,0.0,1.040498656740824,1.082637454679459,1.126482817331282,0.009306388662188305,0,arterial,dry
2.0,94.64884464851173,627,4,0,1,9.553044437880192,0.0,2.2899821918394876,2.622009219470992,3.0021772097137633,0.03209694415300792,1,highway,pre_monsoon
3.0,23.229824379466027,518,13,0,0,3.081206619063087,1.0,3.2822183621829693,3.59098579235035,3.9287998353301585,0.021199947368052426,0,arterial,dry
2.0,35.30107843383943,1032,4,1,1,19.127678385764035,2.0,2.2038199370888676,2.42841115755519,2.6758904622345914,0.022902153195826374,0,local,dry
3.0,87.38412676882996,247,3,0,0,16.19638489899655,3.0,3.207264504016251,3.4288485329075353,3.6657413964141785,0.015710219388258794,0,arterial,dry
2.0,36.077971561886024,682,4,0,0,11.347203855445676,0.0,2.172474472536023,2.3598226669103357,2.5633272517872916,0.01948872438658005,0,collector,dry
4.0,38.17325585484147,484,9,1,0,7.526335008947192,2.0,4.379494701477899,4.794993460068249,5.0,0.021374325208271917,1,collector,dry
4.0,71.72941193189489,221,8,0,0,12.425122951415139,3.0,4.421099051905063,4.886529206688963,5.0,0.02363012667201273,1,collector,post_monsoon
2.0,54.65393354220211,424,9,0,0,13.804944125207042,3.0,2.1276416426086358,2.263429479681187,2.407883408038846,0.01454032452003985,0,collector,dry
2.0,290.15782801158423,197,17,1,2,15.850059078798044,4.0,2.3190775852690244,2.6890604232486046,3.1180698764949373,0.035141926618146226,1,collector,monsoon
3.0,57.465212425603845,516,10,1,1,16.31111082200393,3.0,3.310183653555084,3.652438606754428,4.03008085723067,0.023223552527442556,1,collector,dry
2.0,96.54848960176999,439,10,2,0,17.25338152655923,2.0,2.2940365828094125,2.631301921633943,3.018151434322486,0.03252302916240586,1,collector,post_monsoon
3.0,146.43040041495607,362,18,0,1,3.2957015525251023,2.0,3.3723726484522514,3.7909657600096187,4.261516413425147,0.027677080360647036,1,local,pre_monsoon
4.0,57.43730425869459,287,8,2,0,10.47678392989428,2.0,4.427545119727707,4.900788946806159,5.0,0.023978176865366577,1,local,dry
3.0,290.1874323595083,703,5,1,1,16.965504103058137,4.0,3.514379433644923,4.11695426787547,4.822846469426081,0.037615359712870854,1,local,monsoon
4.0,115.24076921870697,468,5,0,2,7.381841486810176,0.0,4.415595188255147,4.874370216635501,5.0,0.02333264198175333,1,arterial,pre_monsoon
2.0,466.3924680191301,541,11,0,1,18.096337885908365,2.0,2.589106755274147,3.351736895103111,4.33900231850653,0.062090011505087826,1,highway,monsoon
2.0,27.83588791982943,535,1,1,1,21.05188807569138,2.0,2.1759540093968877,2.367387925505195,2.5756636241504047,0.0198694915597093,0,highway,dry
4.0,105.53494209600996,521,1,1,0,17.956271597295803,2.0,4.378328035444743,4.792439096490355,5.0,0.021310831802364077,1,local,post_monsoon
2.0,141.95016979862734,434,3,2,1,15.307952035516074,2.0,2.19045053434157,2.3990367716986345,2.6274856892361744,0.02145084662345647,0,collector,pre_monsoon
3.0,35.06410000083791,803,10,0,0,9.76246886318576,1.0,3.317477054335419,3.668551335347336,4.05677829255545,0.023749156713588397,1,arterial,dry
2.0,450.6376068529439,947,9,1,1,13.40817401873936,2.0,2.8323236471803424,4.011028621188478,5.0,0.08457520755018451,1,local,monsoon
1.0,85.18989431699546,789,6,1,2,5.269526756396884,1.0,1.1863718574512871,1.407478184152417,1.6697925076550677,0.040682364597810855,0,local,pre_monsoon
5.0,97.67322462840423,504,11,2,1,8.09444667704122,0.0,5.0,5.0,5.0,0.033079055494554845,0,local,post_monsoon
2.0,107.19058885479713,490,9,1,2,8.445982587442648,2.0,2.3328892058242467,2.721186023325642,3.1741127504280984,0.03657714136446081,1,collector,pre_monsoon
5.0,335.67107247677774,718,8,0,0,12.309862869829736,0.0,5.0,5.0,5.0,0.04259427215323783,0,arterial,monsoon
5.0,47.19899216198419,348,6,2,1,10.039113672858544,3.0,5.0,5.0,5.0,0.025120121071644064,0,collector,dry
4.0,84.8651899615256,842,10,2,2,13.307999783100321,2.0,5.0,5.0,5.0,0.06140189748910787,1,local,post_monsoon
3.0,281.5333007508338,658,10,0,0,16.389134124386292,3.0,3.261156727902506,3.5450477346479268,3.853652090194209,0.01966715552816834,0,arterial,monsoon
3.0,49.79876418011937,444,5,0,2,8.451362285643691,1.0,3.222656016316009,3.4618372664992565,3.718770231463598,0.016845480377214977,0,collector,dry
4.0,47.18231783469741,556,10,2,0,12.743005464685256,3.0,4.424518353222402,4.894090664500469,5.0,0.023814797482983874,1,local,dry
2.0,32.93419644422658,625,4,0,2,9.920155050910317,2.0,2.1525022432438816,2.3166329535849712,2.4932788146821747,0.017294064678461386,0,collector,dry
3.0,69.45577280585233,414,7,0,0,12.950812468285909,1.0,3.215358543185417,3.4461768537451496,3.6935647293391023,0.016307746223367198,0,arterial,post_monsoon
3.0,43.02499371230164,706,8,1,0,15.430862991059097,2.0,3.2224231427283785,3.4613369702638126,3.7179641192531463,0.01682833488092968,0,local,dry
3.0,152.2678472459499,754,5,0,0,16.60617895421106,3.0,3.3965841493498043,3.8455946278714457,4.353961919284304,0.029393912311560844,1,arterial,pre_monsoon
3.0,76.64803785771102,447,7,2,0,15.351520596465193,0.0,3.323413527918797,3.6816924925178878,4.07859554509034,0.024176319349914332,1,collector,dry
2.0,86.66504103300043,404,9,0,2,14.069928144644969,1.0,2.1512243501077735,2.3138831022483064,2.488840836429736,0.017153112082366875,0,local,pre_monsoon
3.0,232.94522428435926,478,2,0,0,4.898933634902353,3.0,3.2840468786286623,3.594987967010219,3.93536967058917,0.021332664272710442,0,local,monsoon
4.0,81.1894854288197,268,7,0,1,6.5936703522705535,4.0,4.477147064210169,5.0,5.0,0.02664347848058638,1,local,post_monsoon
2.0,247.95086000989755,166,15,0,2,7.879108600997545,1.0,2.20734843357056,2.436193553593202,2.6887640121993255,0.023284060602507824,0,collector,monsoon
5.0,75.36241177409524,413,3,0,2,13.793101034037624,1.0,5.0,5.0,5.0,0.012895580260787302,0,collector,post_monsoon
3.0,166.847590878755,308,11,2,2,5.544975438047302,3.0,3.691671638440433,4.542813162021823,5.0,0.049599839803727605,1,local,monsoon
4.0,48.94815079784586,854,6,0,2,13.687611640839288,4.0,4.4360491266348925,4.919632963479548,5.0,0.02443674997086961,1,collector,dry
3.0,13.624689574113553,408,11,1,0,13.322346285663244,3.0,3.252845945460715,3.5270022483000716,3.8242649876712376,0.0190602373472467,0,collector,dry
4.0,270.1227262710866,591,4,1,2,3.0,2.0,4.639176358306716,5.0,5.0,0.03519510074462165,1,collector,monsoon
1.0,49.0904467898386,374,7,1,0,6.56198589116224,2.0,1.0532023862263908,1.1092352663529634,1.1682492294094073,0.01216836945908676,0,collector,post_monsoon
4.0,95.62301160255893,856,15,1,0,17.219377874283747,2.0,4.657606356665608,5.0,5.0,0.036153227741368664,1,collector,post_monsoon
1.0,10.600617219447088,461,6,1,0,15.487045741974566,3.0,1.0644735874062254,1.1331040182854792,1.2061592992487533,0.014685546742274007,0,collector,dry
4.0,21.528757464007185,251,9,0,1,7.748030014025329,3.0,4.2917315476876565,4.6047399193543725,4.940576895197469,0.016561357090310813,0,collector,dry
5.0,66.10085903795101,634,9,0,0,6.825695072927749,1.0,5.0,5.0,5.0,0.025302386165731147,0,highway,dry
2.0,75.61937583423637,551,1,1,0,3.0,0.0,2.1959540797593795,2.4111071602059315,2.6473403025956337,0.022049100465940063,0,collector,post_monsoon
2.0,71.18868241155356,740,8,2,1,19.356488438606572,2.0,2.318892810464286,2.6886319332114774,3.117324629954395,0.03512268163996191,1,arterial,post_monsoon
4.0,247.8397095336805,469,2,0,1,12.205271842155225,5.0,4.411821693029225,4.866042662770814,5.0,0.023128519666754447,1,collector,monsoon
2.0,105.99433768800242,521,9,0,0,21.418620276726003,2.0,2.2069641079334654,2.4353452868532783,2.6873598192550574,0.023242485775980412,0,collector,pre_monsoon
4.0,270.4941620032685,198,7,1,1,11.041644565138716,0.0,4.308848525730225,4.641543904421884,4.999927402420087,0.017505944158917132,0,highway,monsoon
1.0,96.8964267830474,667,2,0,0,13.412946494447928,1.0,1.0735662588036374,1.1525445120416384,1.2373328998972057,0.016701347521429766,0,local,pre_monsoon
1.0,67.84200699107706,512,2,2,1,16.456492357142977,2.0,1.130570096901424,1.278188744007695,1.4450819721710895,0.029049064118789995,0,local,dry
5.0,412.6455598114427,475,6,0,1,20.19421343090455,1.0,5.0,5.0,5.0,0.04395217558095878,0,local,monsoon
3.0,38.467183304243335,454,16,0,2,14.50510829242212,1.0,3.4111022763553263,3.878539579918829,4.41003172999845,0.030418894243815713,1,highway,dry
4.0,45.07901869481101,443,13,0,2,12.012036089691463,1.0,4.295806575230499,4.613488532948397,4.954663593647558,0.016786495901233458,0,arterial,dry
2.0,44.99386928122058,669,8,1,0,12.139788305576818,3.0,2.1877938881920396,2.3932210486052217,2.6179371916155243,0.02116164779495983,0,collector,post_monsoon
3.0,232.99901862994804,314,9,1,0,6.7708219889653245,2.0,3.3003784667888088,3.6308326746810824,3.99437399201022,0.022515533695771577,0,collector,monsoon
3.0,129.7151779898235,648,9,2,2,10.090585665671746,2.0,3.6687336486261484,4.486535528187243,5.0,0.04807448875507145,1,collector,pre_monsoon
3.0,271.2698316964202,178,4,1,1,12.256097423075447,0.0,3.2025378005865015,3.418749454728475,3.649558119834144,0.015360744740056664,0,local,monsoon
3.0,80.64838701267931,116,4,0,1,18.909469375508813,2.0,3.15235302501275,3.312443198102345,3.480663445240279,0.011625663512542848,0,collector,pre_monsoon
3.0,237.49103647758182,782,10,0,1,9.849784032593286,5.0,3.658418731150466,4.461342537477528,5.0,0.04738617396221801,1,collector,monsoon
3.0,332.2089202071373,295,4,1,1,17.313273227368928,1.0,3.6212258315974553,4.371092174476227,5.0,0.04489186861257434,1,collector,monsoon
2.0,235.35186289454245,521,12,0,0,11.590809943680703,2.0,2.318351396587078,2.6873765990286276,3.115141645756726,0.035066284615301015,1,collector,monsoon
4.0,341.4000564349908,446,1,0,1,18.21779279791219,5.0,4.406633048592147,4.854603706236131,5.0,0.02284762802309159,1,collector,monsoon
2.0,26.53071922200094,568,3,0,2,15.383612469864756,7.0,2.1527247008706216,2.3171118188692534,2.4940519235795477,0.017318595369251982,0,local,dry
3.0,62.590190817635325,510,12,0,0,15.045976814256761,0.0,3.3952360640589476,3.842542643562164,4.348779787035555,0.029298566974675668,1,collector,dry
2.0,127.28707622133754,708,5,0,0,16.894133299977643,0.0,2.246329921422919,2.522999057939949,2.833744137786172,0.0274723908752522,0,highway,pre_monsoon
3.0,37.46806882615004,214,6,1,1,16.165799556429793,5.0,3.144756224284424,3.2964972367252097,3.4555600678426694,0.011056294153438645,0,local,dry
4.0,301.943882421792,634,9,1,2,17.31906697851912,1.0,5.0,5.0,5.0,0.07691557480010687,1,collector,monsoon
2.0,38.801333534927515,489,11,2,2,22.658819796202827,3.0,2.208105053705588,2.4378639641000794,2.691529869688062,0.02336589255988952,0,arterial,dry
1.0,14.881766661320427,193,9,1,1,20.08447355674464,1.0,1.0661495572763695,1.1366748784805987,1.2118654184592614,0.01505809078676658,0,local,dry
1.0,125.57633650866799,394,8,1,1,14.332121170824813,3.0,1.1065077412773823,1.2243593815067744,1.3547631337428336,0.023896456244514946,0,local,pre_monsoon
3.0,99.04424315659435,179,10,0,2,9.791265706481733,4.0,3.2210568797848564,3.4584024742697848,3.7132370276038866,0.01672772358490407,0,collector,post_monsoon
4.0,37.469670088441596,165,8,1,0,13.832088948454125,3.0,4.172352708406898,4.352131780837594,4.539657205780368,0.009891938277662701,0,arterial,dry
1.0,422.73828124625595,412,11,1,2,3.0,3.0,1.2176533970812555,1.4826797954235216,1.805390089681192,0.04702132321273102,0,collector,monsoon
4.0,163.4101385275518,737,18,0,0,16.14493306250512,3.0,4.7144767131457055,5.0,5.0,0.03909156051145322,1,arterial,pre_monsoon
2.0,29.99201802258832,562,9,0,1,6.699834027131947,2.0,2.1602204231184112,2.333276138228944,2.5201953832885113,0.01814402467355414,0,highway,dry
3.0,82.25408129919222,759,3,0,2,17.61240637987253,1.0,3.3333562783771558,3.703754692865467,4.1153113196773194,0.02489044757918174,1,collector,pre_monsoon
5.0,263.1810340629591,515,11,0,1,21.901445168453584,6.0,5.0,5.0,5.0,0.03410136050969182,0,arterial,monsoon
2.0,347.08085287187794,809,6,1,0,4.745328286575455,4.0,2.493648550645534,3.1091415470682855,3.8765531562993214,0.05282104652793391,1,arterial,monsoon
3.0,107.50979560138666,789,8,1,2,11.748478018962064,4.0,3.7336379220524,4.6466840443292545,5.0,0.05237184452969611,1,local,post_monsoon
1.0,41.738001691016315,310,8,1,1,6.677935736662846,3.0,1.0707103196646566,1.146420588636391,1.227484354929014,0.016069614435852312,0,local,dry
1.0,28.359139197357756,514,4,1,0,3.3584501803175346,1.0,1.0552751830753426,1.1136057120146976,1.1751604716200572,0.012632828115124216,0,collector,dry
2.0,75.58982365929181,355,5,1,0,11.468391743980616,2.0,2.282012964081228,2.6037915841173964,2.970943075360748,0.03125775170040782,0,collector,post_monsoon
1.0,128.84804205330408,471,1,0,0,15.175835185492735,4.0,1.0754476445777235,1.1565876362277734,1.2438494491288756,0.017116806013286866,0,collector,pre_monsoon
3.0,390.4888434551415,831,6,1,0,15.772002146595222,2.0,3.6419329801275344,4.421225277246874,5.0,0.04628298351753171,1,collector,monsoon
3.0,207.26114331477038,371,9,1,1,12.769629062826722,2.0,3.475485944030911,4.026334182385479,4.664489285617307,0.03492449407214385,1,highway,monsoon
3.0,51.74316329783158,262,7,0,1,3.6788397169321847,1.0,3.159527068814826,3.327537099524535,3.5044811794777804,0.012162382886735766,0,collector,dry
2.0,317.5003985971199,275,5,1,2,12.61689381226652,2.0,2.4083178611142486,2.8999974600809546,3.4920578401494593,0.0443022712502557,1,arterial,monsoon
2.0,42.16506005874555,420,8,1,1,4.537259918772316,3.0,2.125461842094844,2.2587940211006043,2.4004902505006553,0.014297699827667668,0,collector,dry
3.0,39.87402973998485,1249,3,1,0,4.865058709710684,3.0,3.2062002864433046,3.4265734255963762,3.6620935662220386,0.01563156960988732,0,arterial,dry
5.0,47.305138887603086,794,2,0,0,7.015900558717202,0.0,5.0,5.0,5.0,0.015014869659220224,0,collector,dry
1.0,101.22184575712619,50,9,2,0,17.2490559568921,2.0,1.1166682349124746,1.2469479468625415,1.3924271628507283,0.026082556256358348,0,collector,post_monsoon
4.0,52.937571000529644,492,9,0,2,14.726276728407719,1.0,4.340586164218304,4.710172062250843,5.0,0.019249775416762174,1,arterial,dry
3.0,295.54463932041824,374,9,1,0,13.612953489413004,2.0,3.516564035593598,4.122074205476777,4.831845967675897,0.0377658239834275,1,local,monsoon
3.0,59.978977095930276,697,5,0,1,7.686929095815826,0.0,3.3520027248260558,3.7453074224137684,4.184760228414067,0.026225318792521563,1,collector,post_monsoon
3.0,367.25259945961193,264,11,1,1,10.061123082243036,3.0,3.6003522529280962,4.32084544838814,5.0,0.043483386716423926,1,arterial,monsoon
1.0,281.20829123140913,292,2,0,2,5.149387469214688,1.0,1.074030473021228,1.1535414569782025,1.2389386766878954,0.01680390983156076,0,collector,monsoon
1.0,109.47141773585736,385,5,0,0,18.821506634460484,1.0,1.1038919755105192,1.2185774935965166,1.3451779167189155,0.02333116644967321,0,collector,pre_monsoon
3.0,29.51660356255244,361,9,1,0,22.986290037851457,6.0,3.208046026486171,3.430519769351236,3.668421771616496,0.015767964168927687,0,arterial,dry
2.0,154.54545437799004,630,10,2,0,14.782992070365628,3.0,2.400775338503002,2.881861112982102,3.459350544519122,0.043538210548391375,1,arterial,pre_monsoon
5.0,357.10443294464807,433,3,2,0,15.658771055051805,1.0,5.0,5.0,5.0,0.038361340693377724,0,arterial,monsoon
3.0,27.475469737510032,700,15,2,1,11.205199303943154,3.0,3.4906064145592346,4.061444380454025,4.725634602262792,0.035973341173236875,1,collector,post_monsoon
1.0,43.43206661431752,337,6,1,1,3.9027381817081803,0.0,1.0766586624470027,1.1591938754221687,1.2480561274287896,0.017383935304786834,0,arterial,post_monsoon
4.0,82.15832546967907,673,7,1,1,7.780176046864036,3.0,4.29478253022401,4.611289245479338,4.95112112332363,0.01672993444656426,0,arterial,post_monsoon
2.0,61.892310905402994,268,10,0,0,9.673077255332469,1.0,2.2299519962980816,2.486342952896899,2.7722127156470533,0.025719521258921182,0,local,post_monsoon
3.0,121.47892275651476,622,13,0,1,10.073719947436224,2.0,3.4499774037349065,3.967448028760482,4.562535349905421,0.03314711121873996,1,arterial,pre_monsoon
3.0,352.7953835413183,400,7,0,0,8.92303185714858,2.0,3.402419853618037,3.858820286764727,4.376442251744118,0.02980631685621174,1,collector,monsoon
5.0,94.13137640644968,678,11,0,2,12.238766542857835,5.0,5.0,5.0,5.0,0.022793946496754574,0,arterial,post_monsoon
4.0,104.86904398858181,50,5,0,2,7.7491545573399225,2.0,4.272844052925701,4.564299075155632,4.875634539763255,0.015515707588758072,0,arterial,pre_monsoon
3.0,71.19737514638928,343,13,1,1,22.838620603098143,3.0,3.2066353101154355,3.427503337359705,3.663584409038708,0.015663721953283735,0,local,post_monsoon
3.0,112.47637178368105,733,7,1,0,5.1731299250187375,2.0,3.224293065125214,3.46535525660485,3.724440307355408,0.01696598254867584,0,arterial,pre_monsoon
5.0,466.9152192904434,459,8,0,2,16.436547720112753,2.0,5.0,5.0,5.0,0.031527386854076064,0,arterial,monsoon
2.0,235.78302733569137,159,5,0,2,10.690726449190562,4.0,2.1441225322163096,2.29863071657884,2.4642729563306065,0.01636860428647446,0,collector,monsoon
1.0,76.94850761577442,358,7,0,0,14.313990476309243,5.0,1.104749809009473,1.220472140506467,1.3483163641259017,0.023516664812346655,0,arterial,post_monsoon
2.0,44.01525541800777,576,4,2,1,14.540574335888124,1.0,2.20749004118037,2.436506140955256,2.6892815207167713,0.02329937775423857,0,collector,dry
2.0,249.55145765113312,337,6,2,0,12.785216150603276,2.0,2.3288314751312185,2.711728019780924,3.1575787822305337,0.03615616541308841,1,arterial,monsoon
3.0,312.54194366729007,732,7,0,0,6.333146262001879,1.0,3.622801340380608,4.374896517287844,5.0,0.04499792600250904,1,collector,monsoon
3.0,50.400800556985274,717,2,1,0,10.339801248149538,3.0,3.1338153445597667,3.2735995379327494,3.4196188213058045,0.010234435031727088,0,arterial,dry
3.0,398.3349629486314,633,4,0,1,12.845476360996715,1.0,3.5808670641912523,4.274202977136559,5.0,0.042162927835647276,1,highway,monsoon
1.0,277.2013459831873,706,1,0,0,12.532169176420597,1.0,1.1061568263133132,1.2235829243995413,1.3534746043849593,0.023820680003046026,0,collector,monsoon
4.0,304.28329961453875,396,2,1,0,6.884340126089869,3.0,4.556058566091936,5.0,5.0,0.030837411153340287,1,collector,monsoon
2.0,61.27727548905209,797,6,1,0,18.456062295207833,0.0,2.2600117772157065,2.5538266165768477,2.885839115215308,0.028929214146927403,0,local,dry
3.0,84.13590850003465,715,10,0,0,3.0,1.0,3.4640433773880743,3.9998655068087254,4.618569206434586,0.03412844068486246,1,local,pre_monsoon
3.0,255.7719054187957,474,5,0,1,10.74937556117681,1.0,3.4153106512958282,3.8881156149515785,4.4263742244045865,0.030715380791686158,1,collector,monsoon
2.0,111.79180330397493,174,6,0,1,7.3934062240719065,3.0,2.1847129994010683,2.386485444876006,2.6068928871510257,0.020825929144440307,0,local,pre_monsoon
1.0,32.636740635088614,50,11,1,0,12.910827081795961,2.0,1.0617112587740003,1.1272307970074722,1.196793628419623,0.014070538157169183,0,collector,dry
1.0,86.93432378894705,697,10,2,0,17.08362928002213,1.0,1.1513811602824369,1.3256785762533305,1.5263613372881286,0.033438081789494825,0,collector,post_monsoon
4.0,368.5917190922525,177,10,1,1,4.965154944114609,1.0,4.850033710673159,5.0,5.0,0.04598738154825641,1,local,monsoon
5.0,420.2757476182181,315,7,1,2,23.768026161442222,2.0,5.0,5.0,5.0,0.03592926130811573,0,local,monsoon
3.0,90.95749232538516,595,5,0,1,13.00924318478931,0.0,3.3941270769470364,3.8400328714883454,4.344519848495091,0.029220110450930453,1,arterial,pre_monsoon
1.0,134.2119498230597,240,8,1,0,13.908619950477343,4.0,1.0947130747980285,1.1983967161337536,1.3119005539466415,0.021339365386046676,0,collector,pre_monsoon
3.0,101.90639735321639,986,12,1,1,4.801228323262936,3.0,3.3891381892941945,3.8287525553774446,4.325390500929146,0.028866922793006077,1,local,pre_monsoon
4.0,124.91854442684432,547,14,2,0,11.767164058332622,1.0,4.712835753506877,5.0,5.0,0.03900715846800826,1,arterial,pre_monsoon
4.0,292.22501723082036,795,16,0,0,16.858374107589462,1.0,4.755338583731334,5.0,5.0,0.04118604603776528,1,highway,monsoon
1.0,384.5234332649848,708,13,1,1,13.049607861093389,1.0,1.1809515590410926,1.3946465848015872,1.64701005863277,0.039570992888136924,0,collector,monsoon
1.0,83.88343096881044,50,7,0,0,12.700977868634586,1.0,1.0637104186347008,1.1314798547120106,1.2035669099324433,0.014515756256305674,0,collector,pre_monsoon
4.0,34.304113160118185,648,2,0,2,11.740702156608059,3.0,4.224062591007961,4.460676193188222,4.710543859561543,0.012798577004018197,0,arterial,dry
2.0,104.16684372163722,496,9,2,2,5.1099995416828925,2.0,2.350106494954897,2.7615002688145953,3.2449098587804373,0.03835715774483331,1,arterial,pre_monsoon
2.0,17.512304231488745,487,11,1,0,5.081456644682733,2.0,2.159002253308342,2.3306453648952488,2.5159342972357424,0.01801002934216565,0,arterial,dry
1.0,27.967233411729097,494,1,1,2,17.846635633203547,1.0,1.0706532823535293,1.1462984510143863,1.227288199135319,0.016056984644583064,0,arterial,dry
3.0,67.49460341015607,710,1,0,0,16.41143352971547,1.0,3.1370001423578824,3.2802566310511256,3.4300551728592565,0.010473897963373334,0,collector,post_monsoon
4.0,415.6952124851609,829,5,1,1,17.151355862336416,2.0,4.76957924330193,5.0,5.0,0.04191274715102827,1,local,monsoon
5.0,319.26340798986945,261,3,0,1,7.885899780976901,1.0,5.0,5.0,5.0,0.03236077410427706,0,collector,monsoon
3.0,95.02178340783455,515,1,0,1,11.212161194155406,1.0,3.452134195595049,3.9724101681322255,4.571097660112912,0.03329778125247188,1,arterial,pre_monsoon
3.0,64.88549780864636,780,8,0,0,18.159000930005725,1.0,3.330233732020932,3.6968189032966885,4.10375700431042,0.024666349879097993,1,arterial,post_monsoon
1.0,240.38734643797864,458,11,2,2,5.856723376201799,4.0,1.204585287951227,1.4510257159485407,1.7478842298705084,0.04438853613746287,0,collector,monsoon
3.0,283.7582068715137,540,6,0,0,17.649412037766332,1.0,3.500363767049662,4.0841821672247,4.765374425394568,0.03664832230026352,1,collector,monsoon
2.0,88.73475578704667,543,1,2,1,9.067402036880535,1.0,2.2160259303207113,2.455385461926887,2.72059892628124,0.024221283993832082,0,highway,pre_monsoon
3.0,112.7439291468509,922,7,2,1,7.723833497827476,3.0,3.509649486298042,4.105879838890703,4.803399689121416,0.037289339132046816,1,local,post_monsoon
2.0,105.33815337727464,649,2,0,2,11.84041850096744,2.0,2.207307158504246,2.4361024459920446,2.6886131839439718,0.02327959589518493,0,local,post_monsoon
2.0,71.39527370425569,914,2,2,1,6.414990454441016,3.0,2.301850200030308,2.6492571716897837,3.049096575292928,0.03334255387039345,1,arterial,post_monsoon
1.0,29.643684469548127,848,10,2,1,3.0,2.0,1.1475922241492014,1.316967912927711,1.5113421363298436,0.032643556040351095,0,local,dry
2.0,5.0,454,11,1,0,12.380148433244786,3.0,2.1472018012049268,2.305237787548841,2.4749053648152657,0.01670900236630718,0,arterial,dry
1.0,31.194145922784898,560,5,0,1,14.671328851906942,3.0,1.056595810784977,1.116394707368363,1.1795779709879328,0.012928381018761658,0,collector,dry
2.0,16.143781948587677,910,9,0,1,18.076450863187773,2.0,2.153770415442062,2.319363501216736,2.4976882457883622,0.017433881637055188,0,collector,dry
5.0,66.09302337823974,271,2,0,1,15.034873565857431,4.0,5.0,5.0,5.0,0.018643329575459274,0,collector,post_monsoon
3.0,39.274695171444925,652,9,0,0,21.82698592416353,3.0,3.265051900045246,3.55352130332969,3.8674771610959544,0.019951203340650613,0,arterial,dry
3.0,40.83828456538082,654,5,1,0,18.805374878682414,3.0,3.2462928226886683,3.512805696879987,3.8011986404271214,0.01858083836722752,0,collector,dry
4.0,39.38910881882223,444,1,1,0,15.690393758433075,2.0,4.226702670742998,4.466253866716499,4.719381786666717,0.012946243694305746,0,arterial,dry
5.0,34.409345430703766,423,3,1,1,14.343094126779963,2.0,5.0,5.0,5.0,0.011332583104534548,0,arterial,dry
3.0,18.161558176900204,451,8,0,2,18.150510915366155,1.0,3.2172743538020745,3.4502847558775187,3.7001708861329976,0.016449008440566945,0,local,dry
4.0,346.3905731883697,640,1,0,1,3.0,4.0,4.692124941310874,5.0,5.0,0.03793996530352336,1,highway,monsoon
2.0,420.5854050706444,794,5,2,1,9.59971479368525,2.0,2.40545775135216,2.893113496770094,3.4796311431735867,0.044012757159782985,1,local,monsoon
2.0,67.20509625692806,647,11,1,2,3.0,1.0,2.302063304288606,2.649747728476087,3.049943505673444,0.033364875235870846,1,collector,dry
3.0,153.27298396430157,248,5,2,1,15.315488161930498,2.0,3.550450942434366,4.20190063154436,4.972880685760744,0.04009065502850557,1,arterial,pre_monsoon
3.0,116.85683964955398,801,1,0,0,8.286180612945508,3.0,3.2916521739445423,3.611658011411278,3.9627739816020524,0.021884062743627974,0,arterial,pre_monsoon
3.0,47.506407686333404,738,5,2,1,27.098265711690217,0.0,3.2676810331907293,3.5592464448914773,3.8768273668078046,0.020142780910088056,0,arterial,dry
2.0,316.52803044713954,450,9,1,1,9.410371009146099,2.0,2.541422258187249,3.229413547204789,4.103651734878845,0.05749322699329151,1,highway,monsoon
1.0,271.7148911768517,369,1,0,2,12.531815824412616,4.0,1.0972570436382554,1.2039730198137641,1.3210678763410735,0.02189267959003636,0,collector,monsoon
3.0,413.4976974063469,318,11,1,2,9.98866732906167,2.0,3.6526145714896128,4.4471977359527495,5.0,0.04699820779846803,1,local,monsoon
1.0,367.4234645921282,714,10,2,2,9.555843809280613,0.0,1.5747075764918717,2.4797039514609036,3.9048085998223176,0.11176580967846023,1,local,monsoon
3.0,44.94773485398254,124,8,0,0,5.767390580843507,3.0,3.1172578174698,3.2390987668588593,3.3657019841825218,0.008986469840873033,0,collector,dry
3.0,97.11562490779728,719,9,1,0,5.599252950295125,4.0,3.297886935079942,3.625352745523658,3.985334484839557,0.02233536676077992,0,highway,post_monsoon
4.0,73.90242628497894,409,7,2,1,3.0,0.0,4.466894635043802,4.988286920145776,5.0,0.026094439181015,1,arterial,post_monsoon
4.0,72.9244598615268,556,8,2,0,14.727311514017192,1.0,4.531506838225824,5.0,5.0,0.029538561827496472,1,collector,post_monsoon
4.0,54.321746450425024,50,7,1,1,9.876766167360095,2.0,4.245984962243685,4.5070970748998755,4.784266600849342,0.014022614771273994,0,local,dry
3.0,58.245588246865,145,10,0,1,21.66814113021323,3.0,3.1574518082774805,3.323167307198244,3.4975802077739004,0.012007220339038753,0,collector,post_monsoon
4.0,118.83117966721885,364,12,0,1,5.779299079663769,1.0,4.510029792933092,5.0,5.0,0.028397939641237338,1,arterial,post_monsoon
3.0,112.45484779241528,317,3,1,1,19.381572600774724,2.0,3.3136732220490845,3.6601434075083867,4.042839732773345,0.02347514145449227,1,arterial,post_monsoon
2.0,34.883447081249415,651,4,0,1,19.861296676757604,1.0,2.1437155685624854,2.29775821944859,2.4628700339121785,0.01632358841621338,0,local,dry
1.0,400.7070304167073,560,5,2,1,18.385215832502407,5.0,1.311775937813379,1.7207561110261704,2.257246461289458,0.06537030461908588,1,arterial,monsoon
2.0,79.26304712445157,886,4,1,1,13.173986552327587,2.0,2.2576134504489174,2.5484092458239336,2.8766614953102474,0.028674333606998947,0,highway,post_monsoon
3.0,362.54686337799706,602,11,0,2,10.308971373902992,5.0,3.9296338409783313,5.0,5.0,0.06501042865970431,1,arterial,monsoon
3.0,329.7333930139299,369,1,0,2,18.380338484686423,2.0,3.480282700399701,4.037455891567144,4.68382929768266,0.035257604272352326,1,collector,monsoon
4.0,58.21977552417469,744,9,0,0,8.042684285811589,0.0,4.368019347255517,4.769898254499628,5.0,0.02074923817648743,1,collector,post_monsoon
2.0,119.13295429506417,407,12,1,2,13.353537977228603,2.0,2.268888776506721,2.5739281400790825,2.919978334280125,0.02987081073625062,0,collector,pre_monsoon
1.0,311.0073179886699,395,4,0,0,11.781260269889366,2.0,1.1645362102847137,1.3561445850642828,1.5792794756888955,0.036181178392368084,0,collector,monsoon
5.0,185.88996703567568,500,12,0,1,7.542915686519904,1.0,5.0,5.0,5.0,0.03244746872636291,0,local,pre_monsoon
1.0,76.11567529455003,823,11,1,2,13.390234861421519,4.0,1.2617102608024313,1.591912782214139,2.0085326916221256,0.055740660458830554,1,local,post_monsoon
3.0,24.998643077949097,710,5,0,1,15.709191257965061,0.0,3.2755667793969216,3.576445908762908,3.9049624690179394,0.02071668525315028,0,local,dry
3.0,311.5810263171704,703,10,1,0,7.345858952805119,0.0,3.8052927319382635,4.826750925247391,5.0,0.057050146171712175,1,arterial,monsoon
3.0,441.0683869275818,892,3,0,1,14.30060093557925,2.0,3.4830090783082706,4.043784079859277,4.694845553622773,0.03544678041677994,1,arterial,monsoon
1.0,326.6734000904515,699,2,2,2,3.0,1.0,1.307013717351453,1.7082848573448643,2.2327517416935083,0.06446658759518299,1,arterial,monsoon
1.0,300.3604654956563,254,5,0,1,6.754223294698832,2.0,1.1499711775721486,1.3224337092466745,1.5207606498835027,0.03314264819061331,0,arterial,monsoon
1.0,109.50795792465276,607,12,0,2,9.713271385610222,1.0,1.114834926219395,1.2428569127186042,1.3855802945919102,0.025689238073239175,0,local,post_monsoon
3.0,89.35782723866245,824,5,1,1,13.786686184830582,1.0,3.281530594396332,3.589481013986382,3.926330588467027,0.02115001331520625,0,collector,post_monsoon
3.0,37.71665117980264,196,7,0,2,16.34657374817027,1.0,3.1951226801123487,3.4029363136561064,3.6242663315801784,0.014811701029382124,0,local,dry
2.0,105.82497320745287,496,2,0,0,12.414114455819188,2.0,2.177017372300004,2.3697023196480065,2.5794415585266632,0.019985762674998322,0,arterial,pre_monsoon
3.0,34.59272159939193,286,10,1,1,14.832978672449984,1.0,3.2791594186401434,3.584295497618787,3.9178254467353684,0.020977797135635547,0,collector,dry
4.0,10.983503685742146,525,10,0,0,11.197090483652875,1.0,4.316023087653699,4.657013823289942,5.0,0.017901011276300675,1,local,dry
1.0,330.18158947827703,727,4,0,1,14.023740714541493,4.0,1.1942834035923202,1.426312848096057,1.703421762811615,0.042297571785840156,0,highway,monsoon
3.0,86.31121387384158,768,1,0,0,13.759545333143542,1.0,3.3634434977698513,3.77091738756343,4.2277558559424975,0.027041530968275555,1,highway,post_monsoon
3.0,81.22077812021024,463,5,0,0,9.454896871828721,1.0,3.260740602429178,3.544143092110067,3.8521770937540634,0.01963679501619615,0,local,post_monsoon
2.0,29.48650568187899,632,8,1,2,10.22310061726364,0.0,2.211172886181277,2.444642766291619,2.70276390061161,0.023697472662464268,0,local,dry
2.0,46.537158352697844,199,6,0,1,15.000635861756091,3.0,2.08564055376802,2.1749482597608862,2.268080146452243,0.009831411647349167,0,highway,dry
3.0,315.23621711687036,150,7,0,0,21.060439043207005,1.0,3.3440361588338474,3.7275259438627444,4.1549938464227605,0.025655702576167796,1,local,monsoon
4.0,337.1020845259617,723,8,0,1,18.0340929065466,3.0,4.952675930281098,5.0,5.0,0.05111116218668133,1,highway,monsoon
4.0,40.267380683999264,50,4,0,1,6.3544197194129985,4.0,4.257691906927394,4.531985093578758,4.823949063811466,0.014674289723005912,0,arterial,dry
3.0,79.96674804934192,362,1,0,1,6.372091303870446,4.0,3.2287519119411847,3.474946302954618,3.739913173185891,0.017293957863623026,0,highway,post_monsoon
4.0,95.68431675468555,635,9,0,1,9.321843256158683,5.0,4.634539950786088,5.0,5.0,0.034953606848285544,1,collector,post_monsoon
2.0,129.27414562004392,544,3,0,1,12.494606689387972,3.0,2.17358900722676,2.362244586168506,2.567274432438396,0.019610739247725058,0,arterial,pre_monsoon
3.0,120.0475196192468,50,2,0,0,12.241281284871597,1.0,3.152238349928795,3.3122022049206037,3.4802836043564804,0.011617076602775141,0,arterial,post_monsoon
3.0,115.52059734384974,605,9,1,1,18.201401384641745,1.0,3.5088002447050393,4.103893052414048,4.799913648851241,0.03723076788126085,1,local,pre_monsoon
2.0,288.574442538399,327,2,2,1,18.475566529233877,0.0,2.2562316666624973,2.545290666825315,2.87138270167589,0.028527391210936025,0,collector,monsoon
4.0,106.80440210698782,524,3,2,1,12.02832792207755,4.0,4.516779303496492,5.0,5.0,0.028756846580960626,1,highway,pre_monsoon
3.0,41.72345820223238,375,13,0,2,10.86151711819563,2.0,3.228838597391241,3.475132896001146,3.7402144085575006,0.017300330663970135,0,arterial,dry
2.0,103.1074233077028,361,13,0,1,14.583732161437997,2.0,2.2611899409963643,2.556489974631571,2.89035470744748,0.02905434675008292,0,collector,post_monsoon
5.0,110.78130483975846,140,11,0,0,17.316006600257552,3.0,5.0,5.0,5.0,0.016986906302856195,0,collector,pre_monsoon
1.0,297.02004713099257,428,10,0,0,14.76218404988774,0.0,1.1244803452664955,1.264456046890657,1.4218559721819137,0.02775303842671722,0,collector,monsoon
2.0,130.64318605884026,747,11,1,1,9.842270983046458,2.0,2.3084171716043103,2.664394919078821,3.0752674915684137,0.03402967731204973,1,collector,pre_monsoon
1.0,49.820023376078936,415,14,2,1,8.938730691463386,1.0,1.1365010559908604,1.2916346502683407,1.4679441439843548,0.030306161048495116,0,local,dry
4.0,25.725207645741826,424,11,2,0,6.446981407671378,1.0,4.379660603270528,4.795356749959993,5.0,0.021383353019907462,1,arterial,dry
4.0,132.74758807181053,359,8,1,1,12.967434237976263,4.0,4.470164143866736,4.995591868277957,5.0,0.02626963313180461,1,arterial,pre_monsoon
2.0,379.4036738429816,242,10,0,0,15.115600491598435,1.0,2.4337906533342433,2.961668472128561,3.6040405228706,0.046869190767885954,1,arterial,monsoon
3.0,5.0,300,5,0,0,15.674225965647285,2.0,3.2060901242812454,3.4263379616712433,3.6617161004547025,0.015623427058657699,0,local,dry
2.0,253.4741062757003,544,7,0,1,17.75880184877449,3.0,2.239456133142064,2.5075818861338033,2.8078098171291455,0.026737911500705154,0,collector,monsoon
4.0,342.0416209488492,991,7,1,2,19.401548003309664,0.0,4.834759544586122,5.0,5.0,0.04521782430234559,1,collector,monsoon
3.0,416.1706548306782,695,6,1,0,5.125171761613319,2.0,3.5550975845107335,4.212906278464684,4.9924309781133,0.04040811276670604,1,collector,monsoon
3.0,96.27979080232217,624,5,1,0,14.023812167156638,2.0,3.39956113511807,3.852338637135086,4.365420236706051,0.029604361326904305,1,local,pre_monsoon
5.0,51.61204887027513,898,12,2,1,14.196297446903378,2.0,5.0,5.0,5.0,0.030339165788055757,0,arterial,post_monsoon
2.0,141.974295877143,593,3,1,0,11.630267957909988,1.0,2.1956341234759016,2.4104046020858956,2.646183297861572,0.022014351635425276,0,arterial,pre_monsoon
1.0,104.67668424286583,714,7,0,0,7.858277150278612,5.0,1.1043012915660626,1.2194813425544742,1.346674821623622,0.023419690947118616,0,local,pre_monsoon
3.0,35.572471030513356,542,1,0,2,19.22314917368385,1.0,3.155416425036627,3.3188842717969758,3.4908206480079675,0.0118549633613196,0,highway,dry
5.0,29.20879375748217,590,1,0,2,9.056997444762825,3.0,5.0,5.0,5.0,0.014191416461191864,0,collector,dry
2.0,34.746349976382035,218,11,0,1,3.0,4.0,2.1703907066221735,2.3552979096959485,2.5559583472653586,0.019260473116787722,0,arterial,dry
1.0,304.2295700322564,438,12,0,0,12.100361425551172,2.0,1.1914847871652663,1.4196359980462598,1.6914746949842985,0.041727151482092634,0,collector,monsoon
2.0,31.872654080930165,387,5,1,0,10.810681665571204,3.0,2.1403431407140574,2.2905343800008575,2.4512647744022806,0.015950298412603533,0,highway,dry
3.0,34.885912291648516,377,7,1,1,21.288486364067346,2.0,3.1528685896913937,3.313526781287533,3.48237150327423,0.011664266214760995,0,collector,dry
2.0,362.01259085112594,365,5,1,1,14.448469770968751,1.0,2.399856027154734,2.8796544755354514,3.4553780746184284,0.04344495815228841,1,collector,monsoon
3.0,18.70786422095795,786,5,1,1,10.473686265843838,4.0,3.155250617417855,3.3185354862385865,3.4902703806257875,0.011842556795034265,0,collector,dry
5.0,27.3969313174173,426,5,0,0,11.01572454803463,0.0,5.0,5.0,5.0,0.010348918508538406,0,highway,dry
3.0,28.934161183647355,471,8,1,1,10.957982460811245,3.0,3.179465460802983,3.369666872146375,3.5712464781338067,0.013649164123954336,0,local,dry
2.0,280.43027378969435,952,5,1,0,23.085666872816915,2.0,2.1924808481972473,2.403486134855861,2.634798659789551,0.021671682553327527,0,local,monsoon
3.0,34.82556898759502,655,8,0,2,15.37741934068922,2.0,3.223777847985659,3.464247871054349,3.722655182212163,0.01692806278621791,0,arterial,dry
1.0,157.65678739903746,501,13,0,1,4.964199138629947,1.0,1.2000253834222405,1.4400609208576955,1.728109658703641,0.04346471429283147,0,collector,pre_monsoon
4.0,362.3089195362906,711,8,1,0,10.777800259495073,0.0,5.0,5.0,5.0,0.05860315110602404,1,collector,monsoon
3.0,334.1190301090782,366,7,2,2,11.881837759997458,2.0,3.6999029642755747,4.563093981685062,5.0,0.05014544236209342,1,arterial,monsoon
2.0,323.39046046575606,415,4,0,2,6.462158982678657,5.0,2.34205515194096,2.7426111673665963,3.211673307150874,0.037526015300902826,1,local,monsoon
3.0,54.91308598039511,427,6,2,1,3.0852227137645514,3.0,3.2593925703004416,3.5412133091099065,3.8474014498539573,0.019538422198177544,0,collector,post_monsoon
3.0,49.285284702210596,549,1,0,1,14.977816908934223,1.0,3.184068520112477,3.3794307802570867,3.5867797211052452,0.01399139251022568,0,arterial,dry
3.0,23.32559004278279,593,13,1,0,7.97683502131048,2.0,3.234052375399108,3.4863649222748707,3.758362252797057,0.01768338776669117,0,highway,dry
1.0,30.02136763375536,310,3,2,0,18.243858092799908,2.0,1.0710154221793424,1.1470740345459949,1.2285339813802403,0.01613716463199472,0,arterial,dry
4.0,36.682254582298505,581,1,0,1,12.040972163039172,1.0,4.244032855791802,4.502953720260079,4.777670884223425,0.013913815490431003,0,local,dry
5.0,38.08199444775684,620,6,0,2,9.628655898691322,4.0,5.0,5.0,5.0,0.017502829748648384,0,local,dry
3.0,51.31553088898315,406,8,0,1,3.0,1.0,3.179451346684087,3.369636955310418,3.5711989184660595,0.013648114183061036,0,highway,dry
5.0,342.25111356265984,466,12,0,1,18.11158924813966,2.0,5.0,5.0,5.0,0.06986665176357704,0,local,monsoon
2.0,197.84584579371344,272,7,2,1,13.46763416322651,1.0,2.3948930299919455,2.8677563125520007,3.4339848023230948,0.04294105190991022,1,local,monsoon
3.0,87.11963856386839,198,10,0,2,9.759026405913188,1.0,3.2491664136465817,3.519027461189663,3.811301945199151,0.018791149484026222,0,collector,pre_monsoon
3.0,204.05767475025146,270,10,2,1,7.548543062098988,2.0,3.305372137686793,3.6418283228653863,4.012532622879291,0.022876320902829005,1,collector,monsoon
3.0,25.730518052552206,644,10,1,0,19.995456045156274,3.0,3.192511832200478,3.397377266246685,3.6153890403138194,0.014618151389428916,0,highway,dry
3.0,51.3531289819498,604,2,0,2,6.67890149663572,1.0,3.2167043327013403,3.4490622546731924,3.698204499454638,0.016406984699160965,0,arterial,dry
2.0,267.7045717358943,885,9,0,0,10.15676270848674,3.0,2.320242368119211,2.6917623234077217,3.122770493838801,0.03526321599767031,1,local,monsoon
1.0,39.680794297640816,507,1,1,1,14.848725510285314,1.0,1.054749956006171,1.1124974696950198,1.1734066572177988,0.012515204901864274,0,arterial,dry
2.0,39.190893355958806,510,14,1,2,19.253833200116873,4.0,2.231716356572722,2.4902789480971124,2.778798130448519,0.025908827740607595,0,arterial,dry
2.0,64.51775982364782,567,9,0,1,10.9184014648111,1.0,2.241547756737409,2.5122681728672553,2.815684543606693,0.026961588807040807,0,arterial,pre_monsoon
4.0,72.49610999443087,286,4,2,1,8.325915128837288,1.0,4.445256189221402,4.9400756469527956,5.0,0.0249324756744913,1,arterial,post_monsoon
2.0,313.7269166858884,680,8,0,0,11.466303957223408,4.0,2.3827281241232763,2.838696656744013,3.381921179939339,0.04170252191813527,1,highway,monsoon
1.0,15.745953439448826,576,2,1,1,16.52235331478668,1.0,1.056725962269517,1.116669759334437,1.1800139259699531,0.012957493234485206,0,local,dry
3.0,84.17544945292401,310,1,1,2,17.646974426316014,0.0,3.201269421421933,3.416041969510372,3.64522356642917,0.015266898271585368,0,collector,post_monsoon
3.0,435.33347361616717,574,10,2,0,5.124204254773093,0.0,3.6847112421171317,4.525698979261459,5.0,0.049137750871971565,1,local,monsoon
4.0,344.5527547163928,651,3,0,0,12.574700601885048,1.0,4.573565348893375,5.0,5.0,0.031760291238291216,1,collector,monsoon
3.0,33.48971244508764,233,6,0,0,4.828672955193006,0.0,3.124955673618122,3.255115987359363,3.3906977243278984,0.00956729910428582,0,local,post_monsoon
2.0,73.73421317438331,711,7,0,0,16.421085854886364,4.0,2.313045271893266,2.675089214913896,3.0938012302246274,0.03451303067860721,1,local,pre_monsoon
4.0,68.9979133227646,409,6,0,1,14.111919502915764,0.0,4.46713547782277,4.988824844305716,5.0,0.026107347897562336,1,arterial,dry
3.0,347.18237939432356,50,2,1,0,7.394071845246352,1.0,3.3400242248102927,3.7185872741065333,4.1400571925290315,0.025368451921354198,1,collector,monsoon
1.0,384.3870816079625,694,7,0,1,19.67072785025582,2.0,1.1786981338206726,1.389329290672336,1.637599842177881,0.0391078021007254,0,collector,monsoon
3.0,335.65197048331856,768,7,1,1,13.675067400036937,5.0,3.599177633597911,4.31802654606382,5.0,0.04340394130918973,1,highway,monsoon
5.0,367.993237382359,275,10,1,1,13.125962402333142,1.0,5.0,5.0,5.0,0.0374668552210158,0,local,monsoon
2.0,66.53268296329682,165,16,0,0,11.104442588270203,1.0,2.2400974496825294,2.509018292037086,2.810222738599546,0.026806510628725046,0,local,post_monsoon
2.0,70.22434205586113,765,1,1,1,11.959810328326716,2.0,2.2651438853624883,2.5654384106975354,2.9055435646327914,0.029473929572543307,0,local,post_monsoon
1.0,115.41350877482859,376,3,1,1,10.092587492886059,3.0,1.0975817276116444,1.2046856487869622,1.3222409556245487,0.021963227685139423,0,collector,post_monsoon
2.0,79.93304781104669,768,7,0,1,8.293957518918731,4.0,2.2303369558821977,2.487201468386934,2.7736486758339236,0.02576083516814759,0,local,post_monsoon
3.0,55.8009290134551,141,11,0,2,18.14565293802697,0.0,3.1709666660819016,3.351676532467522,3.542684853314495,0.013016296094099575,0,collector,post_monsoon
3.0,36.2253922797283,781,8,0,2,9.53628705167159,0.0,3.2960137962581664,3.6212356483747232,3.9785475521816576,0.022199848146640295,0,collector,dry
1.0,56.64075971141185,714,11,2,2,9.36795981134139,2.0,1.1903679492847208,1.4169758546843116,1.6867226423265287,0.04149922829408919,0,local,dry
5.0,120.34781577976115,608,1,0,2,11.353529549255587,3.0,5.0,5.0,5.0,0.026002143506432877,0,arterial,pre_monsoon
4.0,92.09950404915476,99,5,2,0,19.12257240427404,0.0,4.248254254751698,4.511916053253977,4.791941642579674,0.014149044002322147,0,collector,post_monsoon
3.0,348.8904578594783,427,12,1,1,17.655829468486566,1.0,3.611850775187395,4.34848867407393,5.0,0.04426004207857304,1,collector,monsoon
4.0,408.8741954974157,701,3,0,0,10.025758152162565,5.0,4.6893105561683335,5.0,5.0,0.037794666224582385,1,collector,monsoon
1.0,27.844880705360893,162,1,1,2,18.133927127793388,3.0,1.0372102961411842,1.0758051984212829,1.115836228444764,0.008561202951877792,0,highway,dry
3.0,40.23543419913736,395,3,1,2,12.540600852141694,0.0,3.176003278823991,3.3623322757002465,3.559592777373238,0.013391507333183951,0,highway,dry
3.0,355.2616941120687,579,8,0,0,7.782873659959824,3.0,3.7929680492998017,4.795535541003048,5.0,0.05625031202234356,1,collector,monsoon
4.0,60.56276133249131,268,6,0,1,9.619353259982969,1.0,4.365609936954863,4.764637530409761,5.0,0.020617832565527915,1,collector,dry
4.0,117.8271279107315,760,1,0,2,18.86626934641864,5.0,4.277605003214755,4.574476140881976,4.891950506830817,0.015779616843132553,0,local,pre_monsoon
2.0,45.76356154407035,720,4,0,1,22.414226317845564,3.0,2.262050627654829,2.558436521036803,2.8936564691131688,0.02914572856193676,0,collector,dry
5.0,26.442246309345087,548,1,1,1,13.599083793766011,1.0,5.0,5.0,5.0,0.019800017054742273,0,arterial,dry
1.0,190.33027378569741,586,2,1,0,9.167314191584905,1.0,1.1214516215489758,1.2576537394748275,1.4103978254811786,0.027106458484615504,0,local,monsoon
4.0,139.5902381492971,391,3,1,1,11.375412661630268,2.0,4.342084746527028,4.713424986505671,5.0,0.019331873337922696,1,local,pre_monsoon
5.0,393.2429117297265,617,7,0,0,8.187779090305398,1.0,5.0,5.0,5.0,0.024826587142257543,0,arterial,monsoon
2.0,33.89720391605161,380,1,0,1,8.916183105383753,0.0,2.099131028321262,2.2031755370305395,2.3123770653095823,0.011351746837392995,0,local,dry
4.0,144.1288514649923,460,12,1,2,8.424761011015905,1.0,4.483161279081662,5.0,5.0,0.026965104001729433,1,collector,post_monsoon
1.0,140.31449922399878,401,6,1,1,11.603281262506714,2.0,1.1101091426444978,1.232342308582902,1.3680344636255064,0.024673076555032997,0,arterial,pre_monsoon
3.0,323.12123902637717,787,2,1,1,12.603405182289634,1.0,3.7803710893100773,4.76373519096382,5.0,0.055430746211380805,1,local,monsoon
3.0,327.63043515165714,741,3,0,1,11.259194296591053,0.0,3.569091675383506,4.246138462430612,5.0,0.04136226875476596,1,arterial,monsoon
3.0,36.693859251759925,299,4,0,0,10.893385327392146,2.0,3.261399321459921,3.5455751780064118,3.8545121599117507,0.01968485378217925,0,arterial,dry
5.0,84.42398124349583,767,7,0,2,15.802458117528467,1.0,5.0,5.0,5.0,0.020758034808163232,0,local,post_monsoon
3.0,376.5915982086676,340,7,0,0,10.853955375372767,1.0,3.333435682996143,3.703931150890654,4.115605421913292,0.024896144160435625,1,highway,monsoon
3.0,128.21807210794015,870,6,2,0,11.174920946831328,3.0,3.5337990630470646,4.162578605997438,4.9032387925778345,0.0389503790378056,1,arterial,pre_monsoon
4.0,25.161829242859294,814,3,0,2,11.11719864486947,1.0,4.289962698230854,4.600944988053038,4.934470593839933,0.01646357994978929,0,highway,dry
5.0,86.14007042644789,938,6,2,1,19.716438664756346,2.0,5.0,5.0,5.0,0.0375276003331001,0,arterial,post_monsoon
1.0,238.5045808326508,558,1,1,0,9.543926875871264,1.0,1.122396154736292,1.2597731281668143,1.4139645148945423,0.02730824342694271,0,arterial,monsoon
5.0,64.59130822759604,443,2,0,0,14.981480534707675,1.0,5.0,5.0,5.0,0.016624542485543067,0,arterial,dry
1.0,13.34179813628796,439,4,0,0,8.258111530312696,4.0,1.0700626468363608,1.1450340681544382,1.225258185687144,0.01592616968316974,0,arterial,dry
4.0,65.51648576060461,575,1,1,2,13.749724157126312,1.0,4.476807834201735,5.0,5.0,0.026625327422132684,1,collector,post_monsoon
2.0,338.5733388060291,297,6,0,0,14.731165958941688,0.0,2.2879813274231937,2.6174292773186,2.9943146561778713,0.0318864556668609,0,highway,monsoon
1.0,352.6003758199429,50,1,0,2,17.421296434013694,3.0,1.161097478284971,1.3481473540797189,1.5653304931785177,0.03546643526383056,0,arterial,monsoon
3.0,86.46316983839378,420,13,0,0,10.078659153537176,2.0,3.327260467015179,3.6902207384540224,4.09277519253921,0.024452815969966905,1,collector,pre_monsoon
3.0,315.6513368243579,508,1,1,1,6.430187175874093,1.0,3.5513095998093673,4.2039332912327225,4.976489551370985,0.04014934232579248,1,local,monsoon
2.0,153.42247308406314,611,13,1,1,8.080073383697126,3.0,2.387335131070984,2.8496845140228557,3.401575976397854,0.042172138297255794,1,collector,pre_monsoon
1.0,24.778124669639034,579,1,0,0,16.822707865683356,1.0,1.0629940569878862,1.1299563651915656,1.201136900854268,0.014356294463902313,0,local,dry
3.0,458.1004911230465,528,15,2,0,22.408758062433364,1.0,3.915612754154674,5.0,5.0,0.0641225469935317,1,collector,monsoon
5.0,42.82055463624918,733,9,1,0,16.172267060063593,0.0,5.0,5.0,5.0,0.013176386137662638,0,arterial,post_monsoon
2.0,42.15126329429043,325,10,2,1,5.689302851058241,3.0,2.202903686958631,2.426392327007965,2.672554301586989,0.022802906045435153,0,local,dry
2.0,173.693723109252,365,1,0,2,16.003264405564188,2.0,2.1730580480521513,2.3610906401021126,2.565393508827251,0.019552617915808604,0,arterial,pre_monsoon
3.0,254.8018286668831,921,5,0,2,7.281044544892293,3.0,3.540985942611146,4.179527148589916,4.933215626639514,0.039443021454112735,1,arterial,monsoon
1.0,326.16885458930415,50,5,1,0,10.254286914343803,1.0,1.1235440564454178,1.2623512467738243,1.4183072404591932,0.027553299741134095,0,collector,monsoon
4.0,39.90005963112605,723,6,2,2,12.93615538432647,3.0,4.4044362139176645,4.849764590617342,5.0,0.02272862411426166,1,collector,post_monsoon
4.0,375.2305745039407,612,12,1,0,13.776844277354822,1.0,5.0,5.0,5.0,0.06775647930000475,1,local,monsoon
3.0,55.98127058727636,499,9,1,2,12.327210473356084,2.0,3.2913608562812193,3.6110187620867475,3.9617219349431285,0.02186295965485322,0,collector,dry
2.0,44.670553953354975,679,6,2,1,8.99443926475206,4.0,2.197464189606374,2.4144244323011983,2.6528056142462906,0.022213053469723198,0,collector,post_monsoon
4.0,335.0308522253358,643,10,0,2,17.29979132337167,0.0,5.0,5.0,5.0,0.0577028217600099,1,collector,monsoon
3.0,110.11019890326617,208,11,2,1,9.3621679755137,2.0,3.429044651347624,3.91944907364525,4.479988627404216,0.03168101796565202,1,collector,post_monsoon
4.0,347.1724596076935,305,4,1,1,18.272563726809945,4.0,4.889669842113902,5.0,5.0,0.04797573506345017,1,highway,monsoon
3.0,60.31975780537341,403,4,0,1,5.203100546051666,2.0,3.246152374290125,3.5125017457031382,3.8007052938374835,0.018570555633497743,0,highway,post_monsoon
4.0,17.795988146518276,75,15,0,1,13.077651709722115,3.0,4.229772668959823,4.4727442077698765,4.729672801318344,0.013117867972465398,0,collector,dry
3.0,39.91695461250596,498,6,1,2,5.86924518384234,1.0,3.219554573161622,3.4551772165219723,3.7080438695123874,0.016617056288619352,0,arterial,dry
3.0,29.946431879189177,627,4,2,0,7.829586840036816,3.0,3.2524481472608238,3.5261396502067885,3.822862124099333,0.019031157218858796,0,collector,post_monsoon
5.0,12.178203228087469,733,6,0,2,9.43493895533291,2.0,5.0,5.0,5.0,0.022065552890081146,0,arterial,dry
3.0,39.03411337840589,515,11,1,2,19.60302727365487,2.0,3.2882098225087457,3.6041079456143326,3.950354382716955,0.0216346068013518,0,collector,dry
3.0,277.45826586110167,350,9,1,1,18.540123330511634,2.0,3.573823311870704,4.257404354823495,5.0,0.04168423600758679,1,arterial,monsoon
2.0,64.63148459705289,544,6,0,0,16.37124381278598,2.0,2.2277807469837265,2.4815035283156854,2.764122891976935,0.02548640007169749,0,local,post_monsoon
3.0,5.0,484,9,2,0,12.166428751084327,3.0,3.3718194221081315,3.7897220717685385,4.259419495327009,0.02763774093068109,1,arterial,dry
3.0,42.62150853790291,657,8,1,2,12.940294746856715,3.0,3.1892296263505613,3.3903952031973805,3.60424960902464,0.014374659814232612,0,highway,post_monsoon
2.0,362.7815510259769,490,6,2,1,18.33239580915678,1.0,2.5878746473621397,3.3485475952298596,4.332810713590407,0.06197205656403931,1,arterial,monsoon
1.0,203.1596076402846,677,5,0,2,15.506526431033992,1.0,1.159695997016222,1.3448948054954488,1.5596691223409822,0.03517467074993061,0,local,monsoon
3.0,50.958815359071465,447,7,2,0,12.090042116853782,1.0,3.1532517891392735,3.3143322819033436,3.483641399237923,0.011692954987310425,0,highway,post_monsoon
4.0,122.60083714456601,758,5,0,2,19.4333579000814,1.0,4.44658700729055,4.943034003351281,5.0,0.02500406431226097,1,arterial,pre_monsoon
3.0,22.94133206678059,535,7,0,2,16.072647680817575,2.0,3.2963471934991087,3.6219682733631497,3.9797549842811426,0.022223973225352866,0,highway,dry
2.0,62.65493754720591,380,6,0,2,13.212099329195091,1.0,2.210155736755764,2.442394190357207,2.6990357656184654,0.023587575350597054,0,collector,dry
3.0,328.7728877826536,433,1,0,0,9.705116098757593,2.0,3.499133807530259,4.08131246766707,4.76035281156953,0.03656331731846915,1,highway,monsoon
1.0,283.7168680018713,645,4,0,1,9.253788733534936,1.0,1.1445190610799574,1.309923881175347,1.4992328505690218,0.03199764675545188,0,highway,monsoon
3.0,58.458407415681506,245,5,0,0,10.319123223998602,3.0,3.1829242170495187,3.377002190493431,3.5829140177169383,0.013906351277349526,0,arterial,post_monsoon
2.0,266.8804140669164,474,14,0,1,14.284954428809927,3.0,2.2990659113899383,2.6428520324576237,3.038045508335469,0.03305077101743908,1,local,monsoon
2.0,273.641786620814,713,6,2,1,16.178914079664032,1.0,2.3225260833116477,2.6970637038314718,3.1320004002508575,0.03550088490097643,1,arterial,monsoon
2.0,198.73986074742538,603,8,2,0,4.778540772244819,3.0,2.369274053792289,2.8067297709866734,3.3249560112025494,0.040327081299955964,1,arterial,monsoon
2.0,63.26649698795403,269,15,1,0,3.0,2.0,2.2255126127755576,2.4764531948115445,2.7556889100007087,0.025242690516797305,0,arterial,dry
1.0,18.59807450763735,562,1,0,1,7.242550967039338,3.0,1.0660817741314286,1.1365303491352141,1.2116342909602809,0.015043032281984734,0,arterial,dry
2.0,74.83729853250291,231,1,0,0,9.961616933123269,1.0,2.142506723482345,2.295167530083527,2.458705932361162,0.016189834602081614,0,collector,post_monsoon
3.0,31.429567361323315,537,3,0,1,17.97973600328097,2.0,3.1948166722683284,3.402284523134559,3.6232251061035967,0.014789022065081843,0,collector,dry
3.0,63.712223594398495,775,5,0,1,10.59790916008406,3.0,3.3615886439235583,3.766759403651943,4.220765211902883,0.02690934596718919,1,local,dry
2.0,307.06592339486303,514,6,1,1,13.273866744859461,1.0,2.606671863474205,3.397369101914043,4.427913223897982,0.06376693240191204,1,collector,monsoon
4.0,80.60183138243255,273,4,0,0,14.089522559938356,4.0,4.2831940526267935,4.586437823114385,4.911150801676528,0.016089142135533408,0,highway,pre_monsoon
1.0,33.81499847861058,461,2,1,1,6.8821456991449015,0.0,1.0506256181284843,1.10381418946786,1.1596954651086624,0.01159000612449746,0,arterial,post_monsoon
3.0,60.849307265215145,538,10,1,0,19.299444159391353,2.0,3.5587444875772754,4.221554109287215,5.0,0.04065704578218454,1,arterial,dry
1.0,31.234517038105444,718,5,2,0,8.675970570100402,4.0,1.1227802546536532,1.2606355002401222,1.4154166479850399,0.027390263214104763,0,local,dry
1.0,27.139178501513108,716,11,2,1,19.798957279831402,4.0,1.13657641792834,1.2918059537908166,1.4682361836180693,0.03032210200051795,0,local,dry
3.0,359.36697211161623,282,2,2,1,11.369119992681423,1.0,3.8177484994534545,4.858401201693034,5.0,0.05785647200082154,1,local,monsoon
3.0,77.73047100144795,435,14,1,0,10.312483511934468,3.0,3.3907454623280264,3.8323849300993666,4.331547270542913,0.02898075297623028,1,collector,pre_monsoon
4.0,311.6242923730549,578,1,0,0,6.4460540817184935,2.0,4.880411704278193,5.0,5.0,0.04751240810543811,1,arterial,monsoon
3.0,94.98069076660973,379,6,0,0,12.986426455992904,2.0,3.3465978019172145,3.7332389492657105,4.164549753881452,0.025838975601244766,1,arterial,post_monsoon
5.0,61.50190678711229,599,3,1,1,23.271911970179694,2.0,5.0,5.0,5.0,0.030794188225885658,0,collector,post_monsoon
1.0,31.448313756727927,230,7,0,1,14.067941452010015,1.0,1.0518392564824985,1.1063658214776553,1.1637190030607056,0.011862546217609378,0,collector,dry
1.0,109.97840753829463,552,3,0,2,13.352184359744523,0.0,1.1168390388745282,1.24732943875418,1.3930662115381232,0.026119175334345865,0,collector,pre_monsoon
1.0,283.2469458587563,705,1,1,0,8.666981871054208,1.0,1.1209481092833524,1.2565246637059229,1.4084989460490547,0.02699883761019001,0,collector,monsoon
2.0,87.83128149504259,510,3,0,1,14.9599187430589,1.0,2.1359855934022223,2.2812172276109215,2.436323566798943,0.015467298374109777,0,local,post_monsoon
3.0,59.72139963123841,535,13,2,1,12.788089035614746,3.0,3.498687979963225,4.080272527046383,4.758533481783785,0.03653249961997752,1,local,post_monsoon
3.0,56.41592177419314,668,2,1,2,11.685827626292637,1.0,3.2929558238495993,3.6145193526083306,3.967484184196228,0.021978481772173666,0,arterial,dry
1.0,416.1195592768048,411,9,1,0,14.47397392164255,1.0,1.21326355961649,1.472008465093276,1.785934230144674,0.0461393444767491,0,collector,monsoon
5.0,114.08676036187813,624,7,1,0,3.0,4.0,5.0,5.0,5.0,0.023138388028393075,0,arterial,pre_monsoon
4.0,33.253275909607595,493,5,0,0,11.497377538024109,2.0,4.248495265711858,4.512428005694018,4.792757254764159,0.014162468418833505,0,arterial,dry
2.0,23.305671249109928,318,15,2,1,6.014860774406479,3.0,2.1345291757427356,2.2781074010484805,2.4313433565067193,0.0153056974317359,0,local,dry
1.0,102.8880978120977,680,5,0,2,12.144492491599717,2.0,1.093338993162283,1.1953901539691147,1.3069666673766984,0.021040091959719728,0,local,pre_monsoon
2.0,86.47241872130027,780,7,2,0,8.379003121833227,2.0,2.263795266730231,2.562384504835098,2.900356956794291,0.029330880633405665,0,local,pre_monsoon
1.0,45.88276465062523,731,7,2,0,8.72080074719398,1.0,1.109439430512313,1.2308558499754851,1.3655600132395511,0.02452880355714048,0,arterial,dry
1.0,333.623783188649,680,13,0,0,5.332793586071498,2.0,1.232157035012752,1.518210958931416,1.8706743136808006,0.04991807933384147,0,highway,monsoon
3.0,59.224081622439144,602,1,1,0,17.578324856234104,4.0,3.1726339815812032,3.3552021270279333,3.548276094427452,0.013140556225926898,0,arterial,dry
2.0,397.7089126517206,572,15,1,2,8.611267508660607,2.0,2.537365051058545,3.2191107011666658,4.084029494314432,0.0570990686967174,1,local,monsoon
2.0,52.95189214457887,481,13,2,1,8.878806881831228,2.0,2.32483254469292,2.7024231804316785,3.1413406797000563,0.03574073924258152,1,collector,dry
5.0,8.830581127417943,367,8,0,0,19.65307535586209,1.0,5.0,5.0,5.0,0.010993068340099317,0,arterial,dry
3.0,145.707158115153,86,9,1,0,14.839787163832918,0.0,3.1536689246492244,3.315209228766065,3.4850241078232873,0.011724181393187642,0,arterial,pre_monsoon
5.0,54.468647420049805,186,6,1,2,3.0,1.0,5.0,5.0,5.0,0.011446589817938764,0,arterial,dry
1.0,382.5039711592758,502,7,0,1,18.926800858609077,1.0,1.2448999677112123,1.5497759296073772,1.9293160047278377,0.05244168115409026,0,collector,monsoon
2.0,41.37507074256646,244,8,2,1,20.239453208496514,3.0,2.181295161096166,2.379024289910775,2.594677085856308,0.020453068791697653,0,highway,dry
3.0,433.81332487232487,582,3,0,1,19.771880441281738,2.0,3.437960829651214,3.9398582220720204,4.51502608062096,0.03230632799905325,1,collector,monsoon
1.0,46.6428024075773,849,13,1,1,15.340946215055652,0.0,1.113171067051018,1.2391498245195018,1.3793857323964553,0.025331844124027055,0,collector,dry
1.0,346.46215009104577,50,7,0,0,6.49145120034494,1.0,1.1387878573090962,1.296837783954642,1.4768231212671834,0.030789516876475704,0,local,monsoon
3.0,269.68516043110986,305,7,0,0,11.75387246325904,0.0,3.3637181975877826,3.7715333709277337,4.228791810866403,0.027061102527659194,1,collector,monsoon
3.0,42.71115842392329,937,3,0,2,4.757773488084801,1.0,3.219653093389238,3.4553886805902962,3.708384284774902,0.01662431498612584,0,collector,dry
3.0,160.90637839918838,666,11,0,0,7.669919722489649,3.0,3.5289432443679747,4.151146807323456,4.883053827361265,0.03861708995589577,1,highway,pre_monsoon
3.0,47.6043330310524,477,6,2,1,6.445566380186367,2.0,3.2252140792099344,3.4673352855779953,3.727632860129183,0.017033757220710592,0,arterial,dry
3.0,429.59882475871626,393,4,1,2,8.864847724052403,0.0,3.724819562549515,4.62476025785052,5.0,0.051791353946781596,1,collector,monsoon
1.0,18.253773237168197,617,2,2,1,12.819769451057315,3.0,1.1033965583843668,1.217483965054465,1.3433676169292494,0.02322398684429453,0,local,dry
2.0,390.1233676538742,695,6,0,1,9.775440254172434,0.0,2.5712013093716757,3.30553808665731,4.2496019282956095,0.06037159756011747,1,arterial,monsoon
2.0,305.28155082873184,246,2,0,1,9.560691223550108,3.0,2.3119860674311323,2.6726397879978365,3.089552976556547,0.03440247408003845,1,local,monsoon
1.0,35.666149134813196,798,8,2,0,10.545527776382658,1.0,1.097309986558939,1.2040892066019788,1.321259111112181,0.021904184243976534,0,arterial,post_monsoon
5.0,369.40140976863034,579,10,0,1,19.497363397759408,4.0,5.0,5.0,5.0,0.07842774492982366,0,arterial,monsoon
3.0,201.2243434488483,687,5,0,0,22.818777511754014,3.0,3.4328905326142376,3.9282458029708205,4.495079275600048,0.03195089027373291,1,arterial,monsoon
4.0,166.3832568129423,704,7,1,0,9.74651910090405,1.0,4.559082274903982,5.0,5.0,0.03099700170147988,1,highway,pre_monsoon
2.0,84.90273230329589,562,11,1,1,13.680371012484786,2.0,2.270536527075165,2.5776680603912756,2.926344742896692,0.030045279196864647,0,local,post_monsoon
2.0,336.4681001381939,589,6,1,1,7.793610187216769,2.0,2.4040426850874854,2.8897106158613237,3.4734938340405344,0.0438694197364921,1,arterial,monsoon
2.0,56.92205120682902,603,6,1,2,15.838256524282539,1.0,2.176633650866426,2.368867025042053,2.578077840567187,0.019943810507451358,0,arterial,dry
1.0,44.19950921947803,428,7,0,1,9.617749690361286,1.0,1.0946867119578256,1.1983389973370355,1.311805776805717,0.021333626299715764,0,collector,post_monsoon
2.0,199.93843476004304,629,5,0,0,8.444475684551014,0.0,2.2370293918479245,2.502150249995747,2.798691826030059,0.02647819605180438,0,collector,pre_monsoon
4.0,75.77162598320088,448,5,2,2,22.007936329078483,3.0,4.746359790323379,5.0,5.0,0.04072700001036645,1,local,post_monsoon
3.0,58.1554278222919,500,3,2,0,5.219653785041972,1.0,3.1836726387229275,3.3785904901843367,3.585442033683119,0.013961974422793164,0,highway,post_monsoon
3.0,35.86078415793986,812,8,0,1,3.0,2.0,3.2978277229947524,3.6252225635175845,3.9851198239981325,0.022331083763953794,0,local,dry
3.0,350.38320483397365,492,6,1,1,15.674151230745004,2.0,3.464539609458738,4.001011568502834,4.6205543523269,0.03416300507728993,1,collector,monsoon
5.0,57.85164468429611,582,9,0,0,10.161857945234294,1.0,5.0,5.0,5.0,0.020088124147019125,0,arterial,dry
1.0,44.76314135528514,465,11,1,0,8.770017103730389,1.0,1.0547129076826067,1.1124193176322987,1.173283013062263,0.012506906332436845,0,arterial,dry
2.0,29.739135391279127,426,2,1,1,25.658295002203218,0.0,2.1193107362207013,2.245738998330166,2.379709384955322,0.01361201512018803,0,collector,dry
2.0,301.7226410987159,885,3,0,2,15.651132862913478,4.0,2.4450574386547705,2.989152939160513,3.654325314585592,0.04799799006779264,1,collector,monsoon
4.0,28.95358024352098,207,9,1,1,11.707429512472618,3.0,4.432735057175865,4.912285021778979,5.0,0.024258121120027024,1,local,dry
5.0,70.33262288242906,510,5,0,1,8.460341801361508,4.0,5.0,5.0,5.0,0.026375814502845665,0,collector,dry
2.0,348.31219687260057,259,7,0,1,14.228939244158434,2.0,2.334667800989972,2.7253368704896763,3.181378119191513,0.03676148770511064,1,arterial,monsoon
4.0,42.36656966880503,750,7,0,1,3.3357368540282515,4.0,4.332423089046063,4.692472455624857,5.0,0.018802189775326883,1,collector,dry
4.0,50.81828571792911,487,3,2,1,9.419492805140994,0.0,4.248877426877205,4.513239847156665,4.794050727166671,0.014183753767029633,0,highway,dry
2.0,21.769585260894914,406,9,1,0,11.814505151011023,4.0,2.144051129038173,2.298477621964932,2.464026770221444,0.016360706570477248,0,local,dry
2.0,133.2324798558121,132,7,0,2,13.067459158484677,3.0,2.1356361133926334,2.2804708044133966,2.4351279027213995,0.015428528535994118,0,arterial,pre_monsoon
3.0,110.79681946009109,815,2,1,1,11.287843316029454,5.0,3.3250059192646075,3.6852214543815585,4.084461049873202,0.024290801344722442,1,local,pre_monsoon
5.0,67.45024429172723,234,6,0,0,8.533943781355518,1.0,5.0,5.0,5.0,0.025744698940585807,0,collector,dry
2.0,90.89062198767964,597,6,1,0,16.60331072830769,2.0,2.3010480732778364,2.6474111177678217,3.045910125856985,0.03325852179981225,1,collector,post_monsoon
4.0,317.2973312926908,686,9,0,0,3.741732179004389,2.0,4.900885751770218,5.0,5.0,0.04853613935969561,1,collector,monsoon
2.0,5.0,934,11,0,0,10.61038063992453,4.0,2.1486829580113413,2.308419227024184,2.480030526526289,0.016872603693564036,0,collector,dry
4.0,22.373003858710444,389,6,1,0,9.410347188395054,2.0,4.230226562976268,4.473704193527504,4.731195578589593,0.013143234225896005,0,collector,dry
3.0,79.20095358983178,328,1,0,1,17.059215500213327,3.0,3.1626242388905115,3.334064025472596,3.514797233657502,0.012393806047925848,0,local,pre_monsoon
3.0,300.1995878825068,414,9,1,1,9.705584528353176,1.0,3.8491832976911438,4.938737353074822,5.0,0.05988247735092815,1,collector,monsoon
4.0,49.01326673262106,382,15,0,2,14.188317783886552,2.0,4.25530086644966,4.5268963660018064,4.815826507143826,0.01454130258172908,0,arterial,dry
4.0,44.69437188154373,123,9,0,0,13.665233980797062,3.0,4.111742739530976,4.226607089021424,4.344680252783498,0.006449650398853522,0,arterial,dry
4.0,61.49545188484304,827,5,1,1,3.0,1.0,4.602385795653693,5.0,5.0,0.033273695510391506,1,local,post_monsoon
1.0,39.76062055203252,416,8,0,2,11.671763075451869,3.0,1.0844779278653942,1.1760923760272193,1.275446222932287,0.019103204919881985,0,local,dry
3.0,53.48148869239296,468,10,1,1,3.2863208911262376,3.0,3.210286273531919,3.435312652675817,3.6761123513918994,0.015933430788964156,0,collector,pre_monsoon
1.0,110.77280227205341,625,7,0,0,13.75642609227116,0.0,1.1137323786186262,1.240399811183503,1.3814734321474977,0.02545245858592326,0,arterial,post_monsoon
3.0,286.63012583468003,777,12,2,1,8.348392330114153,3.0,3.5406528285118894,4.178740817349748,4.931823498189157,0.039420204275225065,1,arterial,monsoon
3.0,34.97367551164984,267,2,0,1,17.933347884246984,2.0,3.1584260097023584,3.325218286254788,3.500818641081675,0.012080068915014907,0,collector,dry
3.0,412.4064694246419,571,5,0,2,11.096159500610192,4.0,3.7823715949026813,4.768778293975551,5.0,0.05556104002147227,1,arterial,monsoon
3.0,39.120828675976846,256,8,0,0,8.149718488978824,2.0,3.2104030930155965,3.4355626732147027,3.6765136774458047,0.015942056750148897,0,collector,dry
5.0,351.24765834156517,566,9,0,1,17.999294330974585,1.0,5.0,5.0,5.0,0.0615424375152013,0,local,monsoon
1.0,131.311827288852,558,4,2,1,7.640549176458235,4.0,1.0946157379420738,1.1981836137504707,1.3115506405555721,0.02131817500976673,0,arterial,pre_monsoon
3.0,63.00160138103962,405,5,1,0,16.4734753067382,2.0,3.3116560128704395,3.6556885158603123,4.03546095157674,0.02332973063869818,1,local,post_monsoon
2.0,51.82168540795391,546,4,0,0,14.337643370090666,4.0,2.215158818468509,2.4534642955194004,2.7174065350087138,0.024127757206058517,0,local,post_monsoon
1.0,46.135008473183944,550,4,0,0,10.172841887001978,1.0,1.0799993662131764,1.1663986310208627,1.2597097822544483,0.018119643619401507,0,arterial,post_monsoon
2.0,53.99049622890223,483,9,0,0,5.320110972431789,0.0,2.1062045181384943,2.218048736113503,2.3358321347268185,0.012145915887835377,0,collector,post_monsoon
5.0,364.42527284286507,459,6,0,0,18.208312709086712,2.0,5.0,5.0,5.0,0.030886999126285414,0,arterial,monsoon
4.0,55.71840460804361,227,12,0,1,14.502320286796799,2.0,4.292233480725386,4.605817063264991,4.942310551260566,0.016589096942733236,0,local,pre_monsoon
5.0,107.00147479116437,281,2,0,1,8.140259896199154,2.0,5.0,5.0,5.0,0.009392715588622558,0,arterial,pre_monsoon
5.0,308.256501254967,377,6,1,2,13.223028422972952,2.0,5.0,5.0,5.0,0.048476329818392186,0,collector,monsoon
2.0,47.33301673388021,298,9,1,0,17.03080949366243,0.0,2.1515124583684115,2.3145029292572428,2.48984094361357,0.017184896248928307,0,collector,post_monsoon
2.0,27.675974910392803,385,8,1,0,12.560093970984436,1.0,2.1269648673785126,2.261989773531247,2.40558638933522,0.014465015840321555,0,arterial,dry
3.0,54.88276802812713,484,2,1,0,13.191994163265484,2.0,3.157531538350317,3.323335138558973,3.497845170835926,0.012013183020687195,0,arterial,post_monsoon
3.0,96.16535754972335,517,11,0,2,17.16001871902014,1.0,3.3990598474480507,3.8512026155111885,4.363489391590331,0.029568934204672253,1,collector,post_monsoon
3.0,50.85199992607598,612,7,0,2,19.686313871515882,3.0,3.315509505174395,3.6642010929672537,4.049564517534446,0.02360745119394803,1,collector,post_monsoon
2.0,62.81308433991187,531,14,0,0,11.402004125190997,2.0,2.268782799839951,2.5736876964248037,2.91956918890415,0.029859586304601036,0,local,post_monsoon
3.0,50.90173717840258,523,6,1,0,5.312785673357953,2.0,3.2180630331929176,3.4519765618676006,3.702892721731504,0.01650714294443603,0,arterial,dry
3.0,32.60092418304876,607,11,2,2,5.48711843211977,1.0,3.4657668668718915,4.003846658502336,4.625466363024378,0.03424847178050763,1,collector,dry
2.0,45.02200436709162,316,5,2,1,8.545035935800543,3.0,2.190381966386285,2.3988865793351244,2.6272389513908694,0.021443385792190663,0,collector,dry
3.0,59.55041354394486,333,6,1,1,7.32554236790508,1.0,3.1802093204320867,3.3712437739210377,3.5737536237574425,0.013704494342305387,0,arterial,dry
3.0,279.02389362108886,425,8,1,1,3.587655519496579,0.0,3.4104342274424715,3.877020539903709,4.4074411832617,0.030371803372524413,1,collector,monsoon
3.0,34.075420969371365,360,1,2,1,21.23912501565774,7.0,3.203843175880283,3.421537031878219,3.65402269020157,0.015457298775854127,0,arterial,post_monsoon
2.0,54.04055893248622,149,1,1,0,14.640496311381668,2.0,2.0660891590754193,2.1343622066244863,2.2048913083235706,0.007614591746309564,0,local,post_monsoon
4.0,315.42874332253893,615,4,2,0,9.381012015825043,2.0,4.750157259194702,5.0,5.0,0.0409212289855965,1,collector,monsoon
1.0,34.98335662003265,300,1,1,0,11.837415788040106,0.0,1.0471205313516876,1.0964614071782404,1.148127251291098,0.010801530542347853,0,arterial,dry
2.0,24.087410365724185,862,1,0,1,3.068004562482791,3.0,2.163716982493849,2.3408355901661437,2.5324528598342484,0.018528315085648468,0,collector,dry
4.0,59.829605162827704,533,9,2,2,17.78660948954371,4.0,4.490691614155149,5.0,5.0,0.02736734187736882,1,collector,dry
3.0,162.65679266113028,199,3,0,0,3.0,0.0,3.2271728038984295,3.471548102073884,3.734428540812682,0.01717784459343058,0,collector,pre_monsoon
2.0,393.71432492371986,633,5,1,2,14.550138908221317,1.0,2.5324544510240674,3.206662773255805,4.060363706532421,0.056621356287708764,1,arterial,monsoon
3.0,42.80254356297215,506,7,0,1,3.0,1.0,3.253385970830301,3.5281734250651398,3.8261699745877387,0.01909971030521938,0,arterial,dry
3.0,40.462779227656945,558,9,2,0,9.9299595244037,0.0,3.2628584440516217,3.548748408639658,3.8596879036482217,0.019791281828658545,0,collector,dry
4.0,62.29245467447737,400,8,0,1,18.21344436135446,4.0,4.48608562785877,5.0,5.0,0.027121371518777564,1,arterial,dry
4.0,278.25142336243005,313,7,0,0,3.830239541791155,1.0,4.668396480021515,5.0,5.0,0.036712829505758736,1,collector,monsoon
3.0,98.70472021665829,207,8,0,0,11.256455498906801,1.0,3.227572573220329,3.472408238468031,3.735816531167911,0.0172072441173778,0,local,pre_monsoon
3.0,121.11277025809368,243,5,0,0,15.138853378635934,1.0,3.337869534996896,3.7137910108867977,4.132049958194789,0.025214068982598394,1,local,pre_monsoon
1.0,98.1102635311764,226,4,2,0,14.320847501721925,3.0,1.0858318539008969,1.1790308149458586,1.2802292155989468,0.019399934905210765,0,collector,pre_monsoon
2.0,68.87291785941841,428,1,1,1,12.350929998891814,3.0,2.1693978417954063,2.3531434979932833,2.5524522129907607,0.01915165772155361,0,local,post_monsoon
3.0,40.258563025046065,489,9,0,2,14.478817561690992,1.0,3.2035180236480123,3.420842575945889,3.6529102827017166,0.015433251225801243,0,collector,dry
3.0,365.423360109165,190,4,0,1,8.945880221978555,2.0,3.402504662597335,3.8590126596655354,4.376769522511376,0.029812306239681063,1,highway,monsoon
3.0,361.3964166137652,680,14,1,1,21.66397927666499,3.0,3.853598922745267,4.950074885794494,5.0,0.06016605186864981,1,arterial,monsoon
2.0,307.98700001050065,528,9,1,1,3.9469107355408237,3.0,2.5890932421883175,3.351701908372607,4.338934380398603,0.06208871807322253,1,arterial,monsoon
1.0,36.40540883136515,985,10,2,1,17.81035372164387,2.0,1.1655575501717785,1.358524402762438,1.5834383747323657,0.03639315299161107,0,arterial,post_monsoon
3.0,110.91676364623385,418,9,0,0,12.947472683917582,3.0,3.404722913160545,3.8640460384668094,4.3853353615583925,0.029968922996490677,1,collector,pre_monsoon
2.0,139.81466947037092,946,9,2,0,15.085546156821746,2.0,2.3287775349135806,2.7116024035590867,3.157359380513035,0.036150565510284935,1,arterial,pre_monsoon
4.0,33.72282197585871,649,8,0,1,15.972730087918698,0.0,4.401556575761263,4.843425072406804,5.0,0.022572563373354816,1,arterial,dry
1.0,270.0282034907279,108,9,2,1,14.778143017316214,0.0,1.1753416566565957,1.3814280098722709,1.6236498856750992,0.03841661902024361,0,collector,monsoon
3.0,54.83777325964054,261,7,0,2,7.944891197205145,1.0,3.2729695638973286,3.5707765887327554,3.895681031466479,0.020527783681324602,0,highway,dry
5.0,30.63857424416581,563,4,1,0,10.568651552556092,3.0,5.0,5.0,5.0,0.01902606170877615,0,highway,dry
2.0,415.39373568864164,150,2,1,1,4.742051664705842,2.0,2.232626697559449,2.4923109853276055,2.7822000222315544,0.026006457620388466,0,local,monsoon
3.0,276.790761378706,320,8,2,0,10.507521369942888,2.0,3.431916129448522,3.926016106522974,4.49125266681696,0.031882536608655324,1,collector,monsoon
1.0,44.781118692358795,181,12,0,2,13.612594974042214,1.0,1.091776967461834,1.1919769466801586,1.3013729761308799,0.020699534107035938,0,local,dry
3.0,356.23502248900246,927,6,1,1,15.035641376783516,4.0,3.795939815109373,4.803053026644195,5.0,0.05644335261307599,1,local,monsoon
3.0,410.7240769484872,719,7,2,1,13.957171724971309,2.0,3.8628765067717628,4.973938302189739,5.0,0.06076105416858429,1,highway,monsoon
3.0,48.06505509757607,432,1,1,1,3.224551292849327,3.0,3.196526964889739,3.4059282124224026,3.6290471238289737,0.014915754541847724,0,collector,dry
3.0,139.92825612771378,802,5,1,1,9.189130337896358,1.0,3.4139222952900674,3.8849551460928673,4.420978329816108,0.030617599930188547,1,arterial,pre_monsoon
4.0,330.3840589142332,751,2,1,0,8.688752553162363,1.0,5.0,5.0,5.0,0.053697109150636205,1,arterial,monsoon
2.0,397.04481659253725,762,2,0,1,5.449160333783209,4.0,2.3451849013852346,2.749946110842636,3.2245660493855985,0.037849360100591777,1,highway,monsoon
1.0,122.49883912640423,388,7,0,1,7.820332994481199,1.0,1.1133438843757169,1.2395346048768097,1.3800282718116668,0.025368984026146037,0,arterial,pre_monsoon
4.0,21.522520883083512,438,6,0,0,12.006395901847547,2.0,4.239579188051107,4.493507922939021,4.7626456678587585,0.01366544975611318,0,arterial,dry
3.0,227.55453150107826,280,10,2,2,19.06894260389214,0.0,3.4370888673772835,3.9378599607496194,4.511591544127755,0.03224523036766826,1,collector,monsoon
4.0,124.12184276131273,477,10,0,0,7.2346783539550215,2.0,4.428079710561488,4.901972480771579,5.0,0.024007024213687417,1,arterial,post_monsoon
3.0,371.8634898443999,337,3,0,0,6.35567782497151,4.0,3.4581258750043435,3.986211522458185,4.594940403017702,0.03371597200972437,1,highway,monsoon
4.0,34.2872234308532,285,1,2,0,9.00263778177723,2.0,4.262758461470015,4.542777425208552,4.84119072697068,0.014955897029379047,0,arterial,dry
3.0,72.75360037611796,726,3,1,2,13.687331935430555,3.0,3.2586365949988894,3.5395708194219853,3.844725000919562,0.019483241151423247,0,arterial,pre_monsoon
4.0,47.38385003463832,634,4,1,0,18.118539451792714,3.0,4.4342381607843455,4.915617016639034,5.0,0.024339151318017744,1,highway,post_monsoon
5.0,35.25688697105759,323,9,0,2,11.567455461550152,1.0,5.0,5.0,5.0,0.01536315312957585,0,collector,dry
3.0,106.61140520351589,689,9,1,1,4.770606270239943,1.0,3.397527811655911,3.8477317436584677,4.357591870290312,0.029460636970520992,1,local,post_monsoon
2.0,76.97396269831154,561,6,1,0,5.834585858599748,2.0,2.181356024804,2.379157053474354,2.594894286275607,0.020459712478434845,0,collector,post_monsoon
2.0,21.127799077270133,436,9,0,1,12.941406943299722,4.0,2.1286262732439636,2.265524905572242,2.411227918344812,0.014649857254958577,0,local,dry
2.0,105.54127087644193,818,17,1,2,16.976271973380282,1.0,2.4127575295071257,2.910699448096665,3.511406004763732,0.04475115414697608,1,arterial,post_monsoon
2.0,177.53544004819997,561,6,0,1,21.07870962420641,0.0,2.3516245621456466,2.7650690406433522,3.251202136002704,0.03851362356706553,1,collector,pre_monsoon
2.0,41.35113055192397,855,6,0,0,6.087995825486321,1.0,2.1302273395709252,2.2689342591277106,2.4166728952414758,0.014827880907614494,0,arterial,post_monsoon
3.0,90.9170267013504,613,3,0,0,12.698871906421596,3.0,3.2845211599577113,3.596026416736649,3.9370749525128104,0.021367079183314715,0,highway,pre_monsoon
3.0,111.89123047126515,630,8,2,0,6.850774813774004,1.0,3.4909777952813084,4.062308655715715,4.727143104894208,0.035999058518012876,1,arterial,pre_monsoon
3.0,338.55670310760166,284,11,2,0,7.506866622076867,1.0,3.7350597451925394,4.650223766719252,5.0,0.052465341168113355,1,arterial,monsoon
3.0,307.23680498414484,388,5,2,0,7.083441338625794,1.0,3.442594248040643,3.950485052214174,4.533305705907686,0.032630788414788954,1,local,monsoon
1.0,32.217845767376794,791,5,1,1,10.328694176127328,3.0,1.1185378146232485,1.2511268427421525,1.399432684497292,0.026483146502898854,0,collector,dry
1.0,360.3782123619151,732,4,1,0,7.5886045701376466,2.0,1.1886402500461952,1.4128656440298817,1.6793889724013575,0.041146317922108745,0,collector,monsoon
2.0,30.431269923864832,428,2,0,1,24.394230284667337,1.0,2.059592114424846,2.1209598389005038,2.1841560796056343,0.00687436939563333,0,local,dry
3.0,50.06787987590799,229,7,0,0,9.70162108357164,2.0,3.169550150985452,3.3486827198706344,3.5379392734561144,0.012910688018308716,0,arterial,dry
2.0,50.67122453806958,831,7,0,2,16.938890554297465,0.0,2.2002343036439016,2.420515495465682,2.662850612812604,0.022513581019842095,0,arterial,dry
2.0,61.49714519943723,713,6,0,1,8.702361626826008,1.0,2.2726928951029044,2.582566497725611,2.9346902652558935,0.030273454924118978,0,highway,pre_monsoon
3.0,12.615473694745006,271,14,1,2,23.166202649341137,1.0,3.2265666301034783,3.470244072832439,3.732324574571844,0.0171332605054451,0,arterial,dry
4.0,65.72177400498938,271,8,2,1,13.695324907094145,0.0,4.318283749221069,4.6618936346966935,5.0,0.018025390242264214,1,collector,dry
1.0,36.809907149657235,866,2,2,0,16.184658647640113,3.0,1.0819159323237642,1.170542084616,1.266428130801522,0.018540933162495624,0,local,dry
3.0,80.63914972706554,398,9,1,2,9.044612451970309,2.0,3.4759278329962906,4.027358100066095,4.6662687044876,0.03495519573550627,1,arterial,dry
3.0,115.09778307806063,402,5,1,1,16.882203025511878,3.0,3.399651408732315,3.852543233631872,4.365768010472913,0.029610740739814675,1,local,pre_monsoon
4.0,60.15738551244404,363,5,0,0,13.67444512908959,2.0,4.428188344006944,4.9022130024997415,5.0,0.024012885916023987,1,collector,post_monsoon
5.0,46.71732814747006,571,6,2,1,10.105112270623977,5.0,5.0,5.0,5.0,0.024728737711099024,0,local,dry
1.0,115.80024178421564,219,5,1,0,6.600542817851845,2.0,1.0792656653699182,1.164814376446372,1.25714416302784,0.017958213618712148,0,arterial,post_monsoon
2.0,352.9476005335019,547,8,1,0,10.812282445152125,3.0,2.394815130170296,2.867569753846286,3.4336497166648985,0.04293313615559773,1,arterial,monsoon
4.0,288.2004240977915,218,15,0,2,10.384282606887663,2.0,4.647356679428234,5.0,5.0,0.03562073356897194,1,local,monsoon
3.0,294.5314449444932,220,5,2,2,16.34514138293213,3.0,3.4497987481526318,3.9670371342518216,4.561826579872313,0.03313462738683146,1,collector,monsoon
3.0,135.17012330136174,226,7,0,0,10.838755672011688,0.0,3.3254664692981013,3.68624241280866,4.086158513833243,0.024323903890536337,1,collector,post_monsoon
3.0,38.41992815812711,234,7,2,1,3.0,2.0,3.3228465603665924,3.6804364212466982,4.076508500995841,0.024135548126849163,1,local,dry
3.0,301.5111422328118,644,4,0,1,15.230900242515906,1.0,3.465828335535656,4.003988683800618,4.625712478493432,0.03425275187293223,1,collector,monsoon
5.0,212.41078985275095,644,5,0,1,18.465832909691457,3.0,5.0,5.0,5.0,0.032111997506032254,0,collector,monsoon
5.0,317.10081927593933,467,10,0,1,3.669662574857796,2.0,5.0,5.0,5.0,0.06711895460939615,0,arterial,monsoon
4.0,116.48324129003831,373,4,0,1,21.023653066980273,5.0,4.485997880657292,5.0,5.0,0.027116683735527416,1,local,post_monsoon
2.0,42.556487153269934,776,3,0,1,18.983259015766755,4.0,2.134842845241074,2.278776986938502,2.4324153732328373,0.0153405086594219,0,arterial,dry
4.0,262.05992516916615,638,14,1,0,8.845596674335145,6.0,4.934514128335569,5.0,5.0,0.05021051262868329,1,highway,monsoon
1.0,310.2881140785362,264,2,0,1,6.4142019659117695,4.0,1.193463497332125,1.424355119464227,1.699915842318693,0.042130562876371166,0,arterial,monsoon
2.0,140.804874618138,570,10,1,1,17.264887284626084,2.0,2.3225886843107255,2.6972090982441133,3.132253665400857,0.035507397336502135,1,local,pre_monsoon
4.0,33.66518412834695,559,6,1,0,5.151754102309662,1.0,4.23598413545946,4.485890398966057,4.750540140857532,0.013464820093095657,0,collector,dry
2.0,302.59817591202847,643,2,0,0,8.658297108912969,4.0,2.3709822832874177,2.8107784938314087,3.3321530055597814,0.0405020488903891,1,arterial,monsoon
2.0,72.55314691784591,1049,5,0,1,5.42435129246857,2.0,2.3565011064558545,2.7765487323638336,3.271470079971987,0.039015721261652085,1,collector,post_monsoon
1.0,76.34133072296353,336,6,0,0,12.02953904740453,1.0,1.0702922677054705,1.1455255383101184,1.2260471261124666,0.015977033080406985,0,arterial,pre_monsoon
4.0,68.52737089691267,610,1,0,2,19.325925716860638,1.0,4.432407061838081,4.911558090458023,5.0,0.024240436553615175,1,arterial,post_monsoon
3.0,104.40524333479384,799,8,0,0,13.874584171756636,3.0,3.2685328986991964,3.5611024366263244,3.879860156583671,0.020204828615731276,0,arterial,pre_monsoon
3.0,35.25880375894327,843,8,0,1,17.090372493614122,2.0,3.1627210767322937,3.334268203068893,3.515120107108099,0.012401039051403964,0,local,dry
2.0,56.982005386854624,536,5,0,2,10.24098762232658,2.0,2.186767645467485,2.390976367631704,2.6142548809071906,0.02104986033879867,0,arterial,dry
4.0,26.819978572425363,238,8,0,2,12.486514146809228,1.0,4.385099550623244,4.807274517219044,5.0,0.02167917695898124,1,highway,dry
4.0,142.68263642085017,141,7,1,1,5.867811176752349,5.0,4.318337553989334,4.662009807548647,5.0,0.018028349909672604,1,arterial,pre_monsoon
2.0,19.64074270432664,665,12,0,0,11.515570357308423,2.0,2.1851465961910175,2.3874328234225954,2.6084453538682975,0.020873199308013155,0,local,dry
3.0,306.75265101247675,568,2,1,1,8.270149451717288,1.0,3.4146962407296413,3.8867168054843813,4.423985754822745,0.03067211208074064,1,local,monsoon
2.0,295.6697980067547,525,5,2,0,11.19864850811864,3.0,2.421731583618086,2.9323919315466824,3.550733078086723,0.045656566373764265,1,highway,monsoon
5.0,45.96766623281063,556,11,2,0,10.854939636910153,1.0,5.0,5.0,5.0,0.02330660362991137,0,arterial,dry
3.0,35.57818745127881,695,9,1,2,10.427800609929925,1.0,3.2997565344194344,3.629464395481251,3.9921162851439793,0.022470570467014447,0,local,dry
5.0,52.36366082129883,609,1,1,0,22.537784999650864,1.0,5.0,5.0,5.0,0.017392577664897175,0,arterial,dry
2.0,311.94813864287283,577,1,0,1,20.83772326355963,4.0,2.2585456566479656,2.550514241581695,2.8802264312715584,0.028773427835552874,0,collector,monsoon
4.0,81.46522774175705,381,7,0,1,19.080711907708714,0.0,4.373868042799475,4.782680413955628,5.0,0.021067986211767614,1,local,dry
4.0,68.47175523727756,707,13,1,0,20.975294837486288,4.0,4.435499382006885,4.918413691945864,5.0,0.02440712573108061,1,collector,dry
3.0,82.78785560634702,384,5,1,2,19.096513246389335,3.0,3.3323567805723067,3.7015339043420763,4.111610534884202,0.024818733526664197,1,collector,post_monsoon
5.0,54.7747442228785,693,9,1,0,11.888113329449135,2.0,5.0,5.0,5.0,0.012453157560196725,0,arterial,post_monsoon
2.0,86.98489226212692,421,7,1,0,11.37545197480406,2.0,2.2175265338466414,2.45871196415695,2.7261295098021145,0.024383072998625847,0,arterial,dry
1.0,148.37067112491465,617,9,1,0,13.1770012526029,1.0,1.1547947051489336,1.3335508110400125,1.5399774156360726,0.03415217475468583,0,arterial,pre_monsoon
3.0,89.15884022721409,852,11,2,1,10.946575406422934,2.0,3.8372393867466172,4.908135370399851,5.0,0.059114179389608605,1,local,pre_monsoon
4.0,376.1692156476926,632,10,1,1,6.799773092837741,2.0,5.0,5.0,5.0,0.06576661190319875,1,arterial,monsoon
3.0,362.03572383662765,783,10,2,2,13.483026277735071,2.0,3.949725808011973,5.0,5.0,0.06627852293450884,1,local,monsoon
2.0,13.919324192042104,425,4,1,1,4.1693945822333465,3.0,2.1798912480054162,2.3759629265653057,2.5896703946025226,0.020299782688055257,0,local,dry
3.0,254.62919550359265,519,6,1,1,12.6882082022818,2.0,3.6238364683142716,4.377396916361485,5.0,0.04506758771723466,1,collector,monsoon
2.0,90.27907471391303,429,9,2,0,7.026135574619277,3.0,2.359790105030359,2.784304669899596,3.2851873047094426,0.03935391278075408,1,local,pre_monsoon
3.0,61.53983686253606,168,8,1,1,11.594805648146497,1.0,3.134645485180555,3.2753341059209466,3.422337089194329,0.010296870751177014,0,local,dry
3.0,134.79259206143814,713,9,0,1,12.956017212695677,3.0,3.36620247398322,3.7771063652835832,4.238168263771788,0.027238044334433678,1,collector,pre_monsoon
4.0,102.62441576559209,613,1,0,1,10.235732642985905,2.0,4.304866130621223,4.632968100642435,4.986076865176039,0.017286435941920603,0,collector,pre_monsoon
2.0,6.7581902957216755,599,11,0,1,3.797445685646725,1.0,2.260261203921,2.5543903549752045,2.886794709510223,0.028955709893340613,0,highway,dry
3.0,7.684244404889142,746,1,2,2,6.059905832752415,2.0,3.3257497229016924,3.6868704064602276,4.087202744219851,0.024344261312735205,1,highway,dry
2.0,133.0704933577351,272,3,0,0,14.291218108400251,1.0,2.1736504177990703,2.3623780693990364,2.567492038774288,0.019617460840520202,0,local,pre_monsoon
2.0,29.526848764944575,224,7,0,1,9.212789030765565,2.0,2.105423764306547,2.2164046136533755,2.333235472452244,0.01205835801170165,0,arterial,dry
4.0,258.923033231891,748,6,0,2,14.804248763921983,2.0,4.701678225357017,5.0,5.0,0.038432677666865686,1,collector,monsoon
5.0,39.39112245607153,485,12,0,0,12.048506458157842,4.0,5.0,5.0,5.0,0.01133210253613261,0,collector,dry
2.0,59.386103513673305,542,2,2,0,11.010840544447612,4.0,2.1193831243211774,2.245892413828697,2.379953240454747,0.013620093334883045,0,local,dry
4.0,311.6899386836028,206,5,0,1,13.738217940607639,0.0,4.7434549526707634,5.0,5.0,0.040578345966197325,1,local,monsoon
4.0,390.2115400442337,794,1,1,2,8.625514640525953,1.0,4.883000294028478,5.0,5.0,0.047642022861169635,1,collector,monsoon
4.0,72.09308642022707,634,7,0,2,14.001974590365425,1.0,4.560384948730227,5.0,5.0,0.031065731470130562,1,local,post_monsoon
2.0,108.1596087401849,384,6,0,0,9.902464587598205,2.0,2.1534527347424395,2.3186793403848456,2.496583183271271,0.0173988630223581,0,arterial,pre_monsoon
5.0,12.68724791623158,917,2,0,2,24.681427795197177,0.0,5.0,5.0,5.0,0.017500081856538563,0,local,dry
2.0,353.12747508379056,227,12,0,1,6.33032191431958,3.0,2.440719169744109,2.978555032778187,3.634908183319757,0.04756381964849147,1,arterial,monsoon
2.0,273.17572364428236,434,11,1,1,10.213756849679784,3.0,2.461180074234216,3.02870367890377,3.727092572638911,0.049606372460055455,1,local,monsoon
1.0,51.65969330928778,697,7,0,2,10.415465015237228,2.0,1.0814559542132443,1.1695469809032788,1.2648135462299746,0.018439875392159605,0,arterial,dry
3.0,69.86168270593855,730,11,0,2,5.240672194695651,2.0,3.29159089972001,3.6115235503731933,3.962552684177634,0.02187962414988568,0,arterial,post_monsoon
1.0,70.39293965790951,201,6,0,1,15.629062945492631,4.0,1.1102982628876443,1.2327622325713208,1.3687337653774316,0.024713805774632662,0,arterial,dry
2.0,93.66262384021034,443,9,1,1,9.856379594597085,2.0,2.279480576269034,2.598015848793904,2.961063332082406,0.030990610455592732,0,highway,post_monsoon
2.0,52.45250067528218,649,10,1,1,3.0,0.0,2.177625896998913,2.37102727364016,2.581605196784771,0.0200522809044661,0,collector,post_monsoon
4.0,349.1448288473276,794,2,0,0,15.475642857726667,4.0,4.5838887297006545,5.0,5.0,0.03230322545821029,1,collector,monsoon
4.0,80.86653580142963,777,8,0,1,8.819156093235721,1.0,4.491751896710795,5.0,5.0,0.027423936037895346,1,local,post_monsoon
2.0,373.3068158215133,640,7,0,2,11.475492885401168,2.0,2.444141662686881,2.986914233640895,3.6502207606570845,0.047906389160701335,1,collector,monsoon
4.0,38.66278018269489,517,2,2,0,15.384112899279293,2.0,4.238256476000434,4.4907044890899055,4.758189345672379,0.013591648129376962,0,collector,dry
4.0,123.61049746131513,464,1,0,2,10.176467074889427,2.0,4.325700819777541,4.677921895556023,5.0,0.018433118564036427,1,collector,pre_monsoon
4.0,45.294048127670216,599,8,2,0,10.135516802967066,1.0,4.459591808078829,4.97198977367095,5.0,0.025702767860739006,1,arterial,dry
1.0,94.24241323110043,786,5,2,0,24.32350992161082,2.0,1.1300731380624824,1.2770652973703864,1.44317718811005,0.028943501784863223,0,arterial,pre_monsoon
3.0,286.8349527760207,457,1,0,0,3.0,0.0,3.2888487494301257,3.6055086988760334,3.95265759178596,0.02168092287123157,0,arterial,monsoon
5.0,58.58499344509586,445,9,0,1,5.570172566852775,0.0,5.0,5.0,5.0,0.017809294988518274,0,local,pre_monsoon
3.0,49.37989394943257,729,10,1,1,6.539695325372777,4.0,3.2433874235606703,3.5065206597705085,3.791001669451778,0.0183680541323733,0,arterial,dry
2.0,255.72830852786083,712,2,1,0,20.94511370454505,4.0,2.24070926912037,2.510389014360971,2.8125259667882885,0.02687194053433577,0,collector,monsoon
3.0,67.34506308393456,400,6,1,1,8.776933469789755,1.0,3.2938743335901655,3.6165360418280192,3.9708050815603615,0.022044989171749702,0,collector,post_monsoon
3.0,57.33991680508473,236,13,0,1,13.201044374228351,1.0,3.2833694250524363,3.5935049271230555,3.9329347354970414,0.02128350012168285,0,arterial,dry
3.0,130.38103232732405,157,3,2,2,9.629608985388382,1.0,3.2903365822360975,3.608771608133708,3.95802441305911,0.021788749741320626,0,highway,pre_monsoon
1.0,52.77915667594395,526,13,0,0,15.016001711654438,3.0,1.105667544496614,1.2225007189531718,1.3516793680702985,0.023714994186672403,0,highway,dry
2.0,286.5631214231268,279,5,0,1,11.936432261442532,3.0,2.2176356650005853,2.458953971341294,2.7265320127206403,0.024394835803920274,0,arterial,monsoon
4.0,43.214503480806215,679,6,2,0,13.265495980997859,2.0,4.295342768311938,4.612492374322415,4.953058940984937,0.016760879563861797,0,local,dry
4.0,385.28554779251533,156,1,1,0,18.436231856515903,3.0,4.271883761632505,4.562247718224872,4.872347986007445,0.015462449350320932,0,collector,monsoon
1.0,65.66950772965696,822,1,1,0,14.201348234244826,4.0,1.09699345159498,1.2033946328422676,1.3201160319125127,0.021835393921012906,0,local,dry
5.0,9.790025176232394,432,4,2,0,8.32466311271869,0.0,5.0,5.0,5.0,0.015618635679855724,0,arterial,dry
2.0,45.783223286998556,340,10,0,0,13.560335245442875,3.0,2.1143736307490566,2.2352879252034743,2.363116923090998,0.013060554520075955,0,arterial,post_monsoon
3.0,26.02437108700567,391,16,0,0,24.093263741739435,0.0,3.3669407781406897,3.778763401168878,4.240957528780367,0.027290610518236762,1,local,dry
4.0,133.82366544784202,327,17,2,0,14.824852345018789,4.0,4.730989701270365,5.0,5.0,0.039939647641355644,1,local,pre_monsoon
4.0,68.85918918894878,802,6,0,1,12.75954827489501,2.0,4.505841391137716,5.0,5.0,0.028175013204783904,1,collector,dry
5.0,146.9012333510611,634,5,0,1,5.147235236196496,4.0,5.0,5.0,5.0,0.02791153410840692,0,local,pre_monsoon
2.0,276.5280638579451,519,3,0,0,15.622092653324774,1.0,2.2989720056302376,2.6426361413357586,3.037673254998811,0.03304092532965379,1,local,monsoon
4.0,19.330897351617402,259,11,2,0,16.361134400908597,1.0,4.37464637561441,4.784382727919073,5.0,0.021110379927812034,1,arterial,dry
1.0,20.48223801207152,488,4,0,0,13.563615733936501,1.0,1.0691769489654444,1.1431393481990564,1.2222182405498139,0.01572990002279037,0,collector,dry
4.0,73.81122917382118,345,6,1,1,12.57047059546899,2.0,4.513310042715964,5.0,5.0,0.028572419153396013,1,arterial,pre_monsoon
4.0,274.5101708300043,50,8,0,2,26.162698405869673,1.0,4.539360360588553,5.0,5.0,0.02995461891268284,1,local,monsoon
3.0,306.2729393648371,361,8,1,1,16.277138745622032,2.0,3.601295844626332,4.323110586840961,5.0,0.043547192172181004,1,highway,monsoon
2.0,330.06149209157365,621,4,1,0,18.200141309214818,2.0,2.5596037190425167,3.2757855992681413,4.192356501336326,0.05925365671968988,1,collector,monsoon
4.0,301.02220781810934,414,6,1,0,12.334410772109107,3.0,4.448723637783037,4.947785501342385,5.0,0.025118965632874173,1,local,monsoon
2.0,21.412421753292733,471,4,0,0,11.34202790980972,2.0,2.176495477889511,2.368566282636746,2.5775869016202235,0.01992870270226887,0,local,dry
1.0,23.002059805448475,708,3,0,1,15.160495388510705,2.0,1.0705475301233325,1.1460720142531675,1.2269245642022013,0.016033566527256477,0,arterial,dry
4.0,34.02191870514892,672,2,0,1,11.337285688985345,4.0,4.299984790975247,4.62246730065461,4.969134772398807,0.0170171657537286,0,collector,dry
3.0,35.43335393741018,892,1,2,1,11.74783007660951,1.0,3.188010254276098,3.3878031271231843,3.6001170362457815,0.014284151329663005,0,collector,dry
4.0,55.15023575831974,61,8,1,1,14.31602840937181,3.0,4.150578056704586,4.306824551199406,4.468952869071209,0.008659706165192588,0,collector,dry
2.0,293.9159019125485,331,6,0,2,9.435950771913344,1.0,2.2434783419486157,2.5165975353962553,2.822966033031382,0.027167902773699477,0,local,monsoon
2.0,230.28814476181066,681,2,2,0,13.102046075298086,6.0,2.2945459869875635,2.6324706432003664,3.0201624751089855,0.032576522750726485,1,arterial,monsoon
4.0,114.35779051635598,586,2,2,0,12.400420732630256,3.0,4.422198187516903,4.8889592024194455,5.0,0.023689501107558728,1,collector,post_monsoon
3.0,52.020914856750736,519,2,0,2,16.835128187270165,5.0,3.1950398562669933,3.402759894378203,3.623984494615075,0.014805562922888173,0,local,dry
2.0,252.7012258080083,379,4,1,1,8.943428309239632,5.0,2.272197175034566,2.581440001117532,2.932770339030242,0.03022101508411663,0,arterial,monsoon
4.0,72.55893660008759,545,11,0,1,3.0,4.0,4.297638754199327,4.617424715398987,4.9610058503741215,0.01688766752912578,0,collector,post_monsoon
3.0,314.7467872127936,533,4,0,2,10.446825399286622,3.0,3.7931492487205296,4.7959937410230395,5.0,0.05626208573149559,1,arterial,monsoon
3.0,48.625576101192316,129,9,0,2,13.986430113623737,2.0,3.179243548408754,3.3691965133662283,3.5704987594802837,0.013632655779604992,0,collector,dry
3.0,35.988807911671785,542,13,1,1,16.820537285801183,3.0,3.3914945056290096,3.834078327237253,4.334418526992136,0.029033787539672277,1,local,dry
4.0,35.87848608436782,396,7,0,2,8.535784986140923,4.0,4.267172483829076,4.552190251687001,4.856245245788432,0.015201026452915748,0,arterial,dry
4.0,13.388345315818697,668,3,0,1,14.71049929821445,3.0,4.239911764291173,4.494212942243672,4.763766581262148,0.01368400329837035,0,local,dry
4.0,293.91076322803315,568,6,1,0,17.675771828090163,1.0,4.6432109983102,5.0,5.0,0.03540510019860234,1,collector,monsoon
1.0,43.171884175776206,891,6,2,2,15.756253315527449,3.0,1.1340789623246308,1.2861350927873116,1.4585787514375272,0.029793394987977218,0,arterial,dry
4.0,51.65558899552458,499,13,1,2,8.046824482771259,1.0,4.489044035027309,5.0,5.0,0.027279379556611555,1,collector,dry
3.0,219.68165169244688,281,1,1,1,8.583868125813158,4.0,3.334370704885436,3.7060093325327337,4.119069650143059,0.024963215912394063,1,local,monsoon
3.0,291.6384633365857,50,11,0,1,14.175017248373225,2.0,3.3500125853867595,3.740861440749893,4.177310968900062,0.026083119472747936,1,arterial,monsoon
2.0,181.82479691707977,312,1,1,2,20.1267015606255,1.0,2.2478782346142974,2.526478278826345,2.839607766599767,0.027637593712266602,0,collector,pre_monsoon
4.0,336.02817778770384,575,10,1,1,12.070825796912107,1.0,5.0,5.0,5.0,0.05903965563367882,1,local,monsoon
4.0,114.42789709744504,626,5,1,1,11.17336140335213,2.0,4.315541148745773,4.655973851629496,5.0,0.017874489100371024,1,collector,pre_monsoon
1.0,43.5135311621584,378,14,2,0,5.151912674435419,1.0,1.1011592726510304,1.2125517437453466,1.3352125961943644,0.02273950762010822,0,arterial,dry
3.0,148.45017837987564,413,9,1,0,10.178565600878997,2.0,3.2876173176887535,3.6028092091889974,3.948219316152757,0.02159164972194417,0,collector,pre_monsoon
4.0,253.2688219232865,513,9,1,1,8.42380923041106,4.0,4.994827416822317,5.0,5.0,0.05319175120063481,1,local,monsoon
1.0,58.704850045433254,576,3,0,1,12.135996870914546,2.0,1.0534197858613688,1.109693245244212,1.1689728207769654,0.012217115815695607,0,highway,post_monsoon
5.0,38.50411978471352,704,14,0,2,4.4358800353241605,4.0,5.0,5.0,5.0,0.021442739841050166,0,arterial,dry
3.0,245.21639008765027,382,18,0,0,10.357047728031453,0.0,3.411064990028535,3.87845478873279,4.409887115084979,0.03041626611118199,1,collector,monsoon
3.0,73.99734482472537,351,15,1,1,6.955328271194068,1.0,3.4355456065365826,3.934324538197604,4.505517127297949,0.03213706630069674,1,arterial,dry
2.0,340.8857175072407,904,2,1,2,16.701146529194244,0.0,2.3940232614797767,2.8656736882531333,3.4302447347442735,0.04285265958054629,1,local,monsoon
2.0,55.94571225974246,856,6,0,2,7.704138210617585,1.0,2.1996624583559172,2.419257465350199,2.660774911814062,0.0224515657327478,0,arterial,dry
5.0,17.645334667687635,394,2,0,1,9.138253811751287,1.0,5.0,5.0,5.0,0.005740560355429015,0,arterial,dry
2.0,88.05118010814233,728,4,2,2,13.410632629773042,1.0,2.489095682603492,3.0977986585776716,3.855358633320286,0.052372212951438825,1,local,post_monsoon
4.0,278.0453561462555,940,8,0,2,9.731422112480377,1.0,4.537852362366277,5.0,5.0,0.02987477232587261,1,arterial,monsoon
2.0,179.88456959264778,763,9,0,1,23.79726311243162,1.0,2.44023620541093,2.9773763690991673,3.6327508065053626,0.04751544838092245,1,collector,pre_monsoon
1.0,44.835926426904095,347,9,0,2,16.65257578639711,3.0,1.0985605345131102,1.2068352479897306,1.3257815751008604,0.02217580836795377,0,highway,dry
1.0,39.899235009425446,520,1,2,1,12.086032891571092,0.0,1.0975427364894583,1.2046000584207688,1.322100044494492,0.02195475644808385,0,highway,dry
3.0,123.45076699028421,149,6,0,1,13.840506927235026,3.0,3.169154330630329,3.3478463904509894,3.5366139621942896,0.01288117122143494,0,arterial,pre_monsoon
5.0,110.74453817431788,307,9,0,0,3.0,1.0,5.0,5.0,5.0,0.022372950519050194,0,collector,post_monsoon
2.0,77.15449184541042,496,10,1,2,18.15862586855248,2.0,2.3100862230758548,2.668249179022434,3.081942834096593,0.034204076672360355,1,collector,post_monsoon
2.0,119.03943586538787,543,8,0,0,14.55948334883585,1.0,2.2141504721984733,2.451231156768361,2.7136973116131378,0.024018961552546333,0,collector,pre_monsoon
2.0,128.7199947933915,361,8,0,0,11.634210885362888,2.0,2.144068646968466,2.2985151814565943,2.4640871675710594,0.016362644200913296,0,highway,pre_monsoon
3.0,134.8481287951111,50,6,2,0,14.829248413772104,1.0,3.269661886764921,3.563562951254381,3.883881987601323,0.020287042118961474,0,local,post_monsoon
3.0,51.83575033288179,538,8,2,0,15.439246219214034,2.0,3.4309578144120203,3.9238238414249698,4.487491357037731,0.031815297000042764,1,local,pre_monsoon
4.0,272.20324582232126,645,17,0,2,9.918137413318755,1.0,4.890048294138994,5.0,5.0,0.04799466052261795,1,arterial,monsoon
3.0,61.8896622003064,653,11,0,2,13.900810205808753,2.0,3.5190081820378145,4.1278061950830285,4.841927924787853,0.0379340794430635,1,collector,dry
3.0,365.2186568980078,458,8,0,2,17.243622707433502,3.0,3.6253391290733354,4.3810279335967355,5.0,0.045168686167138476,1,collector,monsoon
1.0,367.0196284536025,472,9,0,0,14.274488716011076,3.0,1.1830235781681224,1.3995447865017074,1.6556944811337908,0.03999629811870884,0,arterial,monsoon
5.0,57.17377040008171,549,7,0,0,10.736970063813306,1.0,5.0,5.0,5.0,0.019509114292287612,0,arterial,post_monsoon
2.0,395.1295422179666,581,7,0,0,13.483253808289335,1.0,2.4656236572992993,3.0396500097169867,3.7473164869341242,0.05004824071159661,1,arterial,monsoon
1.0,27.92483513027924,481,10,0,1,18.911195318113172,0.0,1.0724197164864986,1.1500840483089823,1.2333728090231635,0.016447887602898663,0,arterial,dry
3.0,297.996939885438,50,4,2,0,15.919879705077255,0.0,3.4114149892611634,3.8792507429852487,4.4112447105741275,0.03044093499547875,1,arterial,monsoon
3.0,80.96846522979267,779,6,0,2,6.184664228639789,2.0,3.389061703269162,3.8285797428552244,4.325097661474246,0.028861504873333502,1,arterial,post_monsoon
3.0,54.91470072562187,407,1,1,2,14.933419071062108,0.0,3.237878757091444,3.4946196152080113,3.771718205399033,0.017964211515854884,0,arterial,dry
3.0,22.09756620866272,255,10,0,0,14.27078952595928,1.0,3.237779997303802,3.4944064369802024,3.771373088034716,0.017956966590121266,0,collector,dry
4.0,32.02960177634701,421,11,1,1,17.82056761855785,1.0,4.363247325639978,4.759481806176105,5.0,0.02048892529771103,1,collector,dry
2.0,127.25744952964496,522,9,0,1,12.164097564649005,2.0,2.2855203184702817,2.6118015630702494,2.9846627701047477,0.031627366913578904,0,collector,pre_monsoon
4.0,73.07694709562159,378,6,0,0,10.153298543006573,2.0,4.40399726758105,4.848797983215339,5.0,0.022704840662106814,1,highway,pre_monsoon
3.0,338.604129432509,391,6,2,1,5.159175927715289,3.0,3.5513937283397192,4.20413247123023,4.976843230478801,0.04015509173615332,1,collector,monsoon
3.0,22.61430186205965,435,7,1,2,8.527027965043562,3.0,3.263696902151482,3.5505724897043933,3.8626641451708332,0.01985242225122882,0,local,dry
3.0,88.49697453287271,572,11,1,2,18.039727848761473,2.0,3.6672839837050066,4.482990605713089,5.0,0.04797784224517239,1,highway,post_monsoon
2.0,18.706876813436796,340,11,2,0,12.989782433495902,3.0,2.214625458183144,2.4522829600164506,2.715444136960574,0.024070214959139427,0,arterial,dry
4.0,10.302679515989723,567,1,2,1,11.501060932865117,2.0,4.218820600076389,4.449611813907225,4.693028495713767,0.012505168640919375,0,collector,dry
3.0,121.5407627640804,223,3,0,1,18.478118912962778,0.0,3.167150342656729,3.343613764330212,3.5299091598033945,0.012731688049854403,0,collector,pre_monsoon
2.0,95.48713624079303,901,8,0,0,17.448012336729924,3.0,2.2149093922737366,2.4529118079912067,2.716488700969438,0.02410084886887945,0,collector,pre_monsoon
3.0,36.193208863762486,714,1,1,0,8.32127223185995,1.0,3.1634724776584173,3.335852705634096,3.51762607459861,0.01245715685337296,0,arterial,dry
5.0,31.801739772183126,445,10,0,1,18.00498166813167,1.0,5.0,5.0,5.0,0.02176823732398979,0,local,dry
3.0,65.66272984369556,566,5,0,1,3.7070948466043134,2.0,3.3195171627409854,3.673064731243987,4.064267138407673,0.02389602002184279,1,arterial,dry
5.0,334.5374711481391,266,9,0,1,14.297724709502116,2.0,5.0,5.0,5.0,0.05275971450839199,0,highway,monsoon
2.0,290.9913119003374,612,7,2,2,13.706541986969336,2.0,2.646639587506328,3.502350553077833,4.634729811550239,0.06755056647660787,1,local,monsoon
1.0,127.56694439757894,669,6,1,1,17.748909563192278,6.0,1.131156930844957,1.2795160021985827,1.4473333940139583,0.02917367162488996,0,collector,pre_monsoon
2.0,277.0692340326351,553,2,2,1,13.905058381227533,1.0,2.2556915493679557,2.544072182945004,2.8693210620255667,0.028469935011160675,0,arterial,monsoon
3.0,317.3259860344711,680,4,0,0,10.777199005984949,4.0,3.646962792453846,4.433445869847585,5.0,0.046619972717579734,1,collector,monsoon
2.0,52.232623362056316,498,6,0,2,11.172186294749595,2.0,2.1566396364941425,2.3255472608487935,2.5076836996434455,0.01774998267256632,0,arterial,dry
1.0,63.27884267828058,479,6,0,2,25.46624493371643,4.0,1.112558448304823,1.2377863008944354,1.37710960625608,0.025200151563139917,0,arterial,post_monsoon
5.0,72.39897252116708,368,9,2,2,12.413202239907983,1.0,5.0,5.0,5.0,0.04768378625448155,0,local,post_monsoon
4.0,20.212620974317012,611,4,0,1,14.985378459737769,3.0,4.247300999471453,4.509891445027802,4.788716610493585,0.014095941541315896,0,collector,dry
4.0,42.78095632564769,332,6,1,1,3.0,2.0,4.360267447677386,4.752983053818768,5.0,0.02032626279257482,1,collector,dry
2.0,41.021462308046395,582,13,1,0,7.863215509226594,0.0,2.1724627225444304,2.3597971404225793,2.563285660167499,0.01948743778824099,0,local,dry
1.0,54.52030412084716,560,10,1,0,14.593840223155624,4.0,1.1270435920624384,1.2702272584090042,1.4316014920529072,0.02829920480661955,0,arterial,dry
1.0,313.833952310744,768,7,1,0,3.9273873823930447,2.0,1.12259173229305,1.260212197412711,1.4147037937503664,0.027350009283976975,0,collector,monsoon
4.0,141.86224759397277,616,1,0,0,14.746994168336256,1.0,4.498156478417342,5.0,5.0,0.027765572514428606,1,collector,pre_monsoon
5.0,262.07622739202463,148,1,0,1,8.374373227911322,0.0,5.0,5.0,5.0,0.015148505372017554,0,collector,monsoon
3.0,321.4367829469557,367,9,1,0,6.830743450222621,1.0,3.4912442903491225,4.06292889829845,4.728225772759639,0.03601751145619718,1,local,monsoon
1.0,403.2175934163968,362,9,0,0,8.355818731858866,1.0,1.2378158788476907,1.5321881499274812,1.8965668213625027,0.05104121096695906,0,highway,monsoon
3.0,382.15497256592204,353,1,0,0,19.637694290721804,2.0,3.4299854519969837,3.921600066970317,4.483677059419528,0.03174705704691155,1,collector,monsoon
2.0,5.0,693,9,0,1,13.667089607451393,4.0,2.215698624362148,2.4546601970001576,2.719393610884884,0.0241859840311735,0,collector,dry
2.0,57.4287650681934,59,4,0,1,7.447818111245374,1.0,2.111902945261632,2.2300670251023775,2.3548425592222784,0.012784215288195854,0,collector,dry
3.0,298.4874483462434,784,5,0,0,15.876699261540537,1.0,3.425429032727213,3.9111880194168314,4.465832331388421,0.031427091884326255,1,local,monsoon
4.0,38.09520348580128,699,10,2,0,16.14869172045936,5.0,4.4404633043457835,4.929428589310368,5.0,0.024674516001800997,1,local,dry
1.0,56.11837912668979,537,9,1,1,10.093459495986796,1.0,1.0828099358367358,1.1724773571467557,1.269570131862104,0.018737252672788078,0,arterial,dry
1.0,75.30977138389301,569,6,0,0,16.79586812547662,3.0,1.1044577169203136,1.2198268484648316,1.3472471760935691,0.02345351506976621,0,arterial,post_monsoon
5.0,382.92766638027445,515,9,0,2,17.03374817799118,6.0,5.0,5.0,5.0,0.055844796445176724,0,highway,monsoon
2.0,27.33793414458749,531,5,2,1,16.25665983673366,7.0,2.2138247237214475,2.450509953680172,2.7124997605913324,0.023983806759965063,0,arterial,dry
1.0,416.7386916742129,725,3,2,0,8.631239833804713,2.0,1.2122864797655477,1.4696385090223438,1.7816228946305854,0.04594270290398414,0,collector,monsoon
2.0,391.8493124022905,455,12,2,2,6.104740536120891,4.0,2.9027539763099455,4.212990323491599,5.0,0.09080902131568197,1,local,monsoon
1.0,28.49557589826938,620,12,0,0,3.5356633789951886,1.0,1.0755837408625295,1.1568803836078332,1.2443217307313914,0.017146837964244602,0,collector,dry
2.0,44.34572534854203,325,4,1,1,8.722426804262259,2.0,2.1449680426927684,2.300443952086623,2.4671893806158303,0.0164621086287872,0,collector,dry
4.0,114.39771048247434,606,4,0,1,10.160945208151826,2.0,4.42982238647513,4.905831593929053,5.0,0.024101043166911237,1,arterial,post_monsoon
2.0,30.095343915082218,445,10,0,0,10.567819569411643,4.0,2.1056728546691232,2.2169290854452077,2.33406369797421,0.012086295029870285,0,highway,dry
3.0,6.826486343281545,585,4,0,1,11.763982396242302,0.0,3.3944329116582335,3.840724930582863,4.345694369665584,0.02924174902930518,1,arterial,dry
3.0,156.91453069075055,327,10,0,1,20.66494274605049,3.0,3.3754302918335988,3.797843218342617,4.273118347609492,0.027894417447165955,1,collector,pre_monsoon
3.0,342.92703023555106,589,2,2,2,10.302114133842132,1.0,3.818371284511371,4.859986422127005,5.0,0.057896735104184825,1,collector,monsoon
4.0,23.510781247882687,490,5,1,1,11.75612941705163,1.0,4.403914151677987,4.848614963837411,5.0,0.022700336984172034,1,local,dry
4.0,20.574659110621372,812,10,0,1,3.0,3.0,4.293862400568585,4.609313578754153,4.94793956706067,0.01667910376699989,0,arterial,dry
1.0,33.7267973169235,551,3,2,2,23.139857322690204,1.0,1.109955402703447,1.2320009959905716,1.3674661616357628,0.024639962970277082,0,collector,dry
4.0,92.597196784485,598,4,0,0,5.420462996524444,3.0,4.292629006427949,4.6066659467066495,4.943676966439208,0.016610954330910217,0,arterial,post_monsoon
3.0,69.13569515723002,411,8,1,2,8.465726477553218,2.0,3.2955091898767748,3.6201269401874265,3.976720533302718,0.02216333058223927,0,collector,dry
5.0,356.98365743182154,562,1,1,2,15.478610234350825,4.0,5.0,5.0,5.0,0.05074055689510194,0,local,monsoon
3.0,82.51758035084944,594,7,0,1,13.230962191090873,1.0,3.334326302286688,3.7059106300402727,4.118905095889037,0.02496003111514844,1,arterial,post_monsoon
5.0,41.603603939368824,429,11,1,0,20.21593135149535,4.0,5.0,5.0,5.0,0.02385590220591931,0,local,dry
4.0,101.07006728151332,413,10,0,1,15.600068278637538,2.0,4.485283273927819,5.0,5.0,0.027078504157167265,1,local,post_monsoon
2.0,86.46437251842855,338,6,0,2,11.593579743810698,3.0,2.237240373411619,2.5026222442114805,2.799483762073958,0.026500784356114977,0,highway,post_monsoon
3.0,46.36918869750424,484,7,0,1,17.220419344221792,1.0,3.1744420284297066,3.3590273972869706,3.5543459148648697,0.013275248082862992,0,collector,post_monsoon
5.0,62.95141695509724,369,12,0,2,17.806539729341864,5.0,5.0,5.0,5.0,0.022818020637097442,0,collector,dry
4.0,328.20479015890777,558,12,2,0,8.699206193089312,2.0,4.966835004060471,5.0,5.0,0.051811560291274636,1,collector,monsoon
1.0,300.5611489579654,341,6,0,0,16.815146930821196,4.0,1.1316031433452374,1.2805256740288216,1.4490468778652932,0.029268386602916602,0,highway,monsoon
4.0,93.87929422446655,475,4,1,0,10.88869418650795,4.0,4.334975918018718,4.698004052450558,5.0,0.018942232141592897,1,local,post_monsoon
2.0,45.79742162220568,310,10,0,1,11.482610462072486,0.0,2.202476664004953,2.4254517277431935,2.6710004150124393,0.02275664060266798,0,collector,dry
1.0,313.19871235356203,728,11,2,1,12.714666415144528,1.0,1.391354851785378,1.935868323586711,2.6934797844399965,0.08011213384886444,1,highway,monsoon
3.0,51.28199361973175,504,12,1,2,10.096095638296235,2.0,3.2631261755967733,3.5493308126216077,3.8606380935059113,0.019810806140336274,0,local,dry
2.0,47.526169250664495,503,9,0,0,9.827044260869938,1.0,2.1634533030117638,2.3402650971562555,2.531527127182924,0.01849935191758939,0,highway,dry
4.0,137.01916875876782,619,5,1,1,16.92360424124346,2.0,4.518789775605816,5.0,5.0,0.028863674462644248,1,local,pre_monsoon
2.0,224.88523935620856,855,1,0,1,4.355305473249585,2.0,2.401031324066483,2.8824757095742246,3.460457234774238,0.04356417214175605,1,local,monsoon
4.0,101.82111048157469,516,14,0,2,6.691865272704062,0.0,4.628127396739193,5.0,5.0,0.034619294397632346,1,local,pre_monsoon
1.0,358.85635895402424,201,13,1,1,15.373669915552458,3.0,1.2682471516733402,1.6084508377275404,2.039913193554551,0.05701441245148175,1,arterial,monsoon
2.0,82.33863648465365,736,3,0,1,11.635502704204223,0.0,2.1491868642440792,2.3095020887196487,2.4817757760102666,0.016928242996965652,0,highway,post_monsoon
2.0,91.9369378362388,228,7,0,1,16.957563260113915,3.0,2.2248443958343302,2.474966292837713,2.7532074432494267,0.025170854725333265,0,collector,pre_monsoon
2.0,332.0917763469501,400,6,1,1,13.789661390617287,2.0,2.5218414637433093,3.179842184127498,4.009528934046406,0.05558647385262121,1,collector,monsoon
1.0,134.78849431400909,738,7,0,0,5.331476704781738,0.0,1.1036372389610174,1.218015155221498,1.3442468829213292,0.02327606080434826,0,local,pre_monsoon
2.0,110.23736185881506,432,5,0,1,12.31417209638793,1.0,2.2205443219532155,2.465408542879333,2.7372744705928267,0.024708184744268776,0,local,pre_monsoon
3.0,361.25304317554964,385,9,0,0,14.672739005446083,6.0,3.670198905428811,4.490120001803614,5.0,0.04817214499954994,1,local,monsoon
2.0,81.86280962740835,556,2,0,0,13.170198292666601,1.0,2.1722733507617145,2.359385755214763,2.5626154001099155,0.019466701256974053,0,collector,post_monsoon
3.0,266.38514192131936,501,5,2,1,9.658629131862753,4.0,3.7912024510741857,4.791072008343637,5.0,0.056135567002817174,1,collector,monsoon
2.0,415.21397942198547,361,10,0,2,10.630298399398992,3.0,2.400982189884905,2.882357738072257,3.460244796994214,0.04355918920640054,1,arterial,monsoon
4.0,9.213059386356665,675,1,0,2,9.199574221196222,2.0,4.233295836919712,4.480198410720441,4.741501320169289,0.013314708472175524,0,collector,dry
5.0,58.912597248019836,745,8,0,2,5.374014591994098,3.0,5.0,5.0,5.0,0.020177944034410193,0,local,dry
3.0,390.3364975764841,777,4,2,0,4.6863021757613215,4.0,3.727480835234935,4.631371125681242,5.0,0.051966649785953486,1,collector,monsoon
2.0,18.786203259570375,610,13,0,2,13.950104780471843,1.0,2.088063870414403,2.1800053634649874,2.2759952183804293,0.010105066415406774,0,collector,dry
1.0,47.22644063610468,359,8,0,1,7.6427081723554835,1.0,1.0575756595521246,1.118466275677111,1.1828627091860293,0.013147485550818419,0,arterial,dry
5.0,327.76530060891804,248,3,0,1,14.877992137260295,3.0,5.0,5.0,5.0,0.018183862476178817,0,local,monsoon
1.0,48.43210934456174,50,12,0,0,9.02466256274235,1.0,1.0480283678640812,1.09836345984785,1.1511160641458877,0.011005943942109995,0,arterial,dry
2.0,53.22484690768691,706,7,0,1,5.434257066425257,4.0,2.187375814563227,2.39230647706807,2.6164366644808266,0.021116112362486082,0,local,dry
2.0,278.9971378087922,538,7,1,0,9.96028182387726,3.0,2.3147570968660562,2.679050208745886,3.1006752417775147,0.03469162383149342,1,collector,monsoon
2.0,386.52046519734347,416,10,1,1,22.471874862090267,1.0,2.502246431653874,3.130618602362273,3.9167896133151183,0.053666937337724936,1,arterial,monsoon
2.0,47.87578134245114,113,4,1,1,11.521946104084847,2.0,2.1003528764075448,2.2057411027167237,2.31641733485071,0.011489075059652016,0,local,post_monsoon
4.0,311.9965806733027,263,12,0,1,15.229333341661157,3.0,4.920862015083329,5.0,5.0,0.04953182531518373,1,collector,monsoon
1.0,100.05100466040011,146,9,0,2,12.844019049620385,3.0,1.1423935172091109,1.305062948161403,1.4908954515293966,0.03155012727854905,0,collector,pre_monsoon
3.0,83.56465730238936,788,4,2,0,4.9740098191676925,1.0,3.3910550268416157,3.833084731689264,4.332733749234908,0.029002672182277686,1,local,post_monsoon
1.0,308.96068039382214,627,5,1,1,19.24481623011585,2.0,1.2433379856135742,1.5458893464696206,1.9220629460210228,0.052133415309526074,0,local,monsoon
1.0,27.620442762667516,238,1,0,1,10.760890950880325,3.0,1.0444072879799722,1.0907865831856804,1.1392254571098968,0.010189790977987065,0,local,dry
5.0,22.84322869295643,827,8,0,1,5.4474371764065275,3.0,5.0,5.0,5.0,0.01144395631795647,0,local,dry
2.0,273.85026088147094,355,6,0,1,9.438832457783327,2.0,2.271231583776002,2.5792464535708235,2.929033003846149,0.030118844645261576,0,collector,monsoon
4.0,350.6405682715284,569,8,1,0,10.968779525129008,4.0,5.0,5.0,5.0,0.058276095594608224,1,collector,monsoon
3.0,376.33452992237346,570,1,0,0,15.747397617506127,3.0,3.706713484486472,4.5799082853579485,5.0,0.050596165620301954,1,arterial,monsoon
1.0,282.70435728975895,481,4,2,1,8.5961840969486,2.0,1.1626312641474386,1.351711456373071,1.5715419992855988,0.035785434070807524,0,highway,monsoon
5.0,240.00697676294024,439,3,0,0,25.10172799991966,3.0,5.0,5.0,5.0,0.01972181771413048,0,highway,monsoon
2.0,78.92400169408526,506,8,0,1,7.314155087456964,2.0,2.2827896063128903,2.60556419334508,2.9739774295745898,0.03133963404242339,0,collector,post_monsoon
4.0,366.9982542253228,444,4,0,0,15.059974811155143,0.0,4.89671372650834,5.0,5.0,0.048327798568757394,1,arterial,monsoon
2.0,39.24655473115095,549,8,2,1,3.0,2.0,2.159698107811693,2.3321479584427034,2.518367766492805,0.018086578521384084,0,arterial,dry
4.0,54.72965822206708,557,4,2,0,11.381506668703503,1.0,4.441731716578748,4.932245160515398,5.0,0.024742804460048617,1,local,post_monsoon
1.0,22.394505358337604,395,13,0,0,13.836171396610574,3.0,1.1020920516717685,1.214606890358088,1.338608599769412,0.022941590476583465,0,arterial,dry
3.0,372.02941334601115,720,7,0,1,6.402083730886902,1.0,3.6251201138930345,4.380498613383949,5.0,0.04515395290854382,1,local,monsoon
4.0,74.7322379855957,332,10,2,1,19.495227405208347,1.0,4.472046950027141,4.999800980811764,5.0,0.02637047718557592,1,highway,post_monsoon
5.0,325.47631389005437,578,6,0,0,14.172383255920856,2.0,5.0,5.0,5.0,0.04998420572933865,0,highway,monsoon
5.0,313.18508790615266,432,10,0,0,10.411797675767863,1.0,5.0,5.0,5.0,0.03157466777699623,0,arterial,monsoon
4.0,115.64314062483241,326,3,2,1,14.118387508139877,1.0,4.508695333996829,5.0,5.0,0.028326930697656776,1,highway,pre_monsoon
4.0,117.5266212255254,444,6,2,1,9.033429190316085,0.0,4.731906025929422,5.0,5.0,0.039986642467832186,1,local,pre_monsoon
2.0,140.61420918008935,367,5,0,1,18.25689951203788,1.0,2.1753140023756488,2.3659955044657814,2.573391575211126,0.01979949037596494,0,arterial,pre_monsoon
2.0,238.39858542136432,631,14,0,0,17.07649300911088,2.0,2.4636833562693945,3.0348678399794142,3.7384766929172657,0.04985537305071492,1,collector,monsoon
2.0,307.228407034618,481,2,2,0,13.866950335537437,1.0,2.387284437144858,2.84956349191702,3.4013592884548296,0.04216697458162325,1,local,monsoon
2.0,262.3116911893696,773,15,0,0,15.058460237489616,1.0,2.4432590641932,2.984757427381115,3.6462678194334432,0.04781808194188704,1,highway,monsoon
2.0,33.97649554621611,309,1,0,0,4.614018949493908,1.0,2.0848694387721074,2.1733402883629607,2.265565373630048,0.009744281809070597,0,arterial,dry
3.0,120.30201025567742,60,9,0,0,19.334725533722324,3.0,3.250581409642508,3.522093166904491,3.816283523789548,0.01889465719772074,0,arterial,pre_monsoon
2.0,379.7181740317534,578,4,2,2,11.503210893673495,1.0,2.6797956102771767,3.5906522564304133,4.811107077407031,0.07065625274006929,1,collector,monsoon
3.0,137.5935939100083,844,8,0,0,17.125228247130508,1.0,3.2688649191987347,3.561825953322717,3.88104263570274,0.02022900878226288,0,highway,pre_monsoon
2.0,301.6620767128592,597,6,0,0,15.749211117623485,1.0,2.367636729933242,2.802851842464487,3.31806748538999,0.04015928550958947,1,highway,monsoon
2.0,322.97550965969515,311,3,0,1,17.04857383771936,2.0,2.3208866634537175,2.6932574522986648,3.1253726511436537,0.03533028671923695,1,arterial,monsoon
3.0,344.47274305384946,295,7,2,2,6.761185248705228,3.0,3.600964953100286,4.322316197818848,5.0,0.04352481882193381,1,collector,monsoon
4.0,73.65271891220652,905,5,1,2,7.397503288420444,1.0,4.429202670442983,4.904459073964814,5.0,0.024067612171881168,1,highway,pre_monsoon
4.0,50.14152088451813,424,9,1,1,23.241373844102853,4.0,4.265999485979171,4.549687903593638,4.852241564524028,0.015135903869601067,0,local,post_monsoon
3.0,43.08101158902865,297,2,1,0,4.403289632538216,2.0,3.1361327691592384,3.2784429152647983,3.427210752793293,0.010408699196592014,0,highway,dry
2.0,82.94875427231354,738,8,1,0,6.511948232456459,3.0,2.250448046879441,2.5322582058517455,2.849357766776749,0.02791159660531232,0,local,post_monsoon
3.0,31.20646638400405,470,10,0,0,12.216219982990797,2.0,3.198987950394929,3.4111746355906494,3.6374355186490996,0.01509802208117023,0,arterial,dry
1.0,41.784796320925096,94,6,2,0,12.224898636643049,1.0,1.0703759275448979,1.1457046262676005,1.2263346520336633,0.01599556252074251,0,local,dry
2.0,64.04842476709675,916,1,1,1,9.299909614337626,3.0,2.14551432661475,2.3016158628545713,2.4690749040591258,0.016522506714857336,0,arterial,post_monsoon
3.0,64.93550004415727,616,13,1,2,15.080394359596362,3.0,3.5772500469375705,4.265572632771617,5.0,0.041917206416393044,1,local,dry
1.0,456.44561414859436,197,8,1,0,16.510417188002503,3.0,1.1148178001421658,1.242818727513818,1.3855164397824404,0.025685561506334074,0,collector,monsoon
2.0,48.26946174116949,779,4,0,0,11.909161835456004,1.0,2.144840143411677,2.3001696203951116,2.4667480692397175,0.0164479661614852,0,highway,post_monsoon
5.0,70.400994949129,290,8,0,2,10.657550701558016,1.0,5.0,5.0,5.0,0.027284999429609425,0,highway,post_monsoon
5.0,83.20847568007346,278,1,1,1,11.888689051924269,2.0,5.0,5.0,5.0,0.009159272055189367,0,arterial,post_monsoon
2.0,37.67479856613145,321,11,0,2,9.513196040127909,5.0,2.100811944924258,2.206705413968222,2.317936546296735,0.011540655713314606,0,arterial,dry
1.0,303.1272522627027,887,15,0,2,3.508815289055752,1.0,1.2911005819359698,1.6669407126754,2.152188124187969,0.061428353561891365,1,collector,monsoon
2.0,16.548797908875393,909,10,1,1,13.504622185037729,1.0,2.2075707953187056,2.4366844081720314,2.6895766684445106,0.023308112282206517,0,local,dry
2.0,88.87674910775024,390,2,1,1,15.829178568740204,1.0,2.121267474299141,2.249887848759728,2.3863069571974376,0.013830304667884614,0,local,pre_monsoon
5.0,101.83562049868314,841,1,2,1,11.230363608380468,0.0,5.0,5.0,5.0,0.03846688565831013,0,highway,post_monsoon
1.0,37.30611608727867,50,12,1,1,3.0,1.0,1.047701381796048,1.0976781854173485,1.1500389516291347,0.010932333631006586,0,collector,pre_monsoon
4.0,328.7606365865436,682,6,0,0,9.141424773391238,2.0,4.70494394370546,5.0,5.0,0.038600931649107544,1,arterial,monsoon
1.0,294.31128014043173,772,5,0,2,16.52861035933965,0.0,1.212825487887083,1.470945664068541,1.7840003926793175,0.04605119565454376,0,arterial,monsoon
5.0,234.01757572292877,801,11,1,1,4.808757437315954,3.0,5.0,5.0,5.0,0.03918576976419188,0,arterial,monsoon
2.0,130.03939362824372,515,4,2,1,15.4794201105186,2.0,2.254687419475029,2.541807679769483,2.8654908991506334,0.02836309038306606,0,local,post_monsoon
4.0,38.06815714219629,613,10,0,1,9.772919358151137,2.0,4.426125970490825,4.897647776663338,5.0,0.023901584421544463,1,highway,dry
2.0,333.20775124926655,356,7,1,0,11.906124246625296,2.0,2.3054042380836184,2.657444350486954,3.063241734041996,0.03371461065665934,1,collector,monsoon
3.0,97.97284593008371,505,7,0,2,8.570502446080642,1.0,3.4204108177461006,3.8997367207181823,4.446233888635391,0.031074320263177555,1,local,post_monsoon
2.0,68.43270131913356,467,13,0,0,6.3220874519102646,3.0,2.23688526264873,2.5018278391275386,2.7981509115143544,0.026462764218486104,0,collector,pre_monsoon
1.0,30.206858221234917,455,5,1,1,19.17123234135186,3.0,1.0804781238025336,1.167432976015843,1.2613857915908062,0.01822493528276503,0,collector,dry
5.0,270.51596122985825,726,4,1,1,16.079195162857452,0.0,5.0,5.0,5.0,0.046653703740094504,0,collector,monsoon
5.0,46.66559446626696,542,6,0,1,15.223605147510199,4.0,5.0,5.0,5.0,0.017053862541723634,0,collector,dry
4.0,69.13836383553088,838,2,2,0,16.542777411009563,2.0,4.39918096203502,4.838198284182842,5.0,0.022443759082589197,1,highway,dry
3.0,105.65405537110495,549,10,1,0,14.513574361512484,3.0,3.4213175854486186,3.9018046734999894,4.44977098147704,0.03113809378448013,1,collector,post_monsoon
4.0,401.7056548004134,938,10,1,2,16.72065627890117,1.0,4.534580744688427,5.0,5.0,0.029701474366440387,1,arterial,monsoon
1.0,60.687063107890154,745,6,0,0,8.680496270097926,2.0,1.1117472153922967,1.2359818709325257,1.3740994032845963,0.025025678012800673,0,local,post_monsoon
2.0,129.35932887723237,482,3,0,0,18.88843443639523,2.0,2.1312825013546717,2.2711825502903134,2.420265813407911,0.014945148991502809,0,highway,post_monsoon
2.0,331.007253588334,534,1,2,0,18.442155297686647,1.0,2.448725223299613,2.9981276096118696,3.6707953501637807,0.048364598468920016,1,collector,monsoon
3.0,64.65154226937838,332,3,1,1,13.902409837589696,2.0,3.2096906484614385,3.4340380196069367,3.674066572664474,0.01588944603826389,0,arterial,dry
2.0,131.06745386487583,532,6,2,1,10.560027260574756,1.0,2.4009311400016107,2.882235169514717,3.460024085647853,0.04355401190764373,1,arterial,pre_monsoon
1.0,43.62204695702732,303,1,0,1,5.882353906751299,3.0,1.051596647297126,1.1058555086065562,1.1629139452457127,0.011808084093839972,0,arterial,dry
3.0,57.65636794705867,766,16,2,0,13.143288871020971,1.0,3.4864534881696865,4.051785975056857,4.708787782017998,0.03568561665098155,1,arterial,post_monsoon
4.0,48.01268282430325,431,8,0,1,20.424575898340322,2.0,4.242653625813409,4.500027447156916,4.773014441235038,0.01383692194489224,0,highway,dry
2.0,51.53937641074019,571,9,0,0,6.195814133245009,2.0,2.1958859166329074,2.4109574794333724,2.647093787344258,0.022041697939602138,0,arterial,dry
1.0,358.76499447271124,50,6,0,1,17.09037574262803,3.0,1.0844539094882777,1.1760402818044093,1.2753614813184875,0.019097938426025154,0,collector,monsoon
2.0,47.701542795220035,446,9,2,2,9.642805630467217,4.0,2.129029562765518,2.266383439564766,2.4125986716977925,0.01469470896077267,0,local,dry
2.0,26.327895248144152,425,5,0,1,10.069511075923607,2.0,2.1296409712783686,2.267685333273737,2.414677797853396,0.014762694127473669,0,local,dry
2.0,310.77147332713787,684,6,0,2,6.122705043685658,1.0,2.4815944226379743,3.0791554392339497,3.820607482219176,0.05163134451042129,1,arterial,monsoon
3.0,32.854881014792284,604,12,0,1,8.237535367165144,3.0,3.289793563296895,3.60758056303656,3.9560651051175544,0.021749400167813977,0,collector,dry
3.0,21.552566422688685,703,11,0,1,15.233910427805734,1.0,3.2779969091505743,3.581754578800239,3.913660146214367,0.02089333032680834,0,arterial,dry
3.0,114.87269839575771,588,6,1,1,15.855637843783846,1.0,3.35875962729754,3.76042207798797,4.210117952381439,0.0267076301403086,1,arterial,pre_monsoon
2.0,153.0223740594068,746,15,2,1,13.179290405383025,2.0,2.575353421208565,3.31622262206533,4.270222637612593,0.06077089742771926,1,collector,monsoon
4.0,314.7710964598745,583,6,0,0,9.495935676200737,3.0,5.0,5.0,5.0,0.05861283986035627,1,collector,monsoon
2.0,120.24823483026961,224,4,0,0,6.482213988838806,1.0,2.273413260580529,2.584203926691696,2.937481737492587,0.03034964329223622,0,arterial,pre_monsoon
3.0,238.1679239822395,481,7,1,1,12.30879233405113,2.0,3.5250060215313965,4.141889150610867,4.866728065472956,0.03834659236960925,1,collector,monsoon
4.0,78.3674075699569,492,8,0,1,10.17522847891691,2.0,4.208636917422928,4.4281561756737915,4.659125389263761,0.011934360604064076,0,arterial,pre_monsoon
2.0,13.245801665711326,50,2,2,2,13.055907112187151,0.0,2.1299852064556806,2.2684184898600237,2.415848912726193,0.01480096454720361,0,highway,post_monsoon
1.0,53.306539930695294,296,8,0,2,10.393811500898343,0.0,1.0898926905093986,1.187866076825816,1.2946465544365326,0.020288220543667183,0,collector,dry
4.0,376.75645763836627,908,15,2,2,10.521676066572685,2.0,5.0,5.0,5.0,0.07924075069712719,1,local,monsoon
2.0,73.97256377530273,445,10,0,0,12.794803430562315,3.0,2.2555111053284365,2.5436651731299524,2.868632523115894,0.028450737517528128,0,arterial,post_monsoon
3.0,91.02761210917552,478,9,0,1,13.760962323218612,4.0,3.381165296329459,3.810759587034225,4.2949360227783,0.028301654463129825,1,local,post_monsoon
1.0,41.722741871228756,64,8,1,0,18.119606450488675,3.0,1.0468838923183892,1.0959658839957005,1.1473490304855831,0.010748225289256225,0,collector,dry
3.0,64.89845651391073,230,3,2,1,10.315058329626536,2.0,3.321502270325224,3.6774591105918732,4.0715629282863635,0.024038857520865764,1,arterial,dry
2.0,346.93656309157984,596,3,0,0,14.727472585261381,4.0,2.277012935734361,2.592393954750807,2.9514572847435723,0.030730080422763744,0,local,monsoon
1.0,46.94644548613539,407,7,0,1,21.018110295160376,2.0,1.042387121304442,1.0865709106613617,1.132627523657443,0.009733523689395352,0,local,dry
3.0,52.82690458748616,278,5,1,1,14.860381621137812,3.0,3.1384023178022753,3.283189702795565,3.4346567243460546,0.010579267556700198,0,highway,post_monsoon
2.0,299.4652921911925,759,1,0,0,17.821254967824895,2.0,2.2657434135949455,2.566796608124438,2.9078512544478956,0.029537500994375687,0,local,monsoon
2.0,470.1942683041693,359,5,1,1,8.896863303656382,2.0,2.3141004379121255,2.6775304183725455,3.0980371568394727,0.034623127171089285,1,arterial,monsoon
1.0,57.457808535139364,239,8,0,1,8.398221798258284,2.0,1.0466215126531573,1.0954165907483833,1.1464865691944375,0.010689110906739803,0,collector,dry
1.0,262.23988793545846,508,9,1,0,11.203129358075312,3.0,1.127601666638186,1.2714855186052147,1.4337291898855586,0.028417990842677227,0,collector,monsoon
2.0,281.98160804536536,337,3,2,2,11.735300573931305,1.0,2.2640558447606423,2.5629744340974123,2.901358623745173,0.029358525422115013,0,arterial,monsoon
1.0,96.13461679392204,336,6,0,1,17.354122585579724,2.0,1.1287856794004072,1.2741571100194389,1.4382502990961519,0.028669858492616853,0,local,post_monsoon
5.0,17.189554189342946,487,8,2,0,8.351580254093227,2.0,5.0,5.0,5.0,0.017671713616593324,0,collector,dry
1.0,50.98620321421375,371,1,0,0,11.556860449012067,1.0,1.0347139084374521,1.0706328723139078,1.1077987238135392,0.007994278315718103,0,highway,dry
3.0,121.65691309443334,166,3,1,2,17.37412623506605,4.0,3.2542814010547962,3.5301158124170553,3.8293300773060874,0.01916515038320044,0,collector,pre_monsoon
1.0,28.933484040188482,611,6,0,2,13.077717916993375,2.0,1.09534475792327,1.1997801387099871,1.3141728855964383,0.021476848634425852,0,collector,dry
2.0,325.7364526467546,673,3,0,0,11.945915148477088,4.0,2.2906282466786476,2.6234888822410474,3.004718869254367,0.032164878216682596,1,arterial,monsoon
5.0,135.1296825039775,449,5,1,2,13.192488107334654,2.0,5.0,5.0,5.0,0.02896320704998182,0,arterial,post_monsoon
2.0,89.47526811335764,624,16,1,1,6.362237492445686,1.0,2.3734137134425164,2.8165463275784974,3.3424148392104818,0.04075092462812375,1,local,pre_monsoon
5.0,75.6100966334262,426,1,0,0,6.281234428790198,3.0,5.0,5.0,5.0,0.013704476916222907,0,highway,post_monsoon
2.0,52.653256137533404,118,12,0,1,4.058931241831959,1.0,2.100641524586384,2.2063474074083036,2.3173724908326974,0.011521508398529369,0,collector,dry
4.0,48.24839329624935,679,8,0,1,13.033408936848016,4.0,4.2439386173241695,4.502753746903846,4.777352627696582,0.013908562204967766,0,local,dry
3.0,34.1389033846234,480,2,0,0,16.594273749215084,2.0,3.132664144996921,3.2711948817830967,3.4158516391531157,0.010147831155384568,0,collector,dry
4.0,21.259382732876286,530,9,0,0,15.827932423019352,3.0,4.426303420367301,4.898040492288816,5.0,0.023911162541180614,1,highway,dry
3.0,69.98160503459125,478,7,1,1,17.718139962824075,3.0,3.3849526318168004,3.8193014398811607,4.309384820209143,0.028570299176709786,1,arterial,post_monsoon
3.0,58.007846379301306,463,11,2,1,19.271111095269376,3.0,3.309563506726111,3.651070201684411,4.027816233329957,0.023178820256931826,1,collector,dry
2.0,363.6122314246962,528,9,1,1,12.723236922440815,1.0,2.574171195394546,3.313178671599493,4.264344550813491,0.06065725554506032,1,collector,monsoon
2.0,134.77570338619068,532,7,0,0,11.676961411132256,3.0,2.168372712326645,2.3509201097814056,2.5488355074549807,0.019039266135998906,0,collector,pre_monsoon
5.0,56.34930635025967,752,5,2,1,19.3798234742123,4.0,5.0,5.0,5.0,0.025926627653638484,0,arterial,post_monsoon
2.0,45.08270644662415,587,11,0,0,8.494924016614565,1.0,2.1280213255953417,2.2642373810942775,2.4091727165893846,0.014582565992403297,0,collector,dry
2.0,34.046797826833185,735,5,1,2,6.10733689808376,3.0,2.231307664802808,2.48936694750388,2.777271775236089,0.025864987499166808,0,collector,dry
4.0,55.612803100947374,801,1,0,1,10.30560273715449,1.0,4.281980551801479,4.583839361501524,4.906977749632909,0.016021963977323993,0,arterial,dry
2.0,68.79412313420849,177,1,1,0,9.721283453328923,1.0,2.1019333849804234,2.2090619774476306,2.3216505599440227,0.011666623693012529,0,local,pre_monsoon
5.0,20.527119774204653,755,2,0,1,12.241633729105105,2.0,5.0,5.0,5.0,0.01607156906949721,0,local,dry
4.0,85.49382387818873,630,10,0,1,7.749901544284403,1.0,4.531121772113716,5.0,5.0,0.029518147916791946,1,local,post_monsoon
3.0,331.62020110089014,597,5,1,0,13.848665723816662,3.0,3.6873544226813886,4.532194212822665,5.0,0.0493133059048788,1,collector,monsoon
4.0,358.5366954002619,697,3,2,0,9.154439798047584,3.0,4.867370232090665,5.0,5.0,0.04685859825165851,1,arterial,monsoon
1.0,287.2631506202748,447,5,0,2,18.141019131779366,3.0,1.1756473815733492,1.3821467658002722,1.6249172261631633,0.03847963806596612,0,collector,monsoon
2.0,32.90773906668874,620,10,0,0,6.027172482801466,2.0,2.1967303399328455,2.4128120931907375,2.650148764834485,0.022133390019742703,0,arterial,dry
3.0,103.38195948473273,288,9,0,0,11.302635919739489,3.0,3.3914902654617496,3.8340687402406024,4.334402269879065,0.029033487348097832,1,collector,pre_monsoon
2.0,51.67554763271832,217,7,2,1,10.325428542112443,3.0,2.1917679050539465,2.4019232748122827,2.6322291720678157,0.021594154055015143,0,arterial,post_monsoon
4.0,91.49065093039671,606,4,2,0,13.15444961335234,2.0,4.556147755097843,5.0,5.0,0.030842119687474356,1,collector,post_monsoon
5.0,122.91350789693678,486,5,0,0,16.633522414133534,3.0,5.0,5.0,5.0,0.0220591862663738,0,arterial,post_monsoon
3.0,13.174908902898352,499,6,0,0,13.331054531944716,1.0,3.197202418769991,3.407367768862893,3.6313481574157835,0.014965791273275386,0,arterial,post_monsoon
2.0,18.5157161210033,340,3,0,2,11.357044008243932,5.0,2.1090877448735736,2.2241255577879486,2.345437978495332,0.012469040764868024,0,highway,dry
5.0,37.18712945649475,578,6,0,0,15.45627518882647,3.0,5.0,5.0,5.0,0.012070310978460261,0,highway,dry
3.0,72.35131732935531,414,3,0,1,16.215123847080754,1.0,3.2079616355299168,3.430339285010593,3.6681322743883698,0.015761729247370557,0,collector,dry
3.0,33.46567631871019,490,8,0,0,13.345998983521714,2.0,3.164273797762033,3.337542889067786,3.520299837594731,0.012516991571896913,0,arterial,dry
2.0,62.71216712158412,402,8,0,1,13.937959136532477,9.0,2.218083112505761,2.459946346991622,2.728182724966177,0.024443059719640975,0,highway,dry
5.0,133.3512809968256,339,11,0,1,15.233177731478069,3.0,5.0,5.0,5.0,0.02605639004056952,0,highway,pre_monsoon
3.0,284.04183268257646,458,8,1,1,3.7803663707537467,2.0,3.3537143971440826,3.749133419203832,4.191174241599304,0.026347569330935582,1,local,monsoon
4.0,146.5329662939459,737,7,2,1,10.245973942717717,2.0,4.60079080497704,5.0,5.0,0.033190130400316355,1,collector,post_monsoon
4.0,341.4979888959661,405,3,2,1,13.881169656043319,3.0,4.703820163850506,5.0,5.0,0.038543043181965095,1,arterial,monsoon
2.0,34.47811120454827,474,6,1,2,10.541962581128125,1.0,2.132532519237298,2.273847472802288,2.424526839768213,0.015084015317386134,0,arterial,post_monsoon
3.0,58.495765067281205,446,2,2,0,10.559265551809052,4.0,3.249727529948823,3.520243006302426,3.813276869896934,0.018832199575735096,0,local,dry
4.0,14.982587283743694,372,1,0,1,13.87450771399967,3.0,4.207333268602718,4.425413308272808,4.65479715980335,0.01186121304169171,0,local,dry
2.0,309.08839605259027,745,5,0,2,13.988224870077152,2.0,2.4016865422758684,2.8840491236745085,3.46329098379579,0.04363061352302725,1,collector,monsoon
4.0,43.072964621285315,227,4,0,0,14.33529677285443,0.0,4.16268967962192,4.3319963422077095,4.508189116466984,0.009345715425191444,0,collector,dry
5.0,47.15672091726297,482,9,0,2,8.038882691398472,1.0,5.0,5.0,5.0,0.020512661878818738,0,collector,dry
3.0,60.34868302888418,331,3,1,1,4.91098319722909,1.0,3.2845075796729906,3.5959966803097756,3.937026117652124,0.021366093820564886,0,local,dry
4.0,49.58386700122841,613,18,0,0,16.02193391176255,2.0,4.362621683205398,4.758116987693476,5.0,0.020454780438986075,1,local,dry
4.0,225.60722362629758,526,5,1,0,8.287922462557503,2.0,4.640863675898345,5.0,5.0,0.035282941164587606,1,collector,monsoon
4.0,75.31171162946993,736,6,1,0,7.942373218638619,1.0,4.365970746473167,4.765425139764864,5.0,0.02063751411269286,1,arterial,pre_monsoon
2.0,391.347786887208,646,4,2,0,7.491242372939879,2.0,2.5014032682482283,3.1285091552014594,3.9128315127827173,0.05358408249188064,1,arterial,monsoon
1.0,425.366095381612,516,10,1,1,17.755150706677696,4.0,1.3706173131917079,1.8785918192208564,2.574830471844413,0.07633414166807592,1,local,monsoon
3.0,113.35805225444716,648,6,0,0,13.060134060432317,3.0,3.3054127458537788,3.6419178068175384,4.012680512668844,0.022879253084599534,1,local,pre_monsoon
3.0,34.96626184092663,667,3,1,0,13.712616991922673,1.0,3.1691251732801042,3.3477847879725506,3.5365163487626683,0.012878996811220726,0,arterial,dry
3.0,30.179603893813823,317,1,1,2,15.447755916137343,1.0,3.2486392332051106,3.5178856225064967,3.8094470837342627,0.01875257711650516,0,arterial,dry
4.0,47.48165577629008,654,9,1,0,11.788147347922267,2.0,4.410433948758686,4.862981904090785,5.0,0.02305341778131344,1,local,dry
2.0,363.1047018665978,559,9,0,2,17.06344231332854,2.0,2.525551070710732,3.1892041053840625,4.027248921533891,0.0559485800622228,1,collector,monsoon
3.0,333.3812181777298,597,8,0,1,6.01598422010221,5.0,3.5388039146768078,4.174377715510634,4.924101400329555,0.03929353006074578,1,collector,monsoon
2.0,320.62927896043254,418,6,0,1,6.571964971229968,4.0,2.2748438286268877,2.5874572223209187,2.943030547016406,0.030500890306132997,0,collector,monsoon
4.0,56.2564496539146,329,5,0,1,6.296152671669807,0.0,4.294502931959894,4.610688858153032,4.950154204923253,0.016714489495849805,0,local,dry
3.0,418.39740090971964,293,10,0,0,14.108342487851665,2.0,3.6950969443638653,4.551247142749057,5.0,0.04982699487185458,1,local,monsoon
2.0,289.7985957170316,50,6,0,1,14.532088480993448,0.0,2.1773346307240975,2.370393047075221,2.5805694349122477,0.020020444177433514,0,arterial,monsoon
2.0,97.55176035666913,358,11,2,2,9.637089816432484,4.0,2.326886751254007,2.7072009765807135,3.1496750426937856,0.0359542074636874,1,collector,pre_monsoon
4.0,232.72631568531654,987,6,0,0,10.837808256056125,1.0,4.632953130063021,5.0,5.0,0.0348709124846119,1,arterial,monsoon
3.0,83.70104913998472,664,6,1,0,18.340353003976162,2.0,3.250833431798676,3.5226393337666515,3.8171712381258818,0.0189130891288411,0,local,pre_monsoon
2.0,337.48246737431504,563,8,1,0,8.527819020234535,1.0,2.4474910740730613,2.995106278833654,3.6652479416727752,0.04824128779394819,1,local,monsoon
5.0,339.62451308319845,692,12,1,2,13.477163956266429,3.0,5.0,5.0,5.0,0.068664461404315,0,arterial,monsoon
4.0,37.40758066485377,447,11,0,2,8.571420644900652,2.0,4.387908346762139,4.813434914896214,5.0,0.021831837037445366,1,arterial,dry
5.0,349.67134952292633,421,6,1,1,17.47987162470085,5.0,5.0,5.0,5.0,0.04773233796267865,0,arterial,monsoon
3.0,48.458223294318955,441,5,1,0,15.14213092136334,0.0,3.1861154711377155,3.383777265141037,3.5937016984499754,0.014143457452980174,0,collector,dry
3.0,38.81282460593803,352,2,2,1,5.005392869977063,1.0,3.292646350334019,3.613839996122646,3.9663656913081127,0.021956070228698985,0,arterial,dry
4.0,93.78933847049564,369,9,0,1,10.69599485176027,4.0,4.366623058386694,4.766849233508592,5.0,0.020673093456105872,1,local,post_monsoon
3.0,92.17522419520388,496,1,1,1,3.0,3.0,3.2317593147320305,3.4814227561190814,3.7503734735359666,0.017514974600839277,0,local,post_monsoon
4.0,43.318187948758684,512,13,2,0,16.50227790505415,0.0,4.553560385520752,5.0,5.0,0.030705496576315404,1,collector,dry
2.0,44.15986232938529,765,10,0,0,22.236544754607174,1.0,2.1552779073763495,2.322611429012288,2.5029365501849985,0.01760000169710467,0,local,pre_monsoon
3.0,52.55534509556398,704,4,1,1,3.0,3.0,3.2764520623453417,3.578379372282347,3.9081294913895084,0.020781047715591288,0,collector,dry
1.0,110.90741768663958,202,11,0,0,4.864506545314763,3.0,1.095193917260376,1.1994497164041273,1.3136300334654831,0.021444024306804834,0,highway,pre_monsoon
2.0,65.31371812860732,441,9,0,1,12.836600417849265,4.0,2.2170707647387036,2.45770138792953,2.724448947818148,0.024333942693825675,0,arterial,post_monsoon
1.0,53.54845706773706,278,8,2,0,11.907705948552733,1.0,1.059100582791999,1.121694044470352,1.1879868162128642,0.013488165114425079,0,arterial,post_monsoon
1.0,370.6130174733272,50,5,0,0,9.945774140974397,1.0,1.1305002476290396,1.27803080988932,1.4448141470574185,0.029034229118977913,0,collector,monsoon
5.0,123.9107160797133,517,9,1,0,3.3118999137443303,0.0,5.0,5.0,5.0,0.03664106629131414,0,collector,pre_monsoon
2.0,192.01284693691335,615,1,0,0,13.617234149875644,4.0,2.259280267516541,2.5521736635948065,2.883037798717573,0.028851495440712388,0,arterial,monsoon
3.0,44.09369777749054,514,7,0,1,16.437569259734893,0.0,3.223306103836624,3.463234079676812,3.721021182679094,0.016893338542485727,0,collector,dry
4.0,76.99504141031409,587,4,2,2,26.234927243771157,1.0,4.730746102818962,5.0,5.0,0.03992715322385175,1,collector,post_monsoon
3.0,73.52965823767695,433,5,0,0,18.536439610684106,2.0,3.376642639456219,3.8005718381979534,4.277724307725237,0.02798054924823306,1,local,post_monsoon
2.0,306.63510721087874,294,4,0,0,5.506420040293815,2.0,2.347508743244864,2.7553986498055396,3.2341612107717985,0.03808922996441732,1,collector,monsoon
4.0,42.91239393542495,426,4,0,1,11.940542944191158,1.0,4.206935682460591,4.4245769590900395,4.653477672247216,0.011838901078188269,0,collector,dry
3.0,26.23670622487098,773,12,0,0,14.960388607243576,1.0,3.220906167063131,3.458078845675103,3.7127158267418308,0.016716623130438417,0,highway,dry
4.0,46.19329965072023,574,1,0,2,8.558692762383519,0.0,4.231620643149085,4.476653316881367,4.735874646984254,0.013221130538502428,0,local,dry
4.0,92.53341567952157,195,8,1,2,15.900060007714448,1.0,4.416138265956572,4.875569296011482,5.0,0.023362008053665152,1,collector,post_monsoon
5.0,53.86553847359028,526,2,1,2,15.516888949684674,2.0,5.0,5.0,5.0,0.01913985975386991,0,collector,pre_monsoon
3.0,32.2909614855542,754,12,0,0,18.186798578679166,0.0,3.181676672545919,3.3743554828742903,3.5787027082461833,0.01381361073333259,0,collector,dry
2.0,113.19717610049565,652,8,1,0,16.011213766337598,3.0,2.3012479738555394,2.6478711185871124,3.0467040233395966,0.03327946580207453,1,arterial,pre_monsoon
3.0,71.18361282839813,757,1,1,1,13.425718250538795,1.0,3.346961018537128,3.734049353202363,4.165905875487363,0.02586495326578014,1,arterial,post_monsoon
1.0,40.73196067570944,202,8,2,1,8.810341264955571,3.0,1.091863215915544,1.1921652822694335,1.301681419001566,0.020718348011755566,0,collector,dry
4.0,108.14318573433918,525,4,2,0,5.534607027534213,3.0,4.745201200480983,5.0,5.0,0.04066771794726751,1,local,post_monsoon
1.0,100.37468636990661,430,7,2,0,13.095080690769759,4.0,1.1107402709387686,1.2337439494851288,1.3703690887201783,0.02480897655439525,0,arterial,post_monsoon
2.0,58.076635453136845,618,1,0,1,9.980829541448244,1.0,2.166291629837115,2.3464097127511723,2.5415038604506868,0.018810978230006447,0,arterial,post_monsoon
4.0,99.08011024507624,330,11,0,2,10.464013811634285,0.0,4.282902183115069,4.585812777532955,4.910146889063217,0.016072985872269446,0,arterial,pre_monsoon
3.0,32.83705220501945,326,1,1,1,17.608952453596842,0.0,3.151546992859795,3.310749482734539,3.477994192141386,0.011565302472459045,0,local,dry
